input,accept,reject,abstain,accept_per_round,reject_per_round,abstain_per_round,net_per_round
0,10350,64462,0,1035.0,6446.2,0.0,-5411.2
1,4650,63117,0,465.0,6311.7,0.0,-5846.7
2,7030,63139,0,703.0,6313.9,0.0,-5610.9
3,4650,62338,0,465.0,6233.8,0.0,-5768.8
4,13780,65944,0,1378.0,6594.4,0.0,-5216.4
5,11760,65707,0,1176.0,6570.7,0.0,-5394.7
6,9900,69283,0,990.0,6928.3,0.0,-5938.3
7,17700,66804,0,1770.0,6680.4,0.0,-4910.4
8,15400,65113,0,1540.0,6511.3,0.0,-4971.3
9,8610,72186,0,861.0,7218.6,0.0,-6357.6
10,8610,63932,0,861.0,6393.2,0.0,-5532.2
11,11280,65227,0,1128.0,6522.7,0.0,-5394.7
12,9030,64432,0,903.0,6443.2,0.0,-5540.2
13,21450,66747,0,2145.0,6674.7,0.0,-4529.7
14,7410,63406,0,741.0,6340.6,0.0,-5599.6
15,34860,70547,0,3486.0,7054.7,0.0,-3568.7
16,10350,65357,0,1035.0,6535.7,0.0,-5500.7
17,14850,66051,0,1485.0,6605.1,0.0,-5120.1
18,20800,68029,0,2080.0,6802.9,0.0,-4722.9
19,7030,63495,0,703.0,6349.5,0.0,-5646.5
20,8610,64484,0,861.0,6448.4,0.0,-5587.4
21,9900,64416,0,990.0,6441.6,0.0,-5451.6
22,10350,62948,0,1035.0,6294.8,0.0,-5259.8
23,9460,64500,0,946.0,6450.0,0.0,-5504.0
24,7410,63616,0,741.0,6361.6,0.0,-5620.6
25,14850,64386,0,1485.0,6438.6,0.0,-4953.6
26,6660,63285,0,666.0,6328.5,0.0,-5662.5
27,11760,65706,0,1176.0,6570.6,0.0,-5394.6
28,5950,62635,0,595.0,6263.5,0.0,-5668.5
29,14310,65495,0,1431.0,6549.5,0.0,-5118.5
30,8610,63737,0,861.0,6373.7,0.0,-5512.7
31,5950,61379,0,595.0,6137.9,0.0,-5542.9
32,13260,66455,0,1326.0,6645.5,0.0,-5319.5
33,10350,65891,0,1035.0,6589.1,0.0,-5554.1
34,14310,66098,0,1431.0,6609.8,0.0,-5178.8
35,7800,63114,0,780.0,6311.4,0.0,-5531.4
36,9900,65039,0,990.0,6503.9,0.0,-5513.9
37,12750,64654,0,1275.0,6465.4,0.0,-5190.4
38,9030,63009,0,903.0,6300.9,0.0,-5397.9
39,7410,63608,0,741.0,6360.8,0.0,-5619.8
40,7410,63505,0,741.0,6350.5,0.0,-5609.5
41,7410,62370,0,741.0,6237.0,0.0,-5496.0
42,14310,66242,0,1431.0,6624.2,0.0,-5193.2
43,11760,64646,0,1176.0,6464.6,0.0,-5288.6
44,15400,67282,0,1540.0,6728.2,0.0,-5188.2
45,7030,62256,0,703.0,6225.6,0.0,-5522.6
46,7030,62938,0,703.0,6293.8,0.0,-5590.8
47,17110,67808,0,1711.0,6780.8,0.0,-5069.8
48,5950,63030,0,595.0,6303.0,0.0,-5708.0
49,13260,63659,0,1326.0,6365.9,0.0,-5039.9
50,9030,64390,0,903.0,6439.0,0.0,-5536.0
51,9900,65144,0,990.0,6514.4,0.0,-5524.4
52,6660,63212,0,666.0,6321.2,0.0,-5655.2
53,10350,65444,0,1035.0,6544.4,0.0,-5509.4
54,13260,64805,0,1326.0,6480.5,0.0,-5154.5
55,18910,66429,0,1891.0,6642.9,0.0,-4751.9
56,5950,62549,0,595.0,6254.9,0.0,-5659.9
57,13260,65655,0,1326.0,6565.5,0.0,-5239.5
58,22110,67299,0,2211.0,6729.9,0.0,-4518.9
59,10810,64462,0,1081.0,6446.2,0.0,-5365.2
60,8610,64142,0,861.0,6414.2,0.0,-5553.2
61,8200,63445,0,820.0,6344.5,0.0,-5524.5
62,22780,66119,0,2278.0,6611.9,0.0,-4333.9
63,10350,64265,0,1035.0,6426.5,0.0,-5391.5
64,14850,66270,0,1485.0,6627.0,0.0,-5142.0
65,8610,64959,0,861.0,6495.9,0.0,-5634.9
66,18300,66646,0,1830.0,6664.6,0.0,-4834.6
67,9460,64255,0,946.0,6425.5,0.0,-5479.5
68,15400,65537,0,1540.0,6553.7,0.0,-5013.7
69,9030,63744,0,903.0,6374.4,0.0,-5471.4
70,22780,66792,0,2278.0,6679.2,0.0,-4401.2
71,4060,60995,0,406.0,6099.5,0.0,-5693.5
72,12750,64994,0,1275.0,6499.4,0.0,-5224.4
73,10810,167549,0,1081.0,16754.9,0.0,-15673.9
74,10810,63673,0,1081.0,6367.3,0.0,-5286.3
75,19530,66530,0,1953.0,6653.0,0.0,-4700.0
76,6300,62931,0,630.0,6293.1,0.0,-5663.1
77,7800,62748,0,780.0,6274.8,0.0,-5494.8
78,9460,64188,0,946.0,6418.8,0.0,-5472.8
79,21450,66647,0,2145.0,6664.7,0.0,-4519.7
80,16530,66285,0,1653.0,6628.5,0.0,-4975.5
81,11280,64159,0,1128.0,6415.9,0.0,-5287.9
82,10350,64912,0,1035.0,6491.2,0.0,-5456.2
83,10810,64964,0,1081.0,6496.4,0.0,-5415.4
84,10350,64364,0,1035.0,6436.4,0.0,-5401.4
85,12750,64404,0,1275.0,6440.4,0.0,-5165.4
86,6300,62394,0,630.0,6239.4,0.0,-5609.4
87,5950,63303,0,595.0,6330.3,0.0,-5735.3
88,10810,64698,0,1081.0,6469.8,0.0,-5388.8
89,9030,64052,0,903.0,6405.2,0.0,-5502.2
90,13260,65627,0,1326.0,6562.7,0.0,-5236.7
91,10810,64714,0,1081.0,6471.4,0.0,-5390.4
92,10350,63858,0,1035.0,6385.8,0.0,-5350.8
93,13780,65369,0,1378.0,6536.9,0.0,-5158.9
94,18300,66227,0,1830.0,6622.7,0.0,-4792.7
95,11280,65877,0,1128.0,6587.7,0.0,-5459.7
96,10810,65225,0,1081.0,6522.5,0.0,-5441.5
97,11280,65793,0,1128.0,6579.3,0.0,-5451.3
98,10810,64028,0,1081.0,6402.8,0.0,-5321.8
99,7030,63695,0,703.0,6369.5,0.0,-5666.5
100,9460,63846,0,946.0,6384.6,0.0,-5438.6
101,7030,64053,0,703.0,6405.3,0.0,-5702.3
102,10810,64971,0,1081.0,6497.1,0.0,-5416.1
103,13260,65817,0,1326.0,6581.7,0.0,-5255.7
104,6300,63544,0,630.0,6354.4,0.0,-5724.4
105,10810,65738,0,1081.0,6573.8,0.0,-5492.8
106,9030,65029,0,903.0,6502.9,0.0,-5599.9
107,5950,63304,0,595.0,6330.4,0.0,-5735.4
108,14850,66665,0,1485.0,6666.5,0.0,-5181.5
109,14310,65763,0,1431.0,6576.3,0.0,-5145.3
110,10810,65417,0,1081.0,6541.7,0.0,-5460.7
111,5950,63114,0,595.0,6311.4,0.0,-5716.4
112,16530,66423,0,1653.0,6642.3,0.0,-4989.3
113,14850,65847,0,1485.0,6584.7,0.0,-5099.7
114,12750,63342,0,1275.0,6334.2,0.0,-5059.2
115,6300,63398,0,630.0,6339.8,0.0,-5709.8
116,13260,66104,0,1326.0,6610.4,0.0,-5284.4
117,9460,64870,0,946.0,6487.0,0.0,-5541.0
118,7410,63681,0,741.0,6368.1,0.0,-5627.1
119,5610,62041,0,561.0,6204.1,0.0,-5643.1
120,19530,66577,0,1953.0,6657.7,0.0,-4704.7
121,12250,65990,0,1225.0,6599.0,0.0,-5374.0
122,13260,66182,0,1326.0,6618.2,0.0,-5292.2
123,12250,65306,0,1225.0,6530.6,0.0,-5305.6
124,4960,63032,0,496.0,6303.2,0.0,-5807.2
125,12750,65831,0,1275.0,6583.1,0.0,-5308.1
126,9460,64100,0,946.0,6410.0,0.0,-5464.0
127,12250,67548,0,1225.0,6754.8,0.0,-5529.8
128,22110,67999,0,2211.0,6799.9,0.0,-4588.9
129,8610,64518,0,861.0,6451.8,0.0,-5590.8
130,15400,66387,0,1540.0,6638.7,0.0,-5098.7
131,3780,61820,0,378.0,6182.0,0.0,-5804.0
132,7410,64200,0,741.0,6420.0,0.0,-5679.0
133,19530,65162,0,1953.0,6516.2,0.0,-4563.2
134,15960,67036,0,1596.0,6703.6,0.0,-5107.6
135,13780,66082,0,1378.0,6608.2,0.0,-5230.2
136,12250,64838,0,1225.0,6483.8,0.0,-5258.8
137,12250,64830,0,1225.0,6483.0,0.0,-5258.0
138,14850,65762,0,1485.0,6576.2,0.0,-5091.2
139,4350,61752,0,435.0,6175.2,0.0,-5740.2
140,10810,65294,0,1081.0,6529.4,0.0,-5448.4
141,12250,66077,0,1225.0,6607.7,0.0,-5382.7
142,11760,64686,0,1176.0,6468.6,0.0,-5292.6
143,18300,63517,0,1830.0,6351.7,0.0,-4521.7
144,10810,65469,0,1081.0,6546.9,0.0,-5465.9
145,7410,62639,0,741.0,6263.9,0.0,-5522.9
146,11280,64935,0,1128.0,6493.5,0.0,-5365.5
147,22780,68013,0,2278.0,6801.3,0.0,-4523.3
148,9460,64029,0,946.0,6402.9,0.0,-5456.9
149,5950,66992,0,595.0,6699.2,0.0,-6104.2
150,13780,65698,0,1378.0,6569.8,0.0,-5191.8
151,13260,66402,0,1326.0,6640.2,0.0,-5314.2
152,12250,65616,0,1225.0,6561.6,0.0,-5336.6
153,6300,63152,0,630.0,6315.2,0.0,-5685.2
154,14310,65508,0,1431.0,6550.8,0.0,-5119.8
155,6660,63553,0,666.0,6355.3,0.0,-5689.3
156,9460,63605,0,946.0,6360.5,0.0,-5414.5
157,9030,64263,0,903.0,6426.3,0.0,-5523.3
158,8610,64606,0,861.0,6460.6,0.0,-5599.6
159,8610,61482,0,861.0,6148.2,0.0,-5287.2
160,16530,66440,0,1653.0,6644.0,0.0,-4991.0
161,15400,66742,0,1540.0,6674.2,0.0,-5134.2
162,14850,67022,0,1485.0,6702.2,0.0,-5217.2
163,5280,62681,0,528.0,6268.1,0.0,-5740.1
164,15960,66492,0,1596.0,6649.2,0.0,-5053.2
165,22110,67720,0,2211.0,6772.0,0.0,-4561.0
166,9030,63991,0,903.0,6399.1,0.0,-5496.1
167,12250,65017,0,1225.0,6501.7,0.0,-5276.7
168,6300,62985,0,630.0,6298.5,0.0,-5668.5
169,10350,64936,0,1035.0,6493.6,0.0,-5458.6
170,15960,65731,0,1596.0,6573.1,0.0,-4977.1
171,7410,62698,0,741.0,6269.8,0.0,-5528.8
172,21450,67189,0,2145.0,6718.9,0.0,-4573.9
173,15400,66248,0,1540.0,6624.8,0.0,-5084.8
174,6300,62038,0,630.0,6203.8,0.0,-5573.8
175,13260,66301,0,1326.0,6630.1,0.0,-5304.1
176,13260,66772,0,1326.0,6677.2,0.0,-5351.2
177,3780,60820,0,378.0,6082.0,0.0,-5704.0
178,7410,64106,0,741.0,6410.6,0.0,-5669.6
179,9460,64237,0,946.0,6423.7,0.0,-5477.7
180,15960,65910,0,1596.0,6591.0,0.0,-4995.0
181,13780,66274,0,1378.0,6627.4,0.0,-5249.4
182,7800,64423,0,780.0,6442.3,0.0,-5662.3
183,12250,65792,0,1225.0,6579.2,0.0,-5354.2
184,7030,62684,0,703.0,6268.4,0.0,-5565.4
185,25560,66655,0,2556.0,6665.5,0.0,-4109.5
186,19530,66298,0,1953.0,6629.8,0.0,-4676.8
187,16530,65919,0,1653.0,6591.9,0.0,-4938.9
188,15400,66034,0,1540.0,6603.4,0.0,-5063.4
189,14850,66059,0,1485.0,6605.9,0.0,-5120.9
190,9900,65154,0,990.0,6515.4,0.0,-5525.4
191,12750,65141,0,1275.0,6514.1,0.0,-5239.1
192,8610,64487,0,861.0,6448.7,0.0,-5587.7
193,10350,64231,0,1035.0,6423.1,0.0,-5388.1
194,11760,65279,0,1176.0,6527.9,0.0,-5351.9
195,9460,64968,0,946.0,6496.8,0.0,-5550.8
196,6660,62703,0,666.0,6270.3,0.0,-5604.3
197,8200,63993,0,820.0,6399.3,0.0,-5579.3
198,12750,64250,0,1275.0,6425.0,0.0,-5150.0
199,7410,64007,0,741.0,6400.7,0.0,-5659.7
200,9900,64236,0,990.0,6423.6,0.0,-5433.6
201,9900,64444,0,990.0,6444.4,0.0,-5454.4
202,7410,63313,0,741.0,6331.3,0.0,-5590.3
203,14310,65888,0,1431.0,6588.8,0.0,-5157.8
204,12250,65436,0,1225.0,6543.6,0.0,-5318.6
205,10350,64903,0,1035.0,6490.3,0.0,-5455.3
206,17110,67657,0,1711.0,6765.7,0.0,-5054.7
207,5610,63115,0,561.0,6311.5,0.0,-5750.5
208,12750,65697,0,1275.0,6569.7,0.0,-5294.7
209,9900,64619,0,990.0,6461.9,0.0,-5471.9
210,15400,66078,0,1540.0,6607.8,0.0,-5067.8
211,8610,62955,0,861.0,6295.5,0.0,-5434.5
212,14850,67025,0,1485.0,6702.5,0.0,-5217.5
213,9460,64469,0,946.0,6446.9,0.0,-5500.9
214,9460,63850,0,946.0,6385.0,0.0,-5439.0
215,10350,63725,0,1035.0,6372.5,0.0,-5337.5
216,9460,65780,0,946.0,6578.0,0.0,-5632.0
217,20800,66905,0,2080.0,6690.5,0.0,-4610.5
218,6300,63767,0,630.0,6376.7,0.0,-5746.7
219,17110,65519,0,1711.0,6551.9,0.0,-4840.9
220,19530,66307,0,1953.0,6630.7,0.0,-4677.7
221,23460,65535,0,2346.0,6553.5,0.0,-4207.5
222,5610,62224,0,561.0,6222.4,0.0,-5661.4
223,12250,65231,0,1225.0,6523.1,0.0,-5298.1
224,7800,63929,0,780.0,6392.9,0.0,-5612.9
225,5610,63659,0,561.0,6365.9,0.0,-5804.9
226,13260,65529,0,1326.0,6552.9,0.0,-5226.9
227,7410,62715,0,741.0,6271.5,0.0,-5530.5
228,14850,65871,0,1485.0,6587.1,0.0,-5102.1
229,12250,65730,0,1225.0,6573.0,0.0,-5348.0
230,9460,63841,0,946.0,6384.1,0.0,-5438.1
231,22780,68017,0,2278.0,6801.7,0.0,-4523.7
232,10810,64158,0,1081.0,6415.8,0.0,-5334.8
233,10810,65659,0,1081.0,6565.9,0.0,-5484.9
234,8200,64701,0,820.0,6470.1,0.0,-5650.1
235,6300,63690,0,630.0,6369.0,0.0,-5739.0
236,11760,65315,0,1176.0,6531.5,0.0,-5355.5
237,10350,65613,0,1035.0,6561.3,0.0,-5526.3
238,10350,65258,0,1035.0,6525.8,0.0,-5490.8
239,5950,63323,0,595.0,6332.3,0.0,-5737.3
240,12750,66620,0,1275.0,6662.0,0.0,-5387.0
241,8200,64193,0,820.0,6419.3,0.0,-5599.3
242,18300,66061,0,1830.0,6606.1,0.0,-4776.1
243,14850,65517,0,1485.0,6551.7,0.0,-5066.7
244,6660,62572,0,666.0,6257.2,0.0,-5591.2
245,24150,66321,0,2415.0,6632.1,0.0,-4217.1
246,15960,65182,0,1596.0,6518.2,0.0,-4922.2
247,14310,63566,0,1431.0,6356.6,0.0,-4925.6
248,10810,64105,0,1081.0,6410.5,0.0,-5329.5
249,9030,64192,0,903.0,6419.2,0.0,-5516.2
250,6660,63177,0,666.0,6317.7,0.0,-5651.7
251,9460,64339,0,946.0,6433.9,0.0,-5487.9
252,8610,63117,0,861.0,6311.7,0.0,-5450.7
253,10350,63812,0,1035.0,6381.2,0.0,-5346.2
254,15400,74961,0,1540.0,7496.1,0.0,-5956.1
255,15960,64917,0,1596.0,6491.7,0.0,-4895.7
256,7410,62982,0,741.0,6298.2,0.0,-5557.2
257,10810,63995,0,1081.0,6399.5,0.0,-5318.5
258,10350,64804,0,1035.0,6480.4,0.0,-5445.4
259,11760,64592,0,1176.0,6459.2,0.0,-5283.2
260,7800,63197,0,780.0,6319.7,0.0,-5539.7
261,17700,66392,0,1770.0,6639.2,0.0,-4869.2
262,9460,64136,0,946.0,6413.6,0.0,-5467.6
263,11760,65244,0,1176.0,6524.4,0.0,-5348.4
264,7410,63226,0,741.0,6322.6,0.0,-5581.6
265,11280,65903,0,1128.0,6590.3,0.0,-5462.3
266,19530,67184,0,1953.0,6718.4,0.0,-4765.4
267,15400,66861,0,1540.0,6686.1,0.0,-5146.1
268,8610,63379,0,861.0,6337.9,0.0,-5476.9
269,12250,64850,0,1225.0,6485.0,0.0,-5260.0
270,9900,65286,0,990.0,6528.6,0.0,-5538.6
271,9900,65693,0,990.0,6569.3,0.0,-5579.3
272,7800,64329,0,780.0,6432.9,0.0,-5652.9
273,6300,62709,0,630.0,6270.9,0.0,-5640.9
274,10350,64658,0,1035.0,6465.8,0.0,-5430.8
275,5610,63528,0,561.0,6352.8,0.0,-5791.8
276,13260,66255,0,1326.0,6625.5,0.0,-5299.5
277,10350,63366,0,1035.0,6336.6,0.0,-5301.6
278,13780,65027,0,1378.0,6502.7,0.0,-5124.7
279,9900,64259,0,990.0,6425.9,0.0,-5435.9
280,13260,65461,0,1326.0,6546.1,0.0,-5220.1
281,9030,63788,0,903.0,6378.8,0.0,-5475.8
282,13780,65719,0,1378.0,6571.9,0.0,-5193.9
283,9030,63264,0,903.0,6326.4,0.0,-5423.4
284,10350,62666,0,1035.0,6266.6,0.0,-5231.6
285,12750,65868,0,1275.0,6586.8,0.0,-5311.8
286,9460,65365,0,946.0,6536.5,0.0,-5590.5
287,16530,66739,0,1653.0,6673.9,0.0,-5020.9
288,9030,63554,0,903.0,6355.4,0.0,-5452.4
289,9900,63617,0,990.0,6361.7,0.0,-5371.7
290,7800,65568,0,780.0,6556.8,0.0,-5776.8
291,11760,65624,0,1176.0,6562.4,0.0,-5386.4
292,10810,64009,0,1081.0,6400.9,0.0,-5319.9
293,13260,66037,0,1326.0,6603.7,0.0,-5277.7
294,16530,65230,0,1653.0,6523.0,0.0,-4870.0
295,3000,61242,0,300.0,6124.2,0.0,-5824.2
296,22780,66406,0,2278.0,6640.6,0.0,-4362.6
297,12750,63884,0,1275.0,6388.4,0.0,-5113.4
298,19530,66669,0,1953.0,6666.9,0.0,-4713.9
299,8200,63921,0,820.0,6392.1,0.0,-5572.1
300,11280,65992,0,1128.0,6599.2,0.0,-5471.2
301,10810,65153,0,1081.0,6515.3,0.0,-5434.3
302,18300,66491,0,1830.0,6649.1,0.0,-4819.1
303,4960,61563,0,496.0,6156.3,0.0,-5660.3
304,17700,66088,0,1770.0,6608.8,0.0,-4838.8
305,22780,66213,0,2278.0,6621.3,0.0,-4343.3
306,4650,61758,0,465.0,6175.8,0.0,-5710.8
307,5610,62943,0,561.0,6294.3,0.0,-5733.3
308,20160,66348,0,2016.0,6634.8,0.0,-4618.8
309,18300,67939,0,1830.0,6793.9,0.0,-4963.9
310,18300,65796,0,1830.0,6579.6,0.0,-4749.6
311,22780,67494,0,2278.0,6749.4,0.0,-4471.4
312,13260,65667,0,1326.0,6566.7,0.0,-5240.7
313,7800,64491,0,780.0,6449.1,0.0,-5669.1
314,12250,66505,0,1225.0,6650.5,0.0,-5425.5
315,13260,67006,0,1326.0,6700.6,0.0,-5374.6
316,8200,64540,0,820.0,6454.0,0.0,-5634.0
317,14850,65505,0,1485.0,6550.5,0.0,-5065.5
318,6660,62882,0,666.0,6288.2,0.0,-5622.2
319,12250,64655,0,1225.0,6465.5,0.0,-5240.5
320,8610,64176,0,861.0,6417.6,0.0,-5556.6
321,9030,64870,0,903.0,6487.0,0.0,-5584.0
322,9900,64808,0,990.0,6480.8,0.0,-5490.8
323,18300,66844,0,1830.0,6684.4,0.0,-4854.4
324,9030,63215,0,903.0,6321.5,0.0,-5418.5
325,8200,62961,0,820.0,6296.1,0.0,-5476.1
326,13260,65386,0,1326.0,6538.6,0.0,-5212.6
327,20800,66184,0,2080.0,6618.4,0.0,-4538.4
328,9030,64025,0,903.0,6402.5,0.0,-5499.5
329,7030,63361,0,703.0,6336.1,0.0,-5633.1
330,7030,63097,0,703.0,6309.7,0.0,-5606.7
331,9900,64634,0,990.0,6463.4,0.0,-5473.4
332,14310,67019,0,1431.0,6701.9,0.0,-5270.9
333,22110,65849,0,2211.0,6584.9,0.0,-4373.9
334,8200,63800,0,820.0,6380.0,0.0,-5560.0
335,12750,65569,0,1275.0,6556.9,0.0,-5281.9
336,5950,63189,0,595.0,6318.9,0.0,-5723.9
337,16530,67386,0,1653.0,6738.6,0.0,-5085.6
338,21450,67396,0,2145.0,6739.6,0.0,-4594.6
339,9460,64173,0,946.0,6417.3,0.0,-5471.3
340,10350,64926,0,1035.0,6492.6,0.0,-5457.6
341,15960,66118,0,1596.0,6611.8,0.0,-5015.8
342,12250,65249,0,1225.0,6524.9,0.0,-5299.9
343,22110,67432,0,2211.0,6743.2,0.0,-4532.2
344,14850,66740,0,1485.0,6674.0,0.0,-5189.0
345,22110,65730,0,2211.0,6573.0,0.0,-4362.0
346,6300,63502,0,630.0,6350.2,0.0,-5720.2
347,5950,62465,0,595.0,6246.5,0.0,-5651.5
348,7410,63569,0,741.0,6356.9,0.0,-5615.9
349,10810,65591,0,1081.0,6559.1,0.0,-5478.1
350,19530,66794,0,1953.0,6679.4,0.0,-4726.4
351,12250,64863,0,1225.0,6486.3,0.0,-5261.3
352,11760,63282,0,1176.0,6328.2,0.0,-5152.2
353,11760,65947,0,1176.0,6594.7,0.0,-5418.7
354,18910,66478,0,1891.0,6647.8,0.0,-4756.8
355,13780,66050,0,1378.0,6605.0,0.0,-5227.0
356,4960,61964,0,496.0,6196.4,0.0,-5700.4
357,13780,66617,0,1378.0,6661.7,0.0,-5283.7
358,8200,63890,0,820.0,6389.0,0.0,-5569.0
359,13780,66423,0,1378.0,6642.3,0.0,-5264.3
360,7410,62833,0,741.0,6283.3,0.0,-5542.3
361,5280,62427,0,528.0,6242.7,0.0,-5714.7
362,5950,62356,0,595.0,6235.6,0.0,-5640.6
363,10810,64033,0,1081.0,6403.3,0.0,-5322.3
364,9460,63949,0,946.0,6394.9,0.0,-5448.9
365,8200,63132,0,820.0,6313.2,0.0,-5493.2
366,10350,63954,0,1035.0,6395.4,0.0,-5360.4
367,9460,63414,0,946.0,6341.4,0.0,-5395.4
368,7410,63217,0,741.0,6321.7,0.0,-5580.7
369,17110,115709,0,1711.0,11570.9,0.0,-9859.9
370,7410,63425,0,741.0,6342.5,0.0,-5601.5
371,22780,66952,0,2278.0,6695.2,0.0,-4417.2
372,7410,63591,0,741.0,6359.1,0.0,-5618.1
373,12250,65275,0,1225.0,6527.5,0.0,-5302.5
374,15400,65938,0,1540.0,6593.8,0.0,-5053.8
375,11760,64620,0,1176.0,6462.0,0.0,-5286.0
376,9030,64410,0,903.0,6441.0,0.0,-5538.0
377,19530,65736,0,1953.0,6573.6,0.0,-4620.6
378,7030,63371,0,703.0,6337.1,0.0,-5634.1
379,12750,66483,0,1275.0,6648.3,0.0,-5373.3
380,9460,64578,0,946.0,6457.8,0.0,-5511.8
381,8610,68189,0,861.0,6818.9,0.0,-5957.9
382,8610,63968,0,861.0,6396.8,0.0,-5535.8
383,18300,64863,0,1830.0,6486.3,0.0,-4656.3
384,12250,66015,0,1225.0,6601.5,0.0,-5376.5
385,13780,65882,0,1378.0,6588.2,0.0,-5210.2
386,8200,64194,0,820.0,6419.4,0.0,-5599.4
387,12250,65959,0,1225.0,6595.9,0.0,-5370.9
388,5280,62229,0,528.0,6222.9,0.0,-5694.9
389,10810,64503,0,1081.0,6450.3,0.0,-5369.3
390,9460,64243,0,946.0,6424.3,0.0,-5478.3
391,17700,66656,0,1770.0,6665.6,0.0,-4895.6
392,5610,62908,0,561.0,6290.8,0.0,-5729.8
393,9030,64390,0,903.0,6439.0,0.0,-5536.0
394,10350,65633,0,1035.0,6563.3,0.0,-5528.3
395,7410,63663,0,741.0,6366.3,0.0,-5625.3
396,10810,64614,0,1081.0,6461.4,0.0,-5380.4
397,13260,66111,0,1326.0,6611.1,0.0,-5285.1
398,10350,65040,0,1035.0,6504.0,0.0,-5469.0
399,10810,64456,0,1081.0,6445.6,0.0,-5364.6
400,7410,63577,0,741.0,6357.7,0.0,-5616.7
401,6660,64030,0,666.0,6403.0,0.0,-5737.0
402,7410,64478,0,741.0,6447.8,0.0,-5706.8
403,7410,64411,0,741.0,6441.1,0.0,-5700.1
404,13780,65715,0,1378.0,6571.5,0.0,-5193.5
405,11760,65057,0,1176.0,6505.7,0.0,-5329.7
406,15400,66168,0,1540.0,6616.8,0.0,-5076.8
407,11280,63784,0,1128.0,6378.4,0.0,-5250.4
408,11760,64682,0,1176.0,6468.2,0.0,-5292.2
409,9900,63718,0,990.0,6371.8,0.0,-5381.8
410,10810,65057,0,1081.0,6505.7,0.0,-5424.7
411,7410,64152,0,741.0,6415.2,0.0,-5674.2
412,13780,65243,0,1378.0,6524.3,0.0,-5146.3
413,6300,61845,0,630.0,6184.5,0.0,-5554.5
414,10350,63717,0,1035.0,6371.7,0.0,-5336.7
415,14310,66638,0,1431.0,6663.8,0.0,-5232.8
416,8610,63946,0,861.0,6394.6,0.0,-5533.6
417,13260,65273,0,1326.0,6527.3,0.0,-5201.3
418,11280,65828,0,1128.0,6582.8,0.0,-5454.8
419,6660,61980,0,666.0,6198.0,0.0,-5532.0
420,13780,65856,0,1378.0,6585.6,0.0,-5207.6
421,7030,63143,0,703.0,6314.3,0.0,-5611.3
422,15400,65719,0,1540.0,6571.9,0.0,-5031.9
423,5280,62134,0,528.0,6213.4,0.0,-5685.4
424,9030,63822,0,903.0,6382.2,0.0,-5479.2
425,9460,65306,0,946.0,6530.6,0.0,-5584.6
426,17700,67270,0,1770.0,6727.0,0.0,-4957.0
427,15400,66197,0,1540.0,6619.7,0.0,-5079.7
428,7800,64280,0,780.0,6428.0,0.0,-5648.0
429,14310,65399,0,1431.0,6539.9,0.0,-5108.9
430,7030,62859,0,703.0,6285.9,0.0,-5582.9
431,12250,64741,0,1225.0,6474.1,0.0,-5249.1
432,6300,62771,0,630.0,6277.1,0.0,-5647.1
433,29260,68988,0,2926.0,6898.8,0.0,-3972.8
434,8610,62846,0,861.0,6284.6,0.0,-5423.6
435,13260,65273,0,1326.0,6527.3,0.0,-5201.3
436,10350,65000,0,1035.0,6500.0,0.0,-5465.0
437,3780,62205,0,378.0,6220.5,0.0,-5842.5
438,13260,65183,0,1326.0,6518.3,0.0,-5192.3
439,7800,62237,0,780.0,6223.7,0.0,-5443.7
440,12750,65939,0,1275.0,6593.9,0.0,-5318.9
441,11760,65042,0,1176.0,6504.2,0.0,-5328.2
442,9460,63251,0,946.0,6325.1,0.0,-5379.1
443,11760,64222,0,1176.0,6422.2,0.0,-5246.2
444,16530,63976,0,1653.0,6397.6,0.0,-4744.6
445,7030,63848,0,703.0,6384.8,0.0,-5681.8
446,11760,65344,0,1176.0,6534.4,0.0,-5358.4
447,14850,66355,0,1485.0,6635.5,0.0,-5150.5
448,13260,66339,0,1326.0,6633.9,0.0,-5307.9
449,14850,64847,0,1485.0,6484.7,0.0,-4999.7
450,6660,63917,0,666.0,6391.7,0.0,-5725.7
451,17110,65417,0,1711.0,6541.7,0.0,-4830.7
452,12250,65565,0,1225.0,6556.5,0.0,-5331.5
453,6660,62742,0,666.0,6274.2,0.0,-5608.2
454,5610,62680,0,561.0,6268.0,0.0,-5707.0
455,9030,64245,0,903.0,6424.5,0.0,-5521.5
456,7410,63183,0,741.0,6318.3,0.0,-5577.3
457,9900,64911,0,990.0,6491.1,0.0,-5501.1
458,15400,65237,0,1540.0,6523.7,0.0,-4983.7
459,5610,63123,0,561.0,6312.3,0.0,-5751.3
460,10810,64278,0,1081.0,6427.8,0.0,-5346.8
461,7800,63468,0,780.0,6346.8,0.0,-5566.8
462,11760,65173,0,1176.0,6517.3,0.0,-5341.3
463,12750,64885,0,1275.0,6488.5,0.0,-5213.5
464,7800,64010,0,780.0,6401.0,0.0,-5621.0
465,9460,64371,0,946.0,6437.1,0.0,-5491.1
466,14310,64664,0,1431.0,6466.4,0.0,-5035.4
467,10350,65678,0,1035.0,6567.8,0.0,-5532.8
468,9460,64457,0,946.0,6445.7,0.0,-5499.7
469,12250,64769,0,1225.0,6476.9,0.0,-5251.9
470,12250,65023,0,1225.0,6502.3,0.0,-5277.3
471,7030,63668,0,703.0,6366.8,0.0,-5663.8
472,7800,64174,0,780.0,6417.4,0.0,-5637.4
473,13260,64895,0,1326.0,6489.5,0.0,-5163.5
474,12250,65480,0,1225.0,6548.0,0.0,-5323.0
475,7800,63109,0,780.0,6310.9,0.0,-5530.9
476,6660,63366,0,666.0,6336.6,0.0,-5670.6
477,10350,64384,0,1035.0,6438.4,0.0,-5403.4
478,21450,66910,0,2145.0,6691.0,0.0,-4546.0
479,9900,64119,0,990.0,6411.9,0.0,-5421.9
480,10350,64528,0,1035.0,6452.8,0.0,-5417.8
481,11760,64478,0,1176.0,6447.8,0.0,-5271.8
482,9030,63823,0,903.0,6382.3,0.0,-5479.3
483,10350,64264,0,1035.0,6426.4,0.0,-5391.4
484,7800,62674,0,780.0,6267.4,0.0,-5487.4
485,9030,64369,0,903.0,6436.9,0.0,-5533.9
486,12750,65405,0,1275.0,6540.5,0.0,-5265.5
487,9460,65095,0,946.0,6509.5,0.0,-5563.5
488,7410,63792,0,741.0,6379.2,0.0,-5638.2
489,14310,65089,0,1431.0,6508.9,0.0,-5077.9
490,9900,64648,0,990.0,6464.8,0.0,-5474.8
491,7410,64334,0,741.0,6433.4,0.0,-5692.4
492,5610,64368,0,561.0,6436.8,0.0,-5875.8
493,11760,65509,0,1176.0,6550.9,0.0,-5374.9
494,18300,66619,0,1830.0,6661.9,0.0,-4831.9
495,9460,64560,0,946.0,6456.0,0.0,-5510.0
496,5280,62490,0,528.0,6249.0,0.0,-5721.0
497,9900,64786,0,990.0,6478.6,0.0,-5488.6
498,16530,66989,0,1653.0,6698.9,0.0,-5045.9
499,7410,64584,0,741.0,6458.4,0.0,-5717.4
500,8610,63674,0,861.0,6367.4,0.0,-5506.4
501,10810,65623,0,1081.0,6562.3,0.0,-5481.3
502,11760,64568,0,1176.0,6456.8,0.0,-5280.8
503,10810,63687,0,1081.0,6368.7,0.0,-5287.7
504,6300,62894,0,630.0,6289.4,0.0,-5659.4
505,5950,62849,0,595.0,6284.9,0.0,-5689.9
506,13260,66117,0,1326.0,6611.7,0.0,-5285.7
507,9900,64333,0,990.0,6433.3,0.0,-5443.3
508,16530,66299,0,1653.0,6629.9,0.0,-4976.9
509,9460,63439,0,946.0,6343.9,0.0,-5397.9
510,14310,77740,0,1431.0,7774.0,0.0,-6343.0
511,15960,66127,0,1596.0,6612.7,0.0,-5016.7
512,4060,60927,0,406.0,6092.7,0.0,-5686.7
513,17700,66262,0,1770.0,6626.2,0.0,-4856.2
514,10350,64371,0,1035.0,6437.1,0.0,-5402.1
515,17110,65772,0,1711.0,6577.2,0.0,-4866.2
516,11280,65699,0,1128.0,6569.9,0.0,-5441.9
517,7410,63687,0,741.0,6368.7,0.0,-5627.7
518,9030,63927,0,903.0,6392.7,0.0,-5489.7
519,7030,63599,0,703.0,6359.9,0.0,-5656.9
520,20800,66974,0,2080.0,6697.4,0.0,-4617.4
521,7410,63738,0,741.0,6373.8,0.0,-5632.8
522,10810,65273,0,1081.0,6527.3,0.0,-5446.3
523,12250,64683,0,1225.0,6468.3,0.0,-5243.3
524,7410,63094,0,741.0,6309.4,0.0,-5568.4
525,19530,66592,0,1953.0,6659.2,0.0,-4706.2
526,12750,65202,0,1275.0,6520.2,0.0,-5245.2
527,16530,64380,0,1653.0,6438.0,0.0,-4785.0
528,12750,65864,0,1275.0,6586.4,0.0,-5311.4
529,9030,64728,0,903.0,6472.8,0.0,-5569.8
530,5610,62414,0,561.0,6241.4,0.0,-5680.4
531,3250,61447,0,325.0,6144.7,0.0,-5819.7
532,15400,66042,0,1540.0,6604.2,0.0,-5064.2
533,7030,63640,0,703.0,6364.0,0.0,-5661.0
534,13780,65126,0,1378.0,6512.6,0.0,-5134.6
535,5950,62026,0,595.0,6202.6,0.0,-5607.6
536,15400,66501,0,1540.0,6650.1,0.0,-5110.1
537,9030,63957,0,903.0,6395.7,0.0,-5492.7
538,4960,61135,0,496.0,6113.5,0.0,-5617.5
539,9900,65217,0,990.0,6521.7,0.0,-5531.7
540,9460,66208,0,946.0,6620.8,0.0,-5674.8
541,8610,64356,0,861.0,6435.6,0.0,-5574.6
542,8200,63609,0,820.0,6360.9,0.0,-5540.9
543,2760,58438,0,276.0,5843.8,0.0,-5567.8
544,17110,67227,0,1711.0,6722.7,0.0,-5011.7
545,16530,65641,0,1653.0,6564.1,0.0,-4911.1
546,12250,65029,0,1225.0,6502.9,0.0,-5277.9
547,10350,64920,0,1035.0,6492.0,0.0,-5457.0
548,16530,66923,0,1653.0,6692.3,0.0,-5039.3
549,10810,64535,0,1081.0,6453.5,0.0,-5372.5
550,8200,64914,0,820.0,6491.4,0.0,-5671.4
551,5610,61690,0,561.0,6169.0,0.0,-5608.0
552,8610,62871,0,861.0,6287.1,0.0,-5426.1
553,21450,67903,0,2145.0,6790.3,0.0,-4645.3
554,20160,67506,0,2016.0,6750.6,0.0,-4734.6
555,4650,61779,0,465.0,6177.9,0.0,-5712.9
556,13260,64597,0,1326.0,6459.7,0.0,-5133.7
557,11760,65017,0,1176.0,6501.7,0.0,-5325.7
558,9460,64238,0,946.0,6423.8,0.0,-5477.8
559,8610,63817,0,861.0,6381.7,0.0,-5520.7
560,7410,64332,0,741.0,6433.2,0.0,-5692.2
561,6300,62790,0,630.0,6279.0,0.0,-5649.0
562,12250,65341,0,1225.0,6534.1,0.0,-5309.1
563,8200,62462,0,820.0,6246.2,0.0,-5426.2
564,7030,63394,0,703.0,6339.4,0.0,-5636.4
565,11760,64604,0,1176.0,6460.4,0.0,-5284.4
566,9900,64915,0,990.0,6491.5,0.0,-5501.5
567,8200,62519,0,820.0,6251.9,0.0,-5431.9
568,6660,62893,0,666.0,6289.3,0.0,-5623.3
569,13780,65708,0,1378.0,6570.8,0.0,-5192.8
570,7800,64539,0,780.0,6453.9,0.0,-5673.9
571,22780,67406,0,2278.0,6740.6,0.0,-4462.6
572,10810,64418,0,1081.0,6441.8,0.0,-5360.8
573,11280,65173,0,1128.0,6517.3,0.0,-5389.3
574,13780,65914,0,1378.0,6591.4,0.0,-5213.4
575,14310,64225,0,1431.0,6422.5,0.0,-4991.5
576,14310,66989,0,1431.0,6698.9,0.0,-5267.9
577,11280,65440,0,1128.0,6544.0,0.0,-5416.0
578,7410,64314,0,741.0,6431.4,0.0,-5690.4
579,11280,65281,0,1128.0,6528.1,0.0,-5400.1
580,9030,64553,0,903.0,6455.3,0.0,-5552.3
581,20160,71590,0,2016.0,7159.0,0.0,-5143.0
582,16530,65225,0,1653.0,6522.5,0.0,-4869.5
583,20160,66884,0,2016.0,6688.4,0.0,-4672.4
584,24150,67922,0,2415.0,6792.2,0.0,-4377.2
585,13260,65430,0,1326.0,6543.0,0.0,-5217.0
586,8200,63677,0,820.0,6367.7,0.0,-5547.7
587,11760,65629,0,1176.0,6562.9,0.0,-5386.9
588,12250,64374,0,1225.0,6437.4,0.0,-5212.4
589,17700,68251,0,1770.0,6825.1,0.0,-5055.1
590,8610,64935,0,861.0,6493.5,0.0,-5632.5
591,5280,61511,0,528.0,6151.1,0.0,-5623.1
592,15400,66411,0,1540.0,6641.1,0.0,-5101.1
593,17700,67039,0,1770.0,6703.9,0.0,-4933.9
594,12750,65229,0,1275.0,6522.9,0.0,-5247.9
595,6300,61943,0,630.0,6194.3,0.0,-5564.3
596,19530,67046,0,1953.0,6704.6,0.0,-4751.6
597,15960,66086,0,1596.0,6608.6,0.0,-5012.6
598,11280,64305,0,1128.0,6430.5,0.0,-5302.5
599,4350,62302,0,435.0,6230.2,0.0,-5795.2
600,9030,64213,0,903.0,6421.3,0.0,-5518.3
601,14850,65937,0,1485.0,6593.7,0.0,-5108.7
602,15960,66407,0,1596.0,6640.7,0.0,-5044.7
603,10810,65933,0,1081.0,6593.3,0.0,-5512.3
604,7410,63938,0,741.0,6393.8,0.0,-5652.8
605,19530,65925,0,1953.0,6592.5,0.0,-4639.5
606,6300,63551,0,630.0,6355.1,0.0,-5725.1
607,5610,63347,0,561.0,6334.7,0.0,-5773.7
608,18300,67152,0,1830.0,6715.2,0.0,-4885.2
609,12750,65264,0,1275.0,6526.4,0.0,-5251.4
610,5950,63761,0,595.0,6376.1,0.0,-5781.1
611,7030,62198,0,703.0,6219.8,0.0,-5516.8
612,10810,65090,0,1081.0,6509.0,0.0,-5428.0
613,17110,67401,0,1711.0,6740.1,0.0,-5029.1
614,11760,63755,0,1176.0,6375.5,0.0,-5199.5
615,11760,63773,0,1176.0,6377.3,0.0,-5201.3
616,5280,63447,0,528.0,6344.7,0.0,-5816.7
617,13780,66007,0,1378.0,6600.7,0.0,-5222.7
618,14310,64371,0,1431.0,6437.1,0.0,-5006.1
619,9030,63803,0,903.0,6380.3,0.0,-5477.3
620,3780,59859,0,378.0,5985.9,0.0,-5607.9
621,15960,67981,0,1596.0,6798.1,0.0,-5202.1
622,9460,64390,0,946.0,6439.0,0.0,-5493.0
623,9030,64640,0,903.0,6464.0,0.0,-5561.0
624,9030,64048,0,903.0,6404.8,0.0,-5501.8
625,13260,66552,0,1326.0,6655.2,0.0,-5329.2
626,10810,64655,0,1081.0,6465.5,0.0,-5384.5
627,14310,68013,0,1431.0,6801.3,0.0,-5370.3
628,18300,66666,0,1830.0,6666.6,0.0,-4836.6
629,9030,63616,0,903.0,6361.6,0.0,-5458.6
630,19530,67194,0,1953.0,6719.4,0.0,-4766.4
631,7410,63620,0,741.0,6362.0,0.0,-5621.0
632,7410,64520,0,741.0,6452.0,0.0,-5711.0
633,7410,63638,0,741.0,6363.8,0.0,-5622.8
634,10810,63960,0,1081.0,6396.0,0.0,-5315.0
635,10810,64943,0,1081.0,6494.3,0.0,-5413.3
636,12250,67774,0,1225.0,6777.4,0.0,-5552.4
637,6300,63031,0,630.0,6303.1,0.0,-5673.1
638,9030,63739,0,903.0,6373.9,0.0,-5470.9
639,9900,63921,0,990.0,6392.1,0.0,-5402.1
640,9900,64273,0,990.0,6427.3,0.0,-5437.3
641,7800,64373,0,780.0,6437.3,0.0,-5657.3
642,16530,66141,0,1653.0,6614.1,0.0,-4961.1
643,4060,59829,0,406.0,5982.9,0.0,-5576.9
644,6660,63834,0,666.0,6383.4,0.0,-5717.4
645,21450,65339,0,2145.0,6533.9,0.0,-4388.9
646,13780,66412,0,1378.0,6641.2,0.0,-5263.2
647,9900,66213,0,990.0,6621.3,0.0,-5631.3
648,4960,63439,0,496.0,6343.9,0.0,-5847.9
649,14310,66461,0,1431.0,6646.1,0.0,-5215.1
650,11280,64965,0,1128.0,6496.5,0.0,-5368.5
651,7800,64322,0,780.0,6432.2,0.0,-5652.2
652,8200,64343,0,820.0,6434.3,0.0,-5614.3
653,8610,63398,0,861.0,6339.8,0.0,-5478.8
654,15400,66107,0,1540.0,6610.7,0.0,-5070.7
655,8610,64326,0,861.0,6432.6,0.0,-5571.6
656,23460,66687,0,2346.0,6668.7,0.0,-4322.7
657,7030,63230,0,703.0,6323.0,0.0,-5620.0
658,14850,66917,0,1485.0,6691.7,0.0,-5206.7
659,5280,62782,0,528.0,6278.2,0.0,-5750.2
660,10810,65563,0,1081.0,6556.3,0.0,-5475.3
661,9460,63329,0,946.0,6332.9,0.0,-5386.9
662,16530,67229,0,1653.0,6722.9,0.0,-5069.9
663,8610,63863,0,861.0,6386.3,0.0,-5525.3
664,13260,65853,0,1326.0,6585.3,0.0,-5259.3
665,12250,65939,0,1225.0,6593.9,0.0,-5368.9
666,17700,67280,0,1770.0,6728.0,0.0,-4958.0
667,22110,68655,0,2211.0,6865.5,0.0,-4654.5
668,18910,66059,0,1891.0,6605.9,0.0,-4714.9
669,9900,64813,0,990.0,6481.3,0.0,-5491.3
670,9030,64156,0,903.0,6415.6,0.0,-5512.6
671,13780,65896,0,1378.0,6589.6,0.0,-5211.6
672,13780,66150,0,1378.0,6615.0,0.0,-5237.0
673,8610,64202,0,861.0,6420.2,0.0,-5559.2
674,20800,67451,0,2080.0,6745.1,0.0,-4665.1
675,5610,63674,0,561.0,6367.4,0.0,-5806.4
676,11280,64790,0,1128.0,6479.0,0.0,-5351.0
677,9030,64832,0,903.0,6483.2,0.0,-5580.2
678,15400,67154,0,1540.0,6715.4,0.0,-5175.4
679,8610,64078,0,861.0,6407.8,0.0,-5546.8
680,9030,63346,0,903.0,6334.6,0.0,-5431.6
681,5610,62928,0,561.0,6292.8,0.0,-5731.8
682,9030,64087,0,903.0,6408.7,0.0,-5505.7
683,6300,61624,0,630.0,6162.4,0.0,-5532.4
684,11280,63933,0,1128.0,6393.3,0.0,-5265.3
685,11280,64730,0,1128.0,6473.0,0.0,-5345.0
686,10350,65510,0,1035.0,6551.0,0.0,-5516.0
687,20800,67614,0,2080.0,6761.4,0.0,-4681.4
688,12250,66076,0,1225.0,6607.6,0.0,-5382.6
689,15400,65625,0,1540.0,6562.5,0.0,-5022.5
690,8200,62533,0,820.0,6253.3,0.0,-5433.3
691,11280,64942,0,1128.0,6494.2,0.0,-5366.2
692,10350,64482,0,1035.0,6448.2,0.0,-5413.2
693,25560,68314,0,2556.0,6831.4,0.0,-4275.4
694,17700,66173,0,1770.0,6617.3,0.0,-4847.3
695,11280,65055,0,1128.0,6505.5,0.0,-5377.5
696,9900,63527,0,990.0,6352.7,0.0,-5362.7
697,24150,69608,0,2415.0,6960.8,0.0,-4545.8
698,12750,65835,0,1275.0,6583.5,0.0,-5308.5
699,8610,64374,0,861.0,6437.4,0.0,-5576.4
700,5950,61980,0,595.0,6198.0,0.0,-5603.0
701,10350,65267,0,1035.0,6526.7,0.0,-5491.7
702,13260,64714,0,1326.0,6471.4,0.0,-5145.4
703,11760,65421,0,1176.0,6542.1,0.0,-5366.1
704,14310,66174,0,1431.0,6617.4,0.0,-5186.4
705,8200,64393,0,820.0,6439.3,0.0,-5619.3
706,13780,65798,0,1378.0,6579.8,0.0,-5201.8
707,5950,62398,0,595.0,6239.8,0.0,-5644.8
708,10350,65405,0,1035.0,6540.5,0.0,-5505.5
709,10810,70040,0,1081.0,7004.0,0.0,-5923.0
710,10350,64369,0,1035.0,6436.9,0.0,-5401.9
711,10810,64609,0,1081.0,6460.9,0.0,-5379.9
712,15960,66324,0,1596.0,6632.4,0.0,-5036.4
713,7800,63898,0,780.0,6389.8,0.0,-5609.8
714,14850,65674,0,1485.0,6567.4,0.0,-5082.4
715,9900,63877,0,990.0,6387.7,0.0,-5397.7
716,11760,65332,0,1176.0,6533.2,0.0,-5357.2
717,7030,62917,0,703.0,6291.7,0.0,-5588.7
718,14850,66641,0,1485.0,6664.1,0.0,-5179.1
719,4350,61784,0,435.0,6178.4,0.0,-5743.4
720,15960,66288,0,1596.0,6628.8,0.0,-5032.8
721,11760,63916,0,1176.0,6391.6,0.0,-5215.6
722,7030,63196,0,703.0,6319.6,0.0,-5616.6
723,6660,63826,0,666.0,6382.6,0.0,-5716.6
724,29260,68130,0,2926.0,6813.0,0.0,-3887.0
725,10350,64949,0,1035.0,6494.9,0.0,-5459.9
726,11280,64450,0,1128.0,6445.0,0.0,-5317.0
727,9030,63952,0,903.0,6395.2,0.0,-5492.2
728,17700,66595,0,1770.0,6659.5,0.0,-4889.5
729,7800,63581,0,780.0,6358.1,0.0,-5578.1
730,19530,66727,0,1953.0,6672.7,0.0,-4719.7
731,8610,64363,0,861.0,6436.3,0.0,-5575.3
732,18300,65921,0,1830.0,6592.1,0.0,-4762.1
733,8200,63614,0,820.0,6361.4,0.0,-5541.4
734,5280,63439,0,528.0,6343.9,0.0,-5815.9
735,14310,66266,0,1431.0,6626.6,0.0,-5195.6
736,5950,62459,0,595.0,6245.9,0.0,-5650.9
737,10350,63293,0,1035.0,6329.3,0.0,-5294.3
738,7800,64869,0,780.0,6486.9,0.0,-5706.9
739,14310,66225,0,1431.0,6622.5,0.0,-5191.5
740,15960,64644,0,1596.0,6464.4,0.0,-4868.4
741,14850,66647,0,1485.0,6664.7,0.0,-5179.7
742,13780,64474,0,1378.0,6447.4,0.0,-5069.4
743,10350,63611,0,1035.0,6361.1,0.0,-5326.1
744,14310,66125,0,1431.0,6612.5,0.0,-5181.5
745,11760,65145,0,1176.0,6514.5,0.0,-5338.5
746,12750,64957,0,1275.0,6495.7,0.0,-5220.7
747,14850,66961,0,1485.0,6696.1,0.0,-5211.1
748,11280,65399,0,1128.0,6539.9,0.0,-5411.9
749,13260,63821,0,1326.0,6382.1,0.0,-5056.1
750,12750,65244,0,1275.0,6524.4,0.0,-5249.4
751,15960,67329,0,1596.0,6732.9,0.0,-5136.9
752,10350,64787,0,1035.0,6478.7,0.0,-5443.7
753,8200,64113,0,820.0,6411.3,0.0,-5591.3
754,7800,65258,0,780.0,6525.8,0.0,-5745.8
755,14850,65755,0,1485.0,6575.5,0.0,-5090.5
756,12750,65515,0,1275.0,6551.5,0.0,-5276.5
757,10350,64989,0,1035.0,6498.9,0.0,-5463.9
758,9900,65517,0,990.0,6551.7,0.0,-5561.7
759,12750,65423,0,1275.0,6542.3,0.0,-5267.3
760,15400,65778,0,1540.0,6577.8,0.0,-5037.8
761,10810,65676,0,1081.0,6567.6,0.0,-5486.6
762,7030,64121,0,703.0,6412.1,0.0,-5709.1
763,9900,64351,0,990.0,6435.1,0.0,-5445.1
764,12250,64594,0,1225.0,6459.4,0.0,-5234.4
765,15400,66923,0,1540.0,6692.3,0.0,-5152.3
766,9900,64238,0,990.0,6423.8,0.0,-5433.8
767,11280,65011,0,1128.0,6501.1,0.0,-5373.1
768,8610,64180,0,861.0,6418.0,0.0,-5557.0
769,16530,66899,0,1653.0,6689.9,0.0,-5036.9
770,8610,64813,0,861.0,6481.3,0.0,-5620.3
771,12750,65261,0,1275.0,6526.1,0.0,-5251.1
772,8200,64194,0,820.0,6419.4,0.0,-5599.4
773,9030,64625,0,903.0,6462.5,0.0,-5559.5
774,12750,65191,0,1275.0,6519.1,0.0,-5244.1
775,14850,64365,0,1485.0,6436.5,0.0,-4951.5
776,13780,65646,0,1378.0,6564.6,0.0,-5186.6
777,9900,64187,0,990.0,6418.7,0.0,-5428.7
778,10350,65859,0,1035.0,6585.9,0.0,-5550.9
779,13780,66842,0,1378.0,6684.2,0.0,-5306.2
780,8200,64276,0,820.0,6427.6,0.0,-5607.6
781,12750,65961,0,1275.0,6596.1,0.0,-5321.1
782,9460,64577,0,946.0,6457.7,0.0,-5511.7
783,10350,65928,0,1035.0,6592.8,0.0,-5557.8
784,8610,65024,0,861.0,6502.4,0.0,-5641.4
785,10810,63519,0,1081.0,6351.9,0.0,-5270.9
786,13780,65520,0,1378.0,6552.0,0.0,-5174.0
787,12250,65563,0,1225.0,6556.3,0.0,-5331.3
788,7800,62892,0,780.0,6289.2,0.0,-5509.2
789,16530,67134,0,1653.0,6713.4,0.0,-5060.4
790,15400,66454,0,1540.0,6645.4,0.0,-5105.4
791,11760,65365,0,1176.0,6536.5,0.0,-5360.5
792,13260,66191,0,1326.0,6619.1,0.0,-5293.1
793,27010,68898,0,2701.0,6889.8,0.0,-4188.8
794,5950,63048,0,595.0,6304.8,0.0,-5709.8
795,10350,65442,0,1035.0,6544.2,0.0,-5509.2
796,12750,64414,0,1275.0,6441.4,0.0,-5166.4
797,8200,64121,0,820.0,6412.1,0.0,-5592.1
798,14850,65023,0,1485.0,6502.3,0.0,-5017.3
799,15400,65041,0,1540.0,6504.1,0.0,-4964.1
800,11760,65706,0,1176.0,6570.6,0.0,-5394.6
801,11280,64799,0,1128.0,6479.9,0.0,-5351.9
802,14850,64986,0,1485.0,6498.6,0.0,-5013.6
803,15400,66638,0,1540.0,6663.8,0.0,-5123.8
804,11280,65079,0,1128.0,6507.9,0.0,-5379.9
805,11760,66387,0,1176.0,6638.7,0.0,-5462.7
806,10350,63732,0,1035.0,6373.2,0.0,-5338.2
807,9460,64780,0,946.0,6478.0,0.0,-5532.0
808,6660,63423,0,666.0,6342.3,0.0,-5676.3
809,10810,64971,0,1081.0,6497.1,0.0,-5416.1
810,11280,63430,0,1128.0,6343.0,0.0,-5215.0
811,10350,65176,0,1035.0,6517.6,0.0,-5482.6
812,7800,62972,0,780.0,6297.2,0.0,-5517.2
813,11760,63996,0,1176.0,6399.6,0.0,-5223.6
814,11280,64660,0,1128.0,6466.0,0.0,-5338.0
815,13260,65368,0,1326.0,6536.8,0.0,-5210.8
816,11760,65963,0,1176.0,6596.3,0.0,-5420.3
817,7030,64096,0,703.0,6409.6,0.0,-5706.6
818,12250,65784,0,1225.0,6578.4,0.0,-5353.4
819,9460,64862,0,946.0,6486.2,0.0,-5540.2
820,9030,64396,0,903.0,6439.6,0.0,-5536.6
821,9030,64363,0,903.0,6436.3,0.0,-5533.3
822,9030,63056,0,903.0,6305.6,0.0,-5402.6
823,14850,65248,0,1485.0,6524.8,0.0,-5039.8
824,9460,64299,0,946.0,6429.9,0.0,-5483.9
825,9030,64157,0,903.0,6415.7,0.0,-5512.7
826,10350,64419,0,1035.0,6441.9,0.0,-5406.9
827,27750,69012,0,2775.0,6901.2,0.0,-4126.2
828,8200,63893,0,820.0,6389.3,0.0,-5569.3
829,13260,66518,0,1326.0,6651.8,0.0,-5325.8
830,5610,63066,0,561.0,6306.6,0.0,-5745.6
831,8610,64280,0,861.0,6428.0,0.0,-5567.0
832,6660,63864,0,666.0,6386.4,0.0,-5720.4
833,9030,63660,0,903.0,6366.0,0.0,-5463.0
834,15960,93419,0,1596.0,9341.9,0.0,-7745.9
835,10810,64648,0,1081.0,6464.8,0.0,-5383.8
836,6660,62044,0,666.0,6204.4,0.0,-5538.4
837,5610,62601,0,561.0,6260.1,0.0,-5699.1
838,5950,62713,0,595.0,6271.3,0.0,-5676.3
839,13260,65111,0,1326.0,6511.1,0.0,-5185.1
840,10350,64207,0,1035.0,6420.7,0.0,-5385.7
841,8610,64573,0,861.0,6457.3,0.0,-5596.3
842,6300,63340,0,630.0,6334.0,0.0,-5704.0
843,19530,67753,0,1953.0,6775.3,0.0,-4822.3
844,20160,67436,0,2016.0,6743.6,0.0,-4727.6
845,5950,61975,0,595.0,6197.5,0.0,-5602.5
846,9460,65097,0,946.0,6509.7,0.0,-5563.7
847,17700,66065,0,1770.0,6606.5,0.0,-4836.5
848,13260,66554,0,1326.0,6655.4,0.0,-5329.4
849,25560,69077,0,2556.0,6907.7,0.0,-4351.7
850,9030,64583,0,903.0,6458.3,0.0,-5555.3
851,9460,63397,0,946.0,6339.7,0.0,-5393.7
852,6300,63016,0,630.0,6301.6,0.0,-5671.6
853,8610,64156,0,861.0,6415.6,0.0,-5554.6
854,24850,68136,0,2485.0,6813.6,0.0,-4328.6
855,18300,67372,0,1830.0,6737.2,0.0,-4907.2
856,12750,65999,0,1275.0,6599.9,0.0,-5324.9
857,22110,67980,0,2211.0,6798.0,0.0,-4587.0
858,15400,66180,0,1540.0,6618.0,0.0,-5078.0
859,9030,65253,0,903.0,6525.3,0.0,-5622.3
860,19530,66762,0,1953.0,6676.2,0.0,-4723.2
861,8610,63286,0,861.0,6328.6,0.0,-5467.6
862,9030,63370,0,903.0,6337.0,0.0,-5434.0
863,15400,67060,0,1540.0,6706.0,0.0,-5166.0
864,16530,66760,0,1653.0,6676.0,0.0,-5023.0
865,7410,64263,0,741.0,6426.3,0.0,-5685.3
866,9900,65364,0,990.0,6536.4,0.0,-5546.4
867,10350,63931,0,1035.0,6393.1,0.0,-5358.1
868,15400,66954,0,1540.0,6695.4,0.0,-5155.4
869,10810,65044,0,1081.0,6504.4,0.0,-5423.4
870,12750,64978,0,1275.0,6497.8,0.0,-5222.8
871,13260,66393,0,1326.0,6639.3,0.0,-5313.3
872,14310,65410,0,1431.0,6541.0,0.0,-5110.0
873,8200,63966,0,820.0,6396.6,0.0,-5576.6
874,7410,62574,0,741.0,6257.4,0.0,-5516.4
875,9460,62717,0,946.0,6271.7,0.0,-5325.7
876,8610,63021,0,861.0,6302.1,0.0,-5441.1
877,8200,64590,0,820.0,6459.0,0.0,-5639.0
878,10810,63341,0,1081.0,6334.1,0.0,-5253.1
879,9030,64245,0,903.0,6424.5,0.0,-5521.5
880,12250,65810,0,1225.0,6581.0,0.0,-5356.0
881,5950,63193,0,595.0,6319.3,0.0,-5724.3
882,7410,63836,0,741.0,6383.6,0.0,-5642.6
883,15960,66988,0,1596.0,6698.8,0.0,-5102.8
884,14310,66498,0,1431.0,6649.8,0.0,-5218.8
885,11760,64851,0,1176.0,6485.1,0.0,-5309.1
886,11760,67455,0,1176.0,6745.5,0.0,-5569.5
887,15960,65885,0,1596.0,6588.5,0.0,-4992.5
888,9460,63322,0,946.0,6332.2,0.0,-5386.2
889,4960,62750,0,496.0,6275.0,0.0,-5779.0
890,9030,63826,0,903.0,6382.6,0.0,-5479.6
891,11280,64914,0,1128.0,6491.4,0.0,-5363.4
892,7030,62684,0,703.0,6268.4,0.0,-5565.4
893,9030,63437,0,903.0,6343.7,0.0,-5440.7
894,8200,63933,0,820.0,6393.3,0.0,-5573.3
895,5950,63042,0,595.0,6304.2,0.0,-5709.2
896,14850,66915,0,1485.0,6691.5,0.0,-5206.5
897,15400,65894,0,1540.0,6589.4,0.0,-5049.4
898,4350,61036,0,435.0,6103.6,0.0,-5668.6
899,10810,65514,0,1081.0,6551.4,0.0,-5470.4
900,13260,65002,0,1326.0,6500.2,0.0,-5174.2
901,5610,63215,0,561.0,6321.5,0.0,-5760.5
902,9460,64755,0,946.0,6475.5,0.0,-5529.5
903,7800,63039,0,780.0,6303.9,0.0,-5523.9
904,14310,66493,0,1431.0,6649.3,0.0,-5218.3
905,9030,64882,0,903.0,6488.2,0.0,-5585.2
906,9460,64716,0,946.0,6471.6,0.0,-5525.6
907,13260,65470,0,1326.0,6547.0,0.0,-5221.0
908,8200,63970,0,820.0,6397.0,0.0,-5577.0
909,12250,65250,0,1225.0,6525.0,0.0,-5300.0
910,9460,65889,0,946.0,6588.9,0.0,-5642.9
911,18300,66703,0,1830.0,6670.3,0.0,-4840.3
912,7410,64452,0,741.0,6445.2,0.0,-5704.2
913,11280,64825,0,1128.0,6482.5,0.0,-5354.5
914,11280,65181,0,1128.0,6518.1,0.0,-5390.1
915,13780,64559,0,1378.0,6455.9,0.0,-5077.9
916,11760,65378,0,1176.0,6537.8,0.0,-5361.8
917,12250,65292,0,1225.0,6529.2,0.0,-5304.2
918,8200,64327,0,820.0,6432.7,0.0,-5612.7
919,4960,62358,0,496.0,6235.8,0.0,-5739.8
920,16530,66614,0,1653.0,6661.4,0.0,-5008.4
921,10810,65434,0,1081.0,6543.4,0.0,-5462.4
922,17110,67463,0,1711.0,6746.3,0.0,-5035.3
923,9900,64520,0,990.0,6452.0,0.0,-5462.0
924,22110,66854,0,2211.0,6685.4,0.0,-4474.4
925,11280,65986,0,1128.0,6598.6,0.0,-5470.6
926,18300,70736,0,1830.0,7073.6,0.0,-5243.6
927,13780,65713,0,1378.0,6571.3,0.0,-5193.3
928,7410,64370,0,741.0,6437.0,0.0,-5696.0
929,7410,62661,0,741.0,6266.1,0.0,-5525.1
930,11280,64936,0,1128.0,6493.6,0.0,-5365.6
931,15400,66886,0,1540.0,6688.6,0.0,-5148.6
932,26280,67710,0,2628.0,6771.0,0.0,-4143.0
933,9030,62622,0,903.0,6262.2,0.0,-5359.2
934,13780,66537,0,1378.0,6653.7,0.0,-5275.7
935,14310,65541,0,1431.0,6554.1,0.0,-5123.1
936,5280,62723,0,528.0,6272.3,0.0,-5744.3
937,9460,64025,0,946.0,6402.5,0.0,-5456.5
938,9460,64083,0,946.0,6408.3,0.0,-5462.3
939,11760,65263,0,1176.0,6526.3,0.0,-5350.3
940,9460,64447,0,946.0,6444.7,0.0,-5498.7
941,12250,65452,0,1225.0,6545.2,0.0,-5320.2
942,7800,63443,0,780.0,6344.3,0.0,-5564.3
943,6660,63731,0,666.0,6373.1,0.0,-5707.1
944,12250,65487,0,1225.0,6548.7,0.0,-5323.7
945,11760,67725,0,1176.0,6772.5,0.0,-5596.5
946,8200,64672,0,820.0,6467.2,0.0,-5647.2
947,10810,64705,0,1081.0,6470.5,0.0,-5389.5
948,8610,64802,0,861.0,6480.2,0.0,-5619.2
949,11760,66297,0,1176.0,6629.7,0.0,-5453.7
950,9460,64690,0,946.0,6469.0,0.0,-5523.0
951,5610,62984,0,561.0,6298.4,0.0,-5737.4
952,11760,65094,0,1176.0,6509.4,0.0,-5333.4
953,10350,64241,0,1035.0,6424.1,0.0,-5389.1
954,11280,64900,0,1128.0,6490.0,0.0,-5362.0
955,7030,62606,0,703.0,6260.6,0.0,-5557.6
956,13780,65578,0,1378.0,6557.8,0.0,-5179.8
957,15400,66000,0,1540.0,6600.0,0.0,-5060.0
958,6660,63989,0,666.0,6398.9,0.0,-5732.9
959,12250,64447,0,1225.0,6444.7,0.0,-5219.7
960,17700,68985,0,1770.0,6898.5,0.0,-5128.5
961,9900,65000,0,990.0,6500.0,0.0,-5510.0
962,14310,64183,0,1431.0,6418.3,0.0,-4987.3
963,9900,65573,0,990.0,6557.3,0.0,-5567.3
964,11760,65335,0,1176.0,6533.5,0.0,-5357.5
965,9030,65119,0,903.0,6511.9,0.0,-5608.9
966,15400,65626,0,1540.0,6562.6,0.0,-5022.6
967,11280,66421,0,1128.0,6642.1,0.0,-5514.1
968,10350,67180,0,1035.0,6718.0,0.0,-5683.0
969,10810,65069,0,1081.0,6506.9,0.0,-5425.9
970,11280,65514,0,1128.0,6551.4,0.0,-5423.4
971,11280,64875,0,1128.0,6487.5,0.0,-5359.5
972,8610,64608,0,861.0,6460.8,0.0,-5599.8
973,13780,65866,0,1378.0,6586.6,0.0,-5208.6
974,10350,64875,0,1035.0,6487.5,0.0,-5452.5
975,6660,63730,0,666.0,6373.0,0.0,-5707.0
976,17700,65607,0,1770.0,6560.7,0.0,-4790.7
977,8610,63572,0,861.0,6357.2,0.0,-5496.2
978,12250,64721,0,1225.0,6472.1,0.0,-5247.1
979,10350,65254,0,1035.0,6525.4,0.0,-5490.4
980,7410,64272,0,741.0,6427.2,0.0,-5686.2
981,10350,64555,0,1035.0,6455.5,0.0,-5420.5
982,26280,69752,0,2628.0,6975.2,0.0,-4347.2
983,13780,65523,0,1378.0,6552.3,0.0,-5174.3
984,24150,66571,0,2415.0,6657.1,0.0,-4242.1
985,9900,63406,0,990.0,6340.6,0.0,-5350.6
986,7410,63226,0,741.0,6322.6,0.0,-5581.6
987,20160,66623,0,2016.0,6662.3,0.0,-4646.3
988,7410,63966,0,741.0,6396.6,0.0,-5655.6
989,10350,63807,0,1035.0,6380.7,0.0,-5345.7
990,8610,63985,0,861.0,6398.5,0.0,-5537.5
991,14850,157500,0,1485.0,15750.0,0.0,-14265.0
992,9460,64170,0,946.0,6417.0,0.0,-5471.0
993,5280,61856,0,528.0,6185.6,0.0,-5657.6
994,8610,64270,0,861.0,6427.0,0.0,-5566.0
995,8200,64448,0,820.0,6444.8,0.0,-5624.8
996,10810,65227,0,1081.0,6522.7,0.0,-5441.7
997,11760,64923,0,1176.0,6492.3,0.0,-5316.3
998,12750,64338,0,1275.0,6433.8,0.0,-5158.8
999,13260,65728,0,1326.0,6572.8,0.0,-5246.8
1000,7800,66599,0,780.0,6659.9,0.0,-5879.9
1001,7410,62744,0,741.0,6274.4,0.0,-5533.4
1002,3000,61438,0,300.0,6143.8,0.0,-5843.8
1003,14310,65773,0,1431.0,6577.3,0.0,-5146.3
1004,11280,65106,0,1128.0,6510.6,0.0,-5382.6
1005,14850,64937,0,1485.0,6493.7,0.0,-5008.7
1006,18910,67000,0,1891.0,6700.0,0.0,-4809.0
1007,14850,65947,0,1485.0,6594.7,0.0,-5109.7
1008,9900,65163,0,990.0,6516.3,0.0,-5526.3
1009,12250,64821,0,1225.0,6482.1,0.0,-5257.1
1010,20160,65673,0,2016.0,6567.3,0.0,-4551.3
1011,9460,64017,0,946.0,6401.7,0.0,-5455.7
1012,11760,65202,0,1176.0,6520.2,0.0,-5344.2
1013,6300,63087,0,630.0,6308.7,0.0,-5678.7
1014,13780,65156,0,1378.0,6515.6,0.0,-5137.6
1015,9900,63752,0,990.0,6375.2,0.0,-5385.2
1016,10350,64929,0,1035.0,6492.9,0.0,-5457.9
1017,15960,66623,0,1596.0,6662.3,0.0,-5066.3
1018,6300,63504,0,630.0,6350.4,0.0,-5720.4
1019,13260,65927,0,1326.0,6592.7,0.0,-5266.7
1020,12250,65859,0,1225.0,6585.9,0.0,-5360.9
1021,9900,63349,0,990.0,6334.9,0.0,-5344.9
1022,17110,66480,0,1711.0,6648.0,0.0,-4937.0
1023,14310,65969,0,1431.0,6596.9,0.0,-5165.9
1024,10350,65950,0,1035.0,6595.0,0.0,-5560.0
1025,9030,63732,0,903.0,6373.2,0.0,-5470.2
1026,14850,66307,0,1485.0,6630.7,0.0,-5145.7
1027,13260,65944,0,1326.0,6594.4,0.0,-5268.4
1028,12250,65690,0,1225.0,6569.0,0.0,-5344.0
1029,8200,63509,0,820.0,6350.9,0.0,-5530.9
1030,13260,65973,0,1326.0,6597.3,0.0,-5271.3
1031,10810,63810,0,1081.0,6381.0,0.0,-5300.0
1032,13260,65062,0,1326.0,6506.2,0.0,-5180.2
1033,11280,61889,0,1128.0,6188.9,0.0,-5060.9
1034,10810,64948,0,1081.0,6494.8,0.0,-5413.8
1035,10350,64453,0,1035.0,6445.3,0.0,-5410.3
1036,8200,63898,0,820.0,6389.8,0.0,-5569.8
1037,11760,64473,0,1176.0,6447.3,0.0,-5271.3
1038,15400,66017,0,1540.0,6601.7,0.0,-5061.7
1039,6660,63587,0,666.0,6358.7,0.0,-5692.7
1040,6300,62508,0,630.0,6250.8,0.0,-5620.8
1041,11280,64097,0,1128.0,6409.7,0.0,-5281.7
1042,9460,64286,0,946.0,6428.6,0.0,-5482.6
1043,7410,63045,0,741.0,6304.5,0.0,-5563.5
1044,13260,65164,0,1326.0,6516.4,0.0,-5190.4
1045,13260,65856,0,1326.0,6585.6,0.0,-5259.6
1046,11760,68425,0,1176.0,6842.5,0.0,-5666.5
1047,13260,65826,0,1326.0,6582.6,0.0,-5256.6
1048,9030,64417,0,903.0,6441.7,0.0,-5538.7
1049,4650,62401,0,465.0,6240.1,0.0,-5775.1
1050,13260,65568,0,1326.0,6556.8,0.0,-5230.8
1051,11760,65273,0,1176.0,6527.3,0.0,-5351.3
1052,4060,62301,0,406.0,6230.1,0.0,-5824.1
1053,20160,68241,0,2016.0,6824.1,0.0,-4808.1
1054,24150,68249,0,2415.0,6824.9,0.0,-4409.9
1055,18910,67691,0,1891.0,6769.1,0.0,-4878.1
1056,9900,65884,0,990.0,6588.4,0.0,-5598.4
1057,14310,65284,0,1431.0,6528.4,0.0,-5097.4
1058,12250,64321,0,1225.0,6432.1,0.0,-5207.1
1059,14850,65958,0,1485.0,6595.8,0.0,-5110.8
1060,12250,64420,0,1225.0,6442.0,0.0,-5217.0
1061,6660,63531,0,666.0,6353.1,0.0,-5687.1
1062,21450,66393,0,2145.0,6639.3,0.0,-4494.3
1063,8610,64054,0,861.0,6405.4,0.0,-5544.4
1064,13260,65706,0,1326.0,6570.6,0.0,-5244.6
1065,13260,66480,0,1326.0,6648.0,0.0,-5322.0
1066,9460,64221,0,946.0,6422.1,0.0,-5476.1
1067,8610,65380,0,861.0,6538.0,0.0,-5677.0
1068,5950,62842,0,595.0,6284.2,0.0,-5689.2
1069,10350,65104,0,1035.0,6510.4,0.0,-5475.4
1070,18300,66562,0,1830.0,6656.2,0.0,-4826.2
1071,9900,64832,0,990.0,6483.2,0.0,-5493.2
1072,8610,64107,0,861.0,6410.7,0.0,-5549.7
1073,20160,66772,0,2016.0,6677.2,0.0,-4661.2
1074,7800,64188,0,780.0,6418.8,0.0,-5638.8
1075,9900,64210,0,990.0,6421.0,0.0,-5431.0
1076,11280,64824,0,1128.0,6482.4,0.0,-5354.4
1077,7410,64012,0,741.0,6401.2,0.0,-5660.2
1078,8610,63844,0,861.0,6384.4,0.0,-5523.4
1079,9460,64966,0,946.0,6496.6,0.0,-5550.6
1080,15960,66240,0,1596.0,6624.0,0.0,-5028.0
1081,11280,65763,0,1128.0,6576.3,0.0,-5448.3
1082,15960,65420,0,1596.0,6542.0,0.0,-4946.0
1083,11760,65417,0,1176.0,6541.7,0.0,-5365.7
1084,6660,62742,0,666.0,6274.2,0.0,-5608.2
1085,9900,65188,0,990.0,6518.8,0.0,-5528.8
1086,14850,65863,0,1485.0,6586.3,0.0,-5101.3
1087,12750,66310,0,1275.0,6631.0,0.0,-5356.0
1088,8200,64235,0,820.0,6423.5,0.0,-5603.5
1089,7800,63622,0,780.0,6362.2,0.0,-5582.2
1090,9460,63913,0,946.0,6391.3,0.0,-5445.3
1091,11280,64843,0,1128.0,6484.3,0.0,-5356.3
1092,12750,65256,0,1275.0,6525.6,0.0,-5250.6
1093,33210,68481,0,3321.0,6848.1,0.0,-3527.1
1094,13780,66522,0,1378.0,6652.2,0.0,-5274.2
1095,18910,67136,0,1891.0,6713.6,0.0,-4822.6
1096,13260,63052,0,1326.0,6305.2,0.0,-4979.2
1097,5610,63864,0,561.0,6386.4,0.0,-5825.4
1098,9460,63895,0,946.0,6389.5,0.0,-5443.5
1099,12750,64282,0,1275.0,6428.2,0.0,-5153.2
1100,5280,61717,0,528.0,6171.7,0.0,-5643.7
1101,9030,62445,0,903.0,6244.5,0.0,-5341.5
1102,6660,63341,0,666.0,6334.1,0.0,-5668.1
1103,7030,63254,0,703.0,6325.4,0.0,-5622.4
1104,5280,62741,0,528.0,6274.1,0.0,-5746.1
1105,5610,61170,0,561.0,6117.0,0.0,-5556.0
1106,10810,64398,0,1081.0,6439.8,0.0,-5358.8
1107,15400,66083,0,1540.0,6608.3,0.0,-5068.3
1108,8200,62706,0,820.0,6270.6,0.0,-5450.6
1109,7030,63279,0,703.0,6327.9,0.0,-5624.9
1110,7800,63158,0,780.0,6315.8,0.0,-5535.8
1111,5950,63435,0,595.0,6343.5,0.0,-5748.5
1112,9030,64132,0,903.0,6413.2,0.0,-5510.2
1113,8200,62028,0,820.0,6202.8,0.0,-5382.8
1114,7800,63038,0,780.0,6303.8,0.0,-5523.8
1115,10810,64667,0,1081.0,6466.7,0.0,-5385.7
1116,12250,64974,0,1225.0,6497.4,0.0,-5272.4
1117,12250,65279,0,1225.0,6527.9,0.0,-5302.9
1118,18300,66818,0,1830.0,6681.8,0.0,-4851.8
1119,9900,64428,0,990.0,6442.8,0.0,-5452.8
1120,13780,65509,0,1378.0,6550.9,0.0,-5172.9
1121,12750,66470,0,1275.0,6647.0,0.0,-5372.0
1122,28500,66934,0,2850.0,6693.4,0.0,-3843.4
1123,12250,65640,0,1225.0,6564.0,0.0,-5339.0
1124,9900,65230,0,990.0,6523.0,0.0,-5533.0
1125,9030,63722,0,903.0,6372.2,0.0,-5469.2
1126,5610,63345,0,561.0,6334.5,0.0,-5773.5
1127,9030,111596,0,903.0,11159.6,0.0,-10256.6
1128,6300,63048,0,630.0,6304.8,0.0,-5674.8
1129,9030,63698,0,903.0,6369.8,0.0,-5466.8
1130,9460,65355,0,946.0,6535.5,0.0,-5589.5
1131,9030,63960,0,903.0,6396.0,0.0,-5493.0
1132,13260,66490,0,1326.0,6649.0,0.0,-5323.0
1133,13260,63856,0,1326.0,6385.6,0.0,-5059.6
1134,10810,65429,0,1081.0,6542.9,0.0,-5461.9
1135,13260,66258,0,1326.0,6625.8,0.0,-5299.8
1136,9460,128571,0,946.0,12857.1,0.0,-11911.1
1137,15960,65883,0,1596.0,6588.3,0.0,-4992.3
1138,11760,64965,0,1176.0,6496.5,0.0,-5320.5
1139,6660,63233,0,666.0,6323.3,0.0,-5657.3
1140,14310,64616,0,1431.0,6461.6,0.0,-5030.6
1141,12250,64547,0,1225.0,6454.7,0.0,-5229.7
1142,7410,64528,0,741.0,6452.8,0.0,-5711.8
1143,10810,64184,0,1081.0,6418.4,0.0,-5337.4
1144,10350,64349,0,1035.0,6434.9,0.0,-5399.9
1145,13780,64307,0,1378.0,6430.7,0.0,-5052.7
1146,14310,66183,0,1431.0,6618.3,0.0,-5187.3
1147,18300,66919,0,1830.0,6691.9,0.0,-4861.9
1148,10350,64815,0,1035.0,6481.5,0.0,-5446.5
1149,8200,63111,0,820.0,6311.1,0.0,-5491.1
1150,18300,65943,0,1830.0,6594.3,0.0,-4764.3
1151,14850,66056,0,1485.0,6605.6,0.0,-5120.6
1152,11280,65109,0,1128.0,6510.9,0.0,-5382.9
1153,5610,62318,0,561.0,6231.8,0.0,-5670.8
1154,7800,63645,0,780.0,6364.5,0.0,-5584.5
1155,13780,65265,0,1378.0,6526.5,0.0,-5148.5
1156,12750,66012,0,1275.0,6601.2,0.0,-5326.2
1157,12750,64657,0,1275.0,6465.7,0.0,-5190.7
1158,10350,65194,0,1035.0,6519.4,0.0,-5484.4
1159,9460,64764,0,946.0,6476.4,0.0,-5530.4
1160,7800,64115,0,780.0,6411.5,0.0,-5631.5
1161,7800,63485,0,780.0,6348.5,0.0,-5568.5
1162,17110,65981,0,1711.0,6598.1,0.0,-4887.1
1163,8610,62206,0,861.0,6220.6,0.0,-5359.6
1164,16530,65711,0,1653.0,6571.1,0.0,-4918.1
1165,13780,66402,0,1378.0,6640.2,0.0,-5262.2
1166,10350,64497,0,1035.0,6449.7,0.0,-5414.7
1167,10810,64784,0,1081.0,6478.4,0.0,-5397.4
1168,8610,64262,0,861.0,6426.2,0.0,-5565.2
1169,17110,66398,0,1711.0,6639.8,0.0,-4928.8
1170,12250,65486,0,1225.0,6548.6,0.0,-5323.6
1171,8610,62980,0,861.0,6298.0,0.0,-5437.0
1172,11280,65567,0,1128.0,6556.7,0.0,-5428.7
1173,9030,64797,0,903.0,6479.7,0.0,-5576.7
1174,11760,64062,0,1176.0,6406.2,0.0,-5230.2
1175,10350,65386,0,1035.0,6538.6,0.0,-5503.6
1176,4960,62878,0,496.0,6287.8,0.0,-5791.8
1177,14310,64400,0,1431.0,6440.0,0.0,-5009.0
1178,11760,65339,0,1176.0,6533.9,0.0,-5357.9
1179,7410,62799,0,741.0,6279.9,0.0,-5538.9
1180,15400,66541,0,1540.0,6654.1,0.0,-5114.1
1181,10350,65377,0,1035.0,6537.7,0.0,-5502.7
1182,14310,64661,0,1431.0,6466.1,0.0,-5035.1
1183,10810,64295,0,1081.0,6429.5,0.0,-5348.5
1184,7030,63655,0,703.0,6365.5,0.0,-5662.5
1185,11280,64638,0,1128.0,6463.8,0.0,-5335.8
1186,11280,63926,0,1128.0,6392.6,0.0,-5264.6
1187,14850,66036,0,1485.0,6603.6,0.0,-5118.6
1188,9460,63500,0,946.0,6350.0,0.0,-5404.0
1189,9030,64297,0,903.0,6429.7,0.0,-5526.7
1190,7800,63347,0,780.0,6334.7,0.0,-5554.7
1191,8610,64662,0,861.0,6466.2,0.0,-5605.2
1192,7030,62177,0,703.0,6217.7,0.0,-5514.7
1193,12750,64873,0,1275.0,6487.3,0.0,-5212.3
1194,11760,65076,0,1176.0,6507.6,0.0,-5331.6
1195,13260,65777,0,1326.0,6577.7,0.0,-5251.7
1196,8610,64829,0,861.0,6482.9,0.0,-5621.9
1197,12250,66622,0,1225.0,6662.2,0.0,-5437.2
1198,15960,66037,0,1596.0,6603.7,0.0,-5007.7
1199,6300,63702,0,630.0,6370.2,0.0,-5740.2
1200,10350,65715,0,1035.0,6571.5,0.0,-5536.5
1201,3780,61753,0,378.0,6175.3,0.0,-5797.3
1202,6660,62851,0,666.0,6285.1,0.0,-5619.1
1203,15400,66445,0,1540.0,6644.5,0.0,-5104.5
1204,15960,65748,0,1596.0,6574.8,0.0,-4978.8
1205,5950,62871,0,595.0,6287.1,0.0,-5692.1
1206,7410,62907,0,741.0,6290.7,0.0,-5549.7
1207,6300,63019,0,630.0,6301.9,0.0,-5671.9
1208,9900,64806,0,990.0,6480.6,0.0,-5490.6
1209,12250,65051,0,1225.0,6505.1,0.0,-5280.1
1210,7410,63587,0,741.0,6358.7,0.0,-5617.7
1211,8200,62824,0,820.0,6282.4,0.0,-5462.4
1212,15400,64625,0,1540.0,6462.5,0.0,-4922.5
1213,9460,64149,0,946.0,6414.9,0.0,-5468.9
1214,11760,65311,0,1176.0,6531.1,0.0,-5355.1
1215,7410,63130,0,741.0,6313.0,0.0,-5572.0
1216,19530,67279,0,1953.0,6727.9,0.0,-4774.9
1217,9460,64730,0,946.0,6473.0,0.0,-5527.0
1218,13260,65416,0,1326.0,6541.6,0.0,-5215.6
1219,4650,60915,0,465.0,6091.5,0.0,-5626.5
1220,24150,67989,0,2415.0,6798.9,0.0,-4383.9
1221,8200,64123,0,820.0,6412.3,0.0,-5592.3
1222,24150,67822,0,2415.0,6782.2,0.0,-4367.2
1223,5950,62750,0,595.0,6275.0,0.0,-5680.0
1224,13260,64652,0,1326.0,6465.2,0.0,-5139.2
1225,10810,65325,0,1081.0,6532.5,0.0,-5451.5
1226,5950,63069,0,595.0,6306.9,0.0,-5711.9
1227,6300,63578,0,630.0,6357.8,0.0,-5727.8
1228,15400,69029,0,1540.0,6902.9,0.0,-5362.9
1229,4350,61631,0,435.0,6163.1,0.0,-5728.1
1230,15400,65383,0,1540.0,6538.3,0.0,-4998.3
1231,11280,65809,0,1128.0,6580.9,0.0,-5452.9
1232,10810,66208,0,1081.0,6620.8,0.0,-5539.8
1233,9900,64568,0,990.0,6456.8,0.0,-5466.8
1234,15400,66627,0,1540.0,6662.7,0.0,-5122.7
1235,8610,64356,0,861.0,6435.6,0.0,-5574.6
1236,8200,63790,0,820.0,6379.0,0.0,-5559.0
1237,7030,64626,0,703.0,6462.6,0.0,-5759.6
1238,8200,64572,0,820.0,6457.2,0.0,-5637.2
1239,15960,67018,0,1596.0,6701.8,0.0,-5105.8
1240,6300,65034,0,630.0,6503.4,0.0,-5873.4
1241,7410,63306,0,741.0,6330.6,0.0,-5589.6
1242,4650,62386,0,465.0,6238.6,0.0,-5773.6
1243,13780,65298,0,1378.0,6529.8,0.0,-5151.8
1244,5950,63511,0,595.0,6351.1,0.0,-5756.1
1245,13260,66664,0,1326.0,6666.4,0.0,-5340.4
1246,6300,63323,0,630.0,6332.3,0.0,-5702.3
1247,7030,63228,0,703.0,6322.8,0.0,-5619.8
1248,22110,68389,0,2211.0,6838.9,0.0,-4627.9
1249,11760,65718,0,1176.0,6571.8,0.0,-5395.8
1250,10350,64507,0,1035.0,6450.7,0.0,-5415.7
1251,16530,66309,0,1653.0,6630.9,0.0,-4977.9
1252,15960,66482,0,1596.0,6648.2,0.0,-5052.2
1253,10350,65380,0,1035.0,6538.0,0.0,-5503.0
1254,13780,65883,0,1378.0,6588.3,0.0,-5210.3
1255,7030,62902,0,703.0,6290.2,0.0,-5587.2
1256,7410,62148,0,741.0,6214.8,0.0,-5473.8
1257,18300,63882,0,1830.0,6388.2,0.0,-4558.2
1258,7800,63561,0,780.0,6356.1,0.0,-5576.1
1259,15400,66514,0,1540.0,6651.4,0.0,-5111.4
1260,11280,64265,0,1128.0,6426.5,0.0,-5298.5
1261,10350,64446,0,1035.0,6444.6,0.0,-5409.6
1262,14310,65982,0,1431.0,6598.2,0.0,-5167.2
1263,11280,65179,0,1128.0,6517.9,0.0,-5389.9
1264,13780,63914,0,1378.0,6391.4,0.0,-5013.4
1265,9030,63317,0,903.0,6331.7,0.0,-5428.7
1266,7410,63930,0,741.0,6393.0,0.0,-5652.0
1267,9460,62902,0,946.0,6290.2,0.0,-5344.2
1268,9460,64725,0,946.0,6472.5,0.0,-5526.5
1269,12750,65293,0,1275.0,6529.3,0.0,-5254.3
1270,4960,63407,0,496.0,6340.7,0.0,-5844.7
1271,7030,63900,0,703.0,6390.0,0.0,-5687.0
1272,7030,63202,0,703.0,6320.2,0.0,-5617.2
1273,15400,66282,0,1540.0,6628.2,0.0,-5088.2
1274,9030,63265,0,903.0,6326.5,0.0,-5423.5
1275,16530,66779,0,1653.0,6677.9,0.0,-5024.9
1276,6660,64687,0,666.0,6468.7,0.0,-5802.7
1277,9030,65224,0,903.0,6522.4,0.0,-5619.4
1278,10810,64417,0,1081.0,6441.7,0.0,-5360.7
1279,9030,63244,0,903.0,6324.4,0.0,-5421.4
1280,6660,63225,0,666.0,6322.5,0.0,-5656.5
1281,9460,63907,0,946.0,6390.7,0.0,-5444.7
1282,8200,63547,0,820.0,6354.7,0.0,-5534.7
1283,8200,63373,0,820.0,6337.3,0.0,-5517.3
1284,10350,64859,0,1035.0,6485.9,0.0,-5450.9
1285,3250,61465,0,325.0,6146.5,0.0,-5821.5
1286,9030,63046,0,903.0,6304.6,0.0,-5401.6
1287,18910,65214,0,1891.0,6521.4,0.0,-4630.4
1288,9460,64037,0,946.0,6403.7,0.0,-5457.7
1289,9460,64852,0,946.0,6485.2,0.0,-5539.2
1290,9030,65222,0,903.0,6522.2,0.0,-5619.2
1291,18910,65922,0,1891.0,6592.2,0.0,-4701.2
1292,11280,65937,0,1128.0,6593.7,0.0,-5465.7
1293,11280,64569,0,1128.0,6456.9,0.0,-5328.9
1294,12750,65322,0,1275.0,6532.2,0.0,-5257.2
1295,11760,64865,0,1176.0,6486.5,0.0,-5310.5
1296,16530,66231,0,1653.0,6623.1,0.0,-4970.1
1297,9030,64850,0,903.0,6485.0,0.0,-5582.0
1298,11760,66568,0,1176.0,6656.8,0.0,-5480.8
1299,7030,62766,0,703.0,6276.6,0.0,-5573.6
1300,18300,66458,0,1830.0,6645.8,0.0,-4815.8
1301,5950,63281,0,595.0,6328.1,0.0,-5733.1
1302,5950,62411,0,595.0,6241.1,0.0,-5646.1
1303,15960,65946,0,1596.0,6594.6,0.0,-4998.6
1304,10810,64713,0,1081.0,6471.3,0.0,-5390.3
1305,16530,66863,0,1653.0,6686.3,0.0,-5033.3
1306,10350,64532,0,1035.0,6453.2,0.0,-5418.2
1307,5610,63027,0,561.0,6302.7,0.0,-5741.7
1308,15400,66287,0,1540.0,6628.7,0.0,-5088.7
1309,11760,65975,0,1176.0,6597.5,0.0,-5421.5
1310,4350,62274,0,435.0,6227.4,0.0,-5792.4
1311,17700,66424,0,1770.0,6642.4,0.0,-4872.4
1312,7410,64065,0,741.0,6406.5,0.0,-5665.5
1313,11760,64085,0,1176.0,6408.5,0.0,-5232.5
1314,8200,64101,0,820.0,6410.1,0.0,-5590.1
1315,16530,67178,0,1653.0,6717.8,0.0,-5064.8
1316,9030,63330,0,903.0,6333.0,0.0,-5430.0
1317,10810,65731,0,1081.0,6573.1,0.0,-5492.1
1318,9030,63830,0,903.0,6383.0,0.0,-5480.0
1319,16530,65063,0,1653.0,6506.3,0.0,-4853.3
1320,7410,62962,0,741.0,6296.2,0.0,-5555.2
1321,14310,65889,0,1431.0,6588.9,0.0,-5157.9
1322,13780,64782,0,1378.0,6478.2,0.0,-5100.2
1323,6300,63763,0,630.0,6376.3,0.0,-5746.3
1324,15960,67292,0,1596.0,6729.2,0.0,-5133.2
1325,9030,63075,0,903.0,6307.5,0.0,-5404.5
1326,9030,63914,0,903.0,6391.4,0.0,-5488.4
1327,9460,63513,0,946.0,6351.3,0.0,-5405.3
1328,5610,62896,0,561.0,6289.6,0.0,-5728.6
1329,7030,64289,0,703.0,6428.9,0.0,-5725.9
1330,9030,63850,0,903.0,6385.0,0.0,-5482.0
1331,7410,61752,0,741.0,6175.2,0.0,-5434.2
1332,14850,64920,0,1485.0,6492.0,0.0,-5007.0
1333,10350,65182,0,1035.0,6518.2,0.0,-5483.2
1334,7800,63599,0,780.0,6359.9,0.0,-5579.9
1335,11280,65540,0,1128.0,6554.0,0.0,-5426.0
1336,6300,62961,0,630.0,6296.1,0.0,-5666.1
1337,15400,66125,0,1540.0,6612.5,0.0,-5072.5
1338,6660,62658,0,666.0,6265.8,0.0,-5599.8
1339,18910,65996,0,1891.0,6599.6,0.0,-4708.6
1340,12750,65874,0,1275.0,6587.4,0.0,-5312.4
1341,17700,67857,0,1770.0,6785.7,0.0,-5015.7
1342,8610,64739,0,861.0,6473.9,0.0,-5612.9
1343,7800,65432,0,780.0,6543.2,0.0,-5763.2
1344,16530,66121,0,1653.0,6612.1,0.0,-4959.1
1345,7800,64480,0,780.0,6448.0,0.0,-5668.0
1346,7030,63136,0,703.0,6313.6,0.0,-5610.6
1347,10810,65249,0,1081.0,6524.9,0.0,-5443.9
1348,9030,64610,0,903.0,6461.0,0.0,-5558.0
1349,4650,62053,0,465.0,6205.3,0.0,-5740.3
1350,13260,66312,0,1326.0,6631.2,0.0,-5305.2
1351,7410,63800,0,741.0,6380.0,0.0,-5639.0
1352,19530,69147,0,1953.0,6914.7,0.0,-4961.7
1353,14310,64908,0,1431.0,6490.8,0.0,-5059.8
1354,8610,63420,0,861.0,6342.0,0.0,-5481.0
1355,13260,65694,0,1326.0,6569.4,0.0,-5243.4
1356,11760,65298,0,1176.0,6529.8,0.0,-5353.8
1357,15400,65500,0,1540.0,6550.0,0.0,-5010.0
1358,12750,65873,0,1275.0,6587.3,0.0,-5312.3
1359,23460,67045,0,2346.0,6704.5,0.0,-4358.5
1360,7030,63190,0,703.0,6319.0,0.0,-5616.0
1361,20800,67080,0,2080.0,6708.0,0.0,-4628.0
1362,7410,64410,0,741.0,6441.0,0.0,-5700.0
1363,11280,64706,0,1128.0,6470.6,0.0,-5342.6
1364,20800,67850,0,2080.0,6785.0,0.0,-4705.0
1365,20800,67225,0,2080.0,6722.5,0.0,-4642.5
1366,10810,69417,0,1081.0,6941.7,0.0,-5860.7
1367,8610,64732,0,861.0,6473.2,0.0,-5612.2
1368,9900,64451,0,990.0,6445.1,0.0,-5455.1
1369,16530,65508,0,1653.0,6550.8,0.0,-4897.8
1370,9900,64584,0,990.0,6458.4,0.0,-5468.4
1371,8200,64479,0,820.0,6447.9,0.0,-5627.9
1372,11280,64920,0,1128.0,6492.0,0.0,-5364.0
1373,8200,64198,0,820.0,6419.8,0.0,-5599.8
1374,5280,62690,0,528.0,6269.0,0.0,-5741.0
1375,10350,65067,0,1035.0,6506.7,0.0,-5471.7
1376,37410,68347,0,3741.0,6834.7,0.0,-3093.7
1377,11280,65304,0,1128.0,6530.4,0.0,-5402.4
1378,6300,62763,0,630.0,6276.3,0.0,-5646.3
1379,5280,66520,0,528.0,6652.0,0.0,-6124.0
1380,12250,64980,0,1225.0,6498.0,0.0,-5273.0
1381,12750,66307,0,1275.0,6630.7,0.0,-5355.7
1382,12750,64497,0,1275.0,6449.7,0.0,-5174.7
1383,5280,62888,0,528.0,6288.8,0.0,-5760.8
1384,10350,64649,0,1035.0,6464.9,0.0,-5429.9
1385,8200,64949,0,820.0,6494.9,0.0,-5674.9
1386,26280,70688,0,2628.0,7068.8,0.0,-4440.8
1387,10350,64286,0,1035.0,6428.6,0.0,-5393.6
1388,11760,65918,0,1176.0,6591.8,0.0,-5415.8
1389,10350,64602,0,1035.0,6460.2,0.0,-5425.2
1390,8610,64858,0,861.0,6485.8,0.0,-5624.8
1391,7030,63293,0,703.0,6329.3,0.0,-5626.3
1392,11280,65547,0,1128.0,6554.7,0.0,-5426.7
1393,11760,65308,0,1176.0,6530.8,0.0,-5354.8
1394,11280,65431,0,1128.0,6543.1,0.0,-5415.1
1395,5950,62848,0,595.0,6284.8,0.0,-5689.8
1396,13260,65338,0,1326.0,6533.8,0.0,-5207.8
1397,5610,62911,0,561.0,6291.1,0.0,-5730.1
1398,8200,63571,0,820.0,6357.1,0.0,-5537.1
1399,8200,63994,0,820.0,6399.4,0.0,-5579.4
1400,10350,63963,0,1035.0,6396.3,0.0,-5361.3
1401,16530,66393,0,1653.0,6639.3,0.0,-4986.3
1402,18300,65999,0,1830.0,6599.9,0.0,-4769.9
1403,9030,64719,0,903.0,6471.9,0.0,-5568.9
1404,17700,67476,0,1770.0,6747.6,0.0,-4977.6
1405,9030,63881,0,903.0,6388.1,0.0,-5485.1
1406,14310,65845,0,1431.0,6584.5,0.0,-5153.5
1407,13260,64628,0,1326.0,6462.8,0.0,-5136.8
1408,8610,63539,0,861.0,6353.9,0.0,-5492.9
1409,10810,64069,0,1081.0,6406.9,0.0,-5325.9
1410,14310,66306,0,1431.0,6630.6,0.0,-5199.6
1411,4650,62171,0,465.0,6217.1,0.0,-5752.1
1412,13780,67580,0,1378.0,6758.0,0.0,-5380.0
1413,6660,63084,0,666.0,6308.4,0.0,-5642.4
1414,13780,64090,0,1378.0,6409.0,0.0,-5031.0
1415,8610,64361,0,861.0,6436.1,0.0,-5575.1
1416,9900,63898,0,990.0,6389.8,0.0,-5399.8
1417,15400,66085,0,1540.0,6608.5,0.0,-5068.5
1418,17110,66638,0,1711.0,6663.8,0.0,-4952.8
1419,14310,65162,0,1431.0,6516.2,0.0,-5085.2
1420,16530,66957,0,1653.0,6695.7,0.0,-5042.7
1421,4350,61540,0,435.0,6154.0,0.0,-5719.0
1422,9030,63955,0,903.0,6395.5,0.0,-5492.5
1423,9900,64037,0,990.0,6403.7,0.0,-5413.7
1424,9460,65602,0,946.0,6560.2,0.0,-5614.2
1425,14850,66073,0,1485.0,6607.3,0.0,-5122.3
1426,12750,65635,0,1275.0,6563.5,0.0,-5288.5
1427,9030,63325,0,903.0,6332.5,0.0,-5429.5
1428,11280,65799,0,1128.0,6579.9,0.0,-5451.9
1429,9900,64332,0,990.0,6433.2,0.0,-5443.2
1430,13780,64667,0,1378.0,6466.7,0.0,-5088.7
1431,16530,67168,0,1653.0,6716.8,0.0,-5063.8
1432,10350,65245,0,1035.0,6524.5,0.0,-5489.5
1433,16530,65930,0,1653.0,6593.0,0.0,-4940.0
1434,14310,64894,0,1431.0,6489.4,0.0,-5058.4
1435,11280,65326,0,1128.0,6532.6,0.0,-5404.6
1436,14310,65926,0,1431.0,6592.6,0.0,-5161.6
1437,9900,64417,0,990.0,6441.7,0.0,-5451.7
1438,14310,65126,0,1431.0,6512.6,0.0,-5081.6
1439,12750,65449,0,1275.0,6544.9,0.0,-5269.9
1440,15960,65976,0,1596.0,6597.6,0.0,-5001.6
1441,15960,65706,0,1596.0,6570.6,0.0,-4974.6
1442,12750,65431,0,1275.0,6543.1,0.0,-5268.1
1443,13780,65379,0,1378.0,6537.9,0.0,-5159.9
1444,10350,64995,0,1035.0,6499.5,0.0,-5464.5
1445,14850,67005,0,1485.0,6700.5,0.0,-5215.5
1446,8200,63470,0,820.0,6347.0,0.0,-5527.0
1447,15960,66300,0,1596.0,6630.0,0.0,-5034.0
1448,24150,67029,0,2415.0,6702.9,0.0,-4287.9
1449,15960,66056,0,1596.0,6605.6,0.0,-5009.6
1450,10810,64321,0,1081.0,6432.1,0.0,-5351.1
1451,11280,65431,0,1128.0,6543.1,0.0,-5415.1
1452,11760,65646,0,1176.0,6564.6,0.0,-5388.6
1453,9900,65003,0,990.0,6500.3,0.0,-5510.3
1454,12750,63541,0,1275.0,6354.1,0.0,-5079.1
1455,13780,66089,0,1378.0,6608.9,0.0,-5230.9
1456,13260,65222,0,1326.0,6522.2,0.0,-5196.2
1457,16530,66550,0,1653.0,6655.0,0.0,-5002.0
1458,9030,63950,0,903.0,6395.0,0.0,-5492.0
1459,7800,63190,0,780.0,6319.0,0.0,-5539.0
1460,11280,65611,0,1128.0,6561.1,0.0,-5433.1
1461,14850,65392,0,1485.0,6539.2,0.0,-5054.2
1462,11760,63986,0,1176.0,6398.6,0.0,-5222.6
1463,14310,64997,0,1431.0,6499.7,0.0,-5068.7
1464,7410,64304,0,741.0,6430.4,0.0,-5689.4
1465,10810,63640,0,1081.0,6364.0,0.0,-5283.0
1466,15960,65876,0,1596.0,6587.6,0.0,-4991.6
1467,4350,61304,0,435.0,6130.4,0.0,-5695.4
1468,9460,65412,0,946.0,6541.2,0.0,-5595.2
1469,19530,65737,0,1953.0,6573.7,0.0,-4620.7
1470,20160,66985,0,2016.0,6698.5,0.0,-4682.5
1471,15960,67416,0,1596.0,6741.6,0.0,-5145.6
1472,22110,67854,0,2211.0,6785.4,0.0,-4574.4
1473,15960,66158,0,1596.0,6615.8,0.0,-5019.8
1474,8200,64629,0,820.0,6462.9,0.0,-5642.9
1475,14310,65192,0,1431.0,6519.2,0.0,-5088.2
1476,17110,66218,0,1711.0,6621.8,0.0,-4910.8
1477,7030,64105,0,703.0,6410.5,0.0,-5707.5
1478,4350,62302,0,435.0,6230.2,0.0,-5795.2
1479,16530,65874,0,1653.0,6587.4,0.0,-4934.4
1480,7800,63031,0,780.0,6303.1,0.0,-5523.1
1481,12750,65765,0,1275.0,6576.5,0.0,-5301.5
1482,19530,66743,0,1953.0,6674.3,0.0,-4721.3
1483,3780,60777,0,378.0,6077.7,0.0,-5699.7
1484,14850,65360,0,1485.0,6536.0,0.0,-5051.0
1485,10350,63841,0,1035.0,6384.1,0.0,-5349.1
1486,11280,64562,0,1128.0,6456.2,0.0,-5328.2
1487,10350,65103,0,1035.0,6510.3,0.0,-5475.3
1488,13260,65256,0,1326.0,6525.6,0.0,-5199.6
1489,8200,63787,0,820.0,6378.7,0.0,-5558.7
1490,9900,66164,0,990.0,6616.4,0.0,-5626.4
1491,7800,63495,0,780.0,6349.5,0.0,-5569.5
1492,11280,65262,0,1128.0,6526.2,0.0,-5398.2
1493,13780,66192,0,1378.0,6619.2,0.0,-5241.2
1494,8200,63549,0,820.0,6354.9,0.0,-5534.9
1495,9900,65219,0,990.0,6521.9,0.0,-5531.9
1496,7030,62489,0,703.0,6248.9,0.0,-5545.9
1497,7800,64331,0,780.0,6433.1,0.0,-5653.1
1498,22780,67248,0,2278.0,6724.8,0.0,-4446.8
1499,14850,65653,0,1485.0,6565.3,0.0,-5080.3
1500,7800,62843,0,780.0,6284.3,0.0,-5504.3
1501,9030,64109,0,903.0,6410.9,0.0,-5507.9
1502,6660,63907,0,666.0,6390.7,0.0,-5724.7
1503,7800,63865,0,780.0,6386.5,0.0,-5606.5
1504,10810,64998,0,1081.0,6499.8,0.0,-5418.8
1505,12250,63778,0,1225.0,6377.8,0.0,-5152.8
1506,9900,63802,0,990.0,6380.2,0.0,-5390.2
1507,11280,65498,0,1128.0,6549.8,0.0,-5421.8
1508,9900,65526,0,990.0,6552.6,0.0,-5562.6
1509,6660,62799,0,666.0,6279.9,0.0,-5613.9
1510,18300,66695,0,1830.0,6669.5,0.0,-4839.5
1511,13260,66369,0,1326.0,6636.9,0.0,-5310.9
1512,17110,66991,0,1711.0,6699.1,0.0,-4988.1
1513,18910,66373,0,1891.0,6637.3,0.0,-4746.3
1514,8200,64650,0,820.0,6465.0,0.0,-5645.0
1515,10810,65444,0,1081.0,6544.4,0.0,-5463.4
1516,7410,63589,0,741.0,6358.9,0.0,-5617.9
1517,6300,63468,0,630.0,6346.8,0.0,-5716.8
1518,8200,63817,0,820.0,6381.7,0.0,-5561.7
1519,18300,66079,0,1830.0,6607.9,0.0,-4777.9
1520,14850,66079,0,1485.0,6607.9,0.0,-5122.9
1521,10350,64657,0,1035.0,6465.7,0.0,-5430.7
1522,8610,96483,0,861.0,9648.3,0.0,-8787.3
1523,4350,61755,0,435.0,6175.5,0.0,-5740.5
1524,14310,65827,0,1431.0,6582.7,0.0,-5151.7
1525,9460,64480,0,946.0,6448.0,0.0,-5502.0
1526,12250,65086,0,1225.0,6508.6,0.0,-5283.6
1527,4960,62551,0,496.0,6255.1,0.0,-5759.1
1528,10810,65056,0,1081.0,6505.6,0.0,-5424.6
1529,8610,62725,0,861.0,6272.5,0.0,-5411.5
1530,15960,67207,0,1596.0,6720.7,0.0,-5124.7
1531,10350,64338,0,1035.0,6433.8,0.0,-5398.8
1532,4060,62411,0,406.0,6241.1,0.0,-5835.1
1533,8610,64450,0,861.0,6445.0,0.0,-5584.0
1534,13780,65210,0,1378.0,6521.0,0.0,-5143.0
1535,9460,63994,0,946.0,6399.4,0.0,-5453.4
1536,5610,63358,0,561.0,6335.8,0.0,-5774.8
1537,10810,64547,0,1081.0,6454.7,0.0,-5373.7
1538,15960,66407,0,1596.0,6640.7,0.0,-5044.7
1539,17700,66381,0,1770.0,6638.1,0.0,-4868.1
1540,9460,63845,0,946.0,6384.5,0.0,-5438.5
1541,6660,63319,0,666.0,6331.9,0.0,-5665.9
1542,7410,63446,0,741.0,6344.6,0.0,-5603.6
1543,7030,64505,0,703.0,6450.5,0.0,-5747.5
1544,9030,64692,0,903.0,6469.2,0.0,-5566.2
1545,5280,62202,0,528.0,6220.2,0.0,-5692.2
1546,5610,63336,0,561.0,6333.6,0.0,-5772.6
1547,12250,64694,0,1225.0,6469.4,0.0,-5244.4
1548,13260,65402,0,1326.0,6540.2,0.0,-5214.2
1549,9030,62335,0,903.0,6233.5,0.0,-5330.5
1550,12250,65846,0,1225.0,6584.6,0.0,-5359.6
1551,15400,65519,0,1540.0,6551.9,0.0,-5011.9
1552,7800,63871,0,780.0,6387.1,0.0,-5607.1
1553,12750,66498,0,1275.0,6649.8,0.0,-5374.8
1554,6660,63570,0,666.0,6357.0,0.0,-5691.0
1555,12250,65797,0,1225.0,6579.7,0.0,-5354.7
1556,5610,62371,0,561.0,6237.1,0.0,-5676.1
1557,17110,66102,0,1711.0,6610.2,0.0,-4899.2
1558,17700,65974,0,1770.0,6597.4,0.0,-4827.4
1559,9030,64033,0,903.0,6403.3,0.0,-5500.3
1560,12750,65513,0,1275.0,6551.3,0.0,-5276.3
1561,2100,59157,0,210.0,5915.7,0.0,-5705.7
1562,15400,65940,0,1540.0,6594.0,0.0,-5054.0
1563,15960,66789,0,1596.0,6678.9,0.0,-5082.9
1564,20800,67385,0,2080.0,6738.5,0.0,-4658.5
1565,11280,63338,0,1128.0,6333.8,0.0,-5205.8
1566,6660,62997,0,666.0,6299.7,0.0,-5633.7
1567,24150,68245,0,2415.0,6824.5,0.0,-4409.5
1568,12250,64754,0,1225.0,6475.4,0.0,-5250.4
1569,7800,63384,0,780.0,6338.4,0.0,-5558.4
1570,10350,65202,0,1035.0,6520.2,0.0,-5485.2
1571,9030,65070,0,903.0,6507.0,0.0,-5604.0
1572,11760,65925,0,1176.0,6592.5,0.0,-5416.5
1573,15960,65523,0,1596.0,6552.3,0.0,-4956.3
1574,10810,65014,0,1081.0,6501.4,0.0,-5420.4
1575,8200,64931,0,820.0,6493.1,0.0,-5673.1
1576,10350,64501,0,1035.0,6450.1,0.0,-5415.1
1577,11280,64129,0,1128.0,6412.9,0.0,-5284.9
1578,10350,64030,0,1035.0,6403.0,0.0,-5368.0
1579,7800,63387,0,780.0,6338.7,0.0,-5558.7
1580,5610,62982,0,561.0,6298.2,0.0,-5737.2
1581,17700,67125,0,1770.0,6712.5,0.0,-4942.5
1582,9030,64351,0,903.0,6435.1,0.0,-5532.1
1583,11760,65511,0,1176.0,6551.1,0.0,-5375.1
1584,11280,64156,0,1128.0,6415.6,0.0,-5287.6
1585,13780,66303,0,1378.0,6630.3,0.0,-5252.3
1586,16530,65634,0,1653.0,6563.4,0.0,-4910.4
1587,11760,64947,0,1176.0,6494.7,0.0,-5318.7
1588,10350,65080,0,1035.0,6508.0,0.0,-5473.0
1589,4060,61209,0,406.0,6120.9,0.0,-5714.9
1590,7030,61441,0,703.0,6144.1,0.0,-5441.1
1591,6660,64089,0,666.0,6408.9,0.0,-5742.9
1592,18910,65899,0,1891.0,6589.9,0.0,-4698.9
1593,7410,64106,0,741.0,6410.6,0.0,-5669.6
1594,9900,64019,0,990.0,6401.9,0.0,-5411.9
1595,14310,64847,0,1431.0,6484.7,0.0,-5053.7
1596,11280,64605,0,1128.0,6460.5,0.0,-5332.5
1597,15400,66142,0,1540.0,6614.2,0.0,-5074.2
1598,6300,63382,0,630.0,6338.2,0.0,-5708.2
1599,14850,65521,0,1485.0,6552.1,0.0,-5067.1
1600,9030,63899,0,903.0,6389.9,0.0,-5486.9
1601,14850,69026,0,1485.0,6902.6,0.0,-5417.6
1602,8200,63961,0,820.0,6396.1,0.0,-5576.1
1603,8610,64214,0,861.0,6421.4,0.0,-5560.4
1604,10350,63585,0,1035.0,6358.5,0.0,-5323.5
1605,5950,62672,0,595.0,6267.2,0.0,-5672.2
1606,11760,65500,0,1176.0,6550.0,0.0,-5374.0
1607,5280,63315,0,528.0,6331.5,0.0,-5803.5
1608,8610,63114,0,861.0,6311.4,0.0,-5450.4
1609,9460,64003,0,946.0,6400.3,0.0,-5454.3
1610,12750,65468,0,1275.0,6546.8,0.0,-5271.8
1611,11280,65837,0,1128.0,6583.7,0.0,-5455.7
1612,8610,63669,0,861.0,6366.9,0.0,-5505.9
1613,12250,64035,0,1225.0,6403.5,0.0,-5178.5
1614,8610,64573,0,861.0,6457.3,0.0,-5596.3
1615,4960,61830,0,496.0,6183.0,0.0,-5687.0
1616,9900,64358,0,990.0,6435.8,0.0,-5445.8
1617,9030,64169,0,903.0,6416.9,0.0,-5513.9
1618,15960,67417,0,1596.0,6741.7,0.0,-5145.7
1619,7410,63075,0,741.0,6307.5,0.0,-5566.5
1620,11280,64666,0,1128.0,6466.6,0.0,-5338.6
1621,13260,66631,0,1326.0,6663.1,0.0,-5337.1
1622,8610,63887,0,861.0,6388.7,0.0,-5527.7
1623,9460,63787,0,946.0,6378.7,0.0,-5432.7
1624,7800,62671,0,780.0,6267.1,0.0,-5487.1
1625,14310,64580,0,1431.0,6458.0,0.0,-5027.0
1626,7030,63525,0,703.0,6352.5,0.0,-5649.5
1627,8200,63023,0,820.0,6302.3,0.0,-5482.3
1628,9900,63223,0,990.0,6322.3,0.0,-5332.3
1629,12250,65214,0,1225.0,6521.4,0.0,-5296.4
1630,13780,66543,0,1378.0,6654.3,0.0,-5276.3
1631,5950,63401,0,595.0,6340.1,0.0,-5745.1
1632,10810,64560,0,1081.0,6456.0,0.0,-5375.0
1633,12250,65162,0,1225.0,6516.2,0.0,-5291.2
1634,8200,63191,0,820.0,6319.1,0.0,-5499.1
1635,5950,63885,0,595.0,6388.5,0.0,-5793.5
1636,4960,62284,0,496.0,6228.4,0.0,-5732.4
1637,12250,66155,0,1225.0,6615.5,0.0,-5390.5
1638,10350,65492,0,1035.0,6549.2,0.0,-5514.2
1639,11760,64988,0,1176.0,6498.8,0.0,-5322.8
1640,11760,65073,0,1176.0,6507.3,0.0,-5331.3
1641,13260,65980,0,1326.0,6598.0,0.0,-5272.0
1642,5950,63600,0,595.0,6360.0,0.0,-5765.0
1643,10810,65652,0,1081.0,6565.2,0.0,-5484.2
1644,18300,65189,0,1830.0,6518.9,0.0,-4688.9
1645,14850,64739,0,1485.0,6473.9,0.0,-4988.9
1646,13260,64752,0,1326.0,6475.2,0.0,-5149.2
1647,11280,63985,0,1128.0,6398.5,0.0,-5270.5
1648,8610,64208,0,861.0,6420.8,0.0,-5559.8
1649,13260,64649,0,1326.0,6464.9,0.0,-5138.9
1650,7800,63852,0,780.0,6385.2,0.0,-5605.2
1651,9030,63795,0,903.0,6379.5,0.0,-5476.5
1652,9900,64930,0,990.0,6493.0,0.0,-5503.0
1653,9460,64672,0,946.0,6467.2,0.0,-5521.2
1654,12750,65192,0,1275.0,6519.2,0.0,-5244.2
1655,9460,64849,0,946.0,6484.9,0.0,-5538.9
1656,11760,65635,0,1176.0,6563.5,0.0,-5387.5
1657,9460,63932,0,946.0,6393.2,0.0,-5447.2
1658,5950,62779,0,595.0,6277.9,0.0,-5682.9
1659,9900,65520,0,990.0,6552.0,0.0,-5562.0
1660,10350,66409,0,1035.0,6640.9,0.0,-5605.9
1661,9900,72358,0,990.0,7235.8,0.0,-6245.8
1662,12250,64764,0,1225.0,6476.4,0.0,-5251.4
1663,9900,65093,0,990.0,6509.3,0.0,-5519.3
1664,7030,63730,0,703.0,6373.0,0.0,-5670.0
1665,9900,65264,0,990.0,6526.4,0.0,-5536.4
1666,12250,65234,0,1225.0,6523.4,0.0,-5298.4
1667,14850,66474,0,1485.0,6647.4,0.0,-5162.4
1668,8610,64553,0,861.0,6455.3,0.0,-5594.3
1669,7800,63190,0,780.0,6319.0,0.0,-5539.0
1670,7800,63924,0,780.0,6392.4,0.0,-5612.4
1671,23460,67280,0,2346.0,6728.0,0.0,-4382.0
1672,9030,64237,0,903.0,6423.7,0.0,-5520.7
1673,13260,66859,0,1326.0,6685.9,0.0,-5359.9
1674,13260,64087,0,1326.0,6408.7,0.0,-5082.7
1675,14850,65485,0,1485.0,6548.5,0.0,-5063.5
1676,10810,64140,0,1081.0,6414.0,0.0,-5333.0
1677,14850,83397,0,1485.0,8339.7,0.0,-6854.7
1678,7800,63750,0,780.0,6375.0,0.0,-5595.0
1679,6660,63511,0,666.0,6351.1,0.0,-5685.1
1680,12750,64484,0,1275.0,6448.4,0.0,-5173.4
1681,3250,62040,0,325.0,6204.0,0.0,-5879.0
1682,8610,63390,0,861.0,6339.0,0.0,-5478.0
1683,12750,65191,0,1275.0,6519.1,0.0,-5244.1
1684,11280,64740,0,1128.0,6474.0,0.0,-5346.0
1685,8610,63548,0,861.0,6354.8,0.0,-5493.8
1686,12250,65159,0,1225.0,6515.9,0.0,-5290.9
1687,20800,67142,0,2080.0,6714.2,0.0,-4634.2
1688,17700,65913,0,1770.0,6591.3,0.0,-4821.3
1689,8200,63989,0,820.0,6398.9,0.0,-5578.9
1690,7030,62983,0,703.0,6298.3,0.0,-5595.3
1691,10350,64903,0,1035.0,6490.3,0.0,-5455.3
1692,7800,63630,0,780.0,6363.0,0.0,-5583.0
1693,5950,63152,0,595.0,6315.2,0.0,-5720.2
1694,12750,66065,0,1275.0,6606.5,0.0,-5331.5
1695,22110,66682,0,2211.0,6668.2,0.0,-4457.2
1696,13260,64271,0,1326.0,6427.1,0.0,-5101.1
1697,13780,66535,0,1378.0,6653.5,0.0,-5275.5
1698,11280,65376,0,1128.0,6537.6,0.0,-5409.6
1699,7410,62023,0,741.0,6202.3,0.0,-5461.3
1700,7410,64144,0,741.0,6414.4,0.0,-5673.4
1701,9030,64339,0,903.0,6433.9,0.0,-5530.9
1702,7030,64071,0,703.0,6407.1,0.0,-5704.1
1703,8200,64167,0,820.0,6416.7,0.0,-5596.7
1704,6300,63633,0,630.0,6363.3,0.0,-5733.3
1705,9030,64774,0,903.0,6477.4,0.0,-5574.4
1706,7410,64326,0,741.0,6432.6,0.0,-5691.6
1707,24150,66742,0,2415.0,6674.2,0.0,-4259.2
1708,9030,63397,0,903.0,6339.7,0.0,-5436.7
1709,9460,64648,0,946.0,6464.8,0.0,-5518.8
1710,6300,62908,0,630.0,6290.8,0.0,-5660.8
1711,10810,65427,0,1081.0,6542.7,0.0,-5461.7
1712,12750,65986,0,1275.0,6598.6,0.0,-5323.6
1713,7410,63128,0,741.0,6312.8,0.0,-5571.8
1714,8200,63697,0,820.0,6369.7,0.0,-5549.7
1715,11280,65212,0,1128.0,6521.2,0.0,-5393.2
1716,13260,65643,0,1326.0,6564.3,0.0,-5238.3
1717,15960,66182,0,1596.0,6618.2,0.0,-5022.2
1718,20160,66785,0,2016.0,6678.5,0.0,-4662.5
1719,12750,65281,0,1275.0,6528.1,0.0,-5253.1
1720,7030,64670,0,703.0,6467.0,0.0,-5764.0
1721,15960,66544,0,1596.0,6654.4,0.0,-5058.4
1722,12250,65937,0,1225.0,6593.7,0.0,-5368.7
1723,12750,66075,0,1275.0,6607.5,0.0,-5332.5
1724,11280,66028,0,1128.0,6602.8,0.0,-5474.8
1725,9030,64698,0,903.0,6469.8,0.0,-5566.8
1726,9030,63975,0,903.0,6397.5,0.0,-5494.5
1727,7800,64393,0,780.0,6439.3,0.0,-5659.3
1728,9900,64630,0,990.0,6463.0,0.0,-5473.0
1729,14850,66280,0,1485.0,6628.0,0.0,-5143.0
1730,9460,63799,0,946.0,6379.9,0.0,-5433.9
1731,6300,62911,0,630.0,6291.1,0.0,-5661.1
1732,9460,63702,0,946.0,6370.2,0.0,-5424.2
1733,10810,64298,0,1081.0,6429.8,0.0,-5348.8
1734,7030,63938,0,703.0,6393.8,0.0,-5690.8
1735,11760,65336,0,1176.0,6533.6,0.0,-5357.6
1736,14850,65733,0,1485.0,6573.3,0.0,-5088.3
1737,10350,64938,0,1035.0,6493.8,0.0,-5458.8
1738,12750,65350,0,1275.0,6535.0,0.0,-5260.0
1739,13780,65739,0,1378.0,6573.9,0.0,-5195.9
1740,4350,62639,0,435.0,6263.9,0.0,-5828.9
1741,7800,64237,0,780.0,6423.7,0.0,-5643.7
1742,5610,61834,0,561.0,6183.4,0.0,-5622.4
1743,7410,63071,0,741.0,6307.1,0.0,-5566.1
1744,11760,64023,0,1176.0,6402.3,0.0,-5226.3
1745,9460,65350,0,946.0,6535.0,0.0,-5589.0
1746,5950,61494,0,595.0,6149.4,0.0,-5554.4
1747,25560,71438,0,2556.0,7143.8,0.0,-4587.8
1748,13260,65254,0,1326.0,6525.4,0.0,-5199.4
1749,7030,62184,0,703.0,6218.4,0.0,-5515.4
1750,37410,71259,0,3741.0,7125.9,0.0,-3384.9
1751,10810,63856,0,1081.0,6385.6,0.0,-5304.6
1752,7800,63403,0,780.0,6340.3,0.0,-5560.3
1753,9900,64618,0,990.0,6461.8,0.0,-5471.8
1754,15400,66968,0,1540.0,6696.8,0.0,-5156.8
1755,11760,65012,0,1176.0,6501.2,0.0,-5325.2
1756,12250,65209,0,1225.0,6520.9,0.0,-5295.9
1757,9030,65212,0,903.0,6521.2,0.0,-5618.2
1758,16530,66561,0,1653.0,6656.1,0.0,-5003.1
1759,11760,64400,0,1176.0,6440.0,0.0,-5264.0
1760,7800,64041,0,780.0,6404.1,0.0,-5624.1
1761,11280,65476,0,1128.0,6547.6,0.0,-5419.6
1762,7030,62753,0,703.0,6275.3,0.0,-5572.3
1763,11760,65235,0,1176.0,6523.5,0.0,-5347.5
1764,13260,65614,0,1326.0,6561.4,0.0,-5235.4
1765,12250,64630,0,1225.0,6463.0,0.0,-5238.0
1766,11280,63405,0,1128.0,6340.5,0.0,-5212.5
1767,2100,60595,0,210.0,6059.5,0.0,-5849.5
1768,8610,64748,0,861.0,6474.8,0.0,-5613.8
1769,11760,65770,0,1176.0,6577.0,0.0,-5401.0
1770,15960,67462,0,1596.0,6746.2,0.0,-5150.2
1771,8200,62770,0,820.0,6277.0,0.0,-5457.0
1772,6300,62458,0,630.0,6245.8,0.0,-5615.8
1773,18300,66434,0,1830.0,6643.4,0.0,-4813.4
1774,10810,65271,0,1081.0,6527.1,0.0,-5446.1
1775,8610,64464,0,861.0,6446.4,0.0,-5585.4
1776,15960,68332,0,1596.0,6833.2,0.0,-5237.2
1777,11760,63805,0,1176.0,6380.5,0.0,-5204.5
1778,10350,64629,0,1035.0,6462.9,0.0,-5427.9
1779,13260,64935,0,1326.0,6493.5,0.0,-5167.5
1780,18300,66437,0,1830.0,6643.7,0.0,-4813.7
1781,6660,63602,0,666.0,6360.2,0.0,-5694.2
1782,12250,65994,0,1225.0,6599.4,0.0,-5374.4
1783,6660,63301,0,666.0,6330.1,0.0,-5664.1
1784,12750,65855,0,1275.0,6585.5,0.0,-5310.5
1785,5950,62906,0,595.0,6290.6,0.0,-5695.6
1786,20160,66686,0,2016.0,6668.6,0.0,-4652.6
1787,17110,66408,0,1711.0,6640.8,0.0,-4929.8
1788,17110,66431,0,1711.0,6643.1,0.0,-4932.1
1789,13780,67325,0,1378.0,6732.5,0.0,-5354.5
1790,8200,62822,0,820.0,6282.2,0.0,-5462.2
1791,10350,63688,0,1035.0,6368.8,0.0,-5333.8
1792,15960,64702,0,1596.0,6470.2,0.0,-4874.2
1793,17110,65817,0,1711.0,6581.7,0.0,-4870.7
1794,9030,64057,0,903.0,6405.7,0.0,-5502.7
1795,7410,63709,0,741.0,6370.9,0.0,-5629.9
1796,15400,64213,0,1540.0,6421.3,0.0,-4881.3
1797,10810,64852,0,1081.0,6485.2,0.0,-5404.2
1798,14850,64873,0,1485.0,6487.3,0.0,-5002.3
1799,9460,64573,0,946.0,6457.3,0.0,-5511.3
1800,10350,65257,0,1035.0,6525.7,0.0,-5490.7
1801,15400,65365,0,1540.0,6536.5,0.0,-4996.5
1802,9460,64758,0,946.0,6475.8,0.0,-5529.8
1803,17700,68295,0,1770.0,6829.5,0.0,-5059.5
1804,12250,65130,0,1225.0,6513.0,0.0,-5288.0
1805,12750,64834,0,1275.0,6483.4,0.0,-5208.4
1806,11280,66082,0,1128.0,6608.2,0.0,-5480.2
1807,11760,64752,0,1176.0,6475.2,0.0,-5299.2
1808,13780,64433,0,1378.0,6443.3,0.0,-5065.3
1809,13260,65546,0,1326.0,6554.6,0.0,-5228.6
1810,17110,66558,0,1711.0,6655.8,0.0,-4944.8
1811,8200,63571,0,820.0,6357.1,0.0,-5537.1
1812,14850,65879,0,1485.0,6587.9,0.0,-5102.9
1813,10810,64358,0,1081.0,6435.8,0.0,-5354.8
1814,7800,63308,0,780.0,6330.8,0.0,-5550.8
1815,9900,62078,0,990.0,6207.8,0.0,-5217.8
1816,12750,65202,0,1275.0,6520.2,0.0,-5245.2
1817,12250,64339,0,1225.0,6433.9,0.0,-5208.9
1818,6660,63090,0,666.0,6309.0,0.0,-5643.0
1819,14310,66165,0,1431.0,6616.5,0.0,-5185.5
1820,9900,66499,0,990.0,6649.9,0.0,-5659.9
1821,15960,66927,0,1596.0,6692.7,0.0,-5096.7
1822,20800,66822,0,2080.0,6682.2,0.0,-4602.2
1823,11760,65225,0,1176.0,6522.5,0.0,-5346.5
1824,8200,64547,0,820.0,6454.7,0.0,-5634.7
1825,10810,68091,0,1081.0,6809.1,0.0,-5728.1
1826,5610,63922,0,561.0,6392.2,0.0,-5831.2
1827,11280,65605,0,1128.0,6560.5,0.0,-5432.5
1828,6660,63113,0,666.0,6311.3,0.0,-5645.3
1829,14310,66884,0,1431.0,6688.4,0.0,-5257.4
1830,9460,64803,0,946.0,6480.3,0.0,-5534.3
1831,10810,63474,0,1081.0,6347.4,0.0,-5266.4
1832,18300,64159,0,1830.0,6415.9,0.0,-4585.9
1833,10350,63942,0,1035.0,6394.2,0.0,-5359.2
1834,14310,67154,0,1431.0,6715.4,0.0,-5284.4
1835,14850,66049,0,1485.0,6604.9,0.0,-5119.9
1836,10810,64359,0,1081.0,6435.9,0.0,-5354.9
1837,9900,64692,0,990.0,6469.2,0.0,-5479.2
1838,11760,66145,0,1176.0,6614.5,0.0,-5438.5
1839,5950,63343,0,595.0,6334.3,0.0,-5739.3
1840,10810,65353,0,1081.0,6535.3,0.0,-5454.3
1841,5610,62164,0,561.0,6216.4,0.0,-5655.4
1842,6300,63375,0,630.0,6337.5,0.0,-5707.5
1843,8200,63970,0,820.0,6397.0,0.0,-5577.0
1844,9030,64622,0,903.0,6462.2,0.0,-5559.2
1845,8200,64080,0,820.0,6408.0,0.0,-5588.0
1846,10810,64549,0,1081.0,6454.9,0.0,-5373.9
1847,7030,64228,0,703.0,6422.8,0.0,-5719.8
1848,12750,65123,0,1275.0,6512.3,0.0,-5237.3
1849,6660,64065,0,666.0,6406.5,0.0,-5740.5
1850,20160,67206,0,2016.0,6720.6,0.0,-4704.6
1851,11280,65184,0,1128.0,6518.4,0.0,-5390.4
1852,16530,66788,0,1653.0,6678.8,0.0,-5025.8
1853,19530,66305,0,1953.0,6630.5,0.0,-4677.5
1854,14310,66321,0,1431.0,6632.1,0.0,-5201.1
1855,11280,65733,0,1128.0,6573.3,0.0,-5445.3
1856,9460,64277,0,946.0,6427.7,0.0,-5481.7
1857,6300,62788,0,630.0,6278.8,0.0,-5648.8
1858,11760,65825,0,1176.0,6582.5,0.0,-5406.5
1859,7800,63219,0,780.0,6321.9,0.0,-5541.9
1860,3250,61064,0,325.0,6106.4,0.0,-5781.4
1861,13260,66072,0,1326.0,6607.2,0.0,-5281.2
1862,15960,67077,0,1596.0,6707.7,0.0,-5111.7
1863,16530,66059,0,1653.0,6605.9,0.0,-4952.9
1864,10350,64806,0,1035.0,6480.6,0.0,-5445.6
1865,7800,64186,0,780.0,6418.6,0.0,-5638.6
1866,13780,65048,0,1378.0,6504.8,0.0,-5126.8
1867,15960,67140,0,1596.0,6714.0,0.0,-5118.0
1868,13260,64131,0,1326.0,6413.1,0.0,-5087.1
1869,10350,64127,0,1035.0,6412.7,0.0,-5377.7
1870,9030,64120,0,903.0,6412.0,0.0,-5509.0
1871,10350,63461,0,1035.0,6346.1,0.0,-5311.1
1872,9460,64449,0,946.0,6444.9,0.0,-5498.9
1873,12250,64750,0,1225.0,6475.0,0.0,-5250.0
1874,27010,69243,0,2701.0,6924.3,0.0,-4223.3
1875,8610,63824,0,861.0,6382.4,0.0,-5521.4
1876,12250,65584,0,1225.0,6558.4,0.0,-5333.4
1877,12750,66724,0,1275.0,6672.4,0.0,-5397.4
1878,7410,63763,0,741.0,6376.3,0.0,-5635.3
1879,11280,64864,0,1128.0,6486.4,0.0,-5358.4
1880,20800,65820,0,2080.0,6582.0,0.0,-4502.0
1881,11280,65720,0,1128.0,6572.0,0.0,-5444.0
1882,7030,63135,0,703.0,6313.5,0.0,-5610.5
1883,11760,66209,0,1176.0,6620.9,0.0,-5444.9
1884,6660,65858,0,666.0,6585.8,0.0,-5919.8
1885,10350,65351,0,1035.0,6535.1,0.0,-5500.1
1886,9030,64635,0,903.0,6463.5,0.0,-5560.5
1887,11280,65562,0,1128.0,6556.2,0.0,-5428.2
1888,7800,63853,0,780.0,6385.3,0.0,-5605.3
1889,16530,65958,0,1653.0,6595.8,0.0,-4942.8
1890,12750,65086,0,1275.0,6508.6,0.0,-5233.6
1891,17700,66119,0,1770.0,6611.9,0.0,-4841.9
1892,14850,65852,0,1485.0,6585.2,0.0,-5100.2
1893,8610,63871,0,861.0,6387.1,0.0,-5526.1
1894,14310,66802,0,1431.0,6680.2,0.0,-5249.2
1895,7030,62943,0,703.0,6294.3,0.0,-5591.3
1896,6660,62534,0,666.0,6253.4,0.0,-5587.4
1897,4650,62001,0,465.0,6200.1,0.0,-5735.1
1898,13780,65403,0,1378.0,6540.3,0.0,-5162.3
1899,19530,67587,0,1953.0,6758.7,0.0,-4805.7
1900,8200,63497,0,820.0,6349.7,0.0,-5529.7
1901,9900,64832,0,990.0,6483.2,0.0,-5493.2
1902,19530,67654,0,1953.0,6765.4,0.0,-4812.4
1903,6300,62739,0,630.0,6273.9,0.0,-5643.9
1904,18300,66075,0,1830.0,6607.5,0.0,-4777.5
1905,18300,66250,0,1830.0,6625.0,0.0,-4795.0
1906,4960,62207,0,496.0,6220.7,0.0,-5724.7
1907,9030,64588,0,903.0,6458.8,0.0,-5555.8
1908,11280,65701,0,1128.0,6570.1,0.0,-5442.1
1909,6660,63773,0,666.0,6377.3,0.0,-5711.3
1910,13260,65683,0,1326.0,6568.3,0.0,-5242.3
1911,9900,63800,0,990.0,6380.0,0.0,-5390.0
1912,11760,65123,0,1176.0,6512.3,0.0,-5336.3
1913,11280,66493,0,1128.0,6649.3,0.0,-5521.3
1914,14850,65744,0,1485.0,6574.4,0.0,-5089.4
1915,11760,65048,0,1176.0,6504.8,0.0,-5328.8
1916,8200,63934,0,820.0,6393.4,0.0,-5573.4
1917,15400,67185,0,1540.0,6718.5,0.0,-5178.5
1918,15960,66841,0,1596.0,6684.1,0.0,-5088.1
1919,12250,65542,0,1225.0,6554.2,0.0,-5329.2
1920,10810,64338,0,1081.0,6433.8,0.0,-5352.8
1921,11280,81993,0,1128.0,8199.3,0.0,-7071.3
1922,13260,65113,0,1326.0,6511.3,0.0,-5185.3
1923,10810,65690,0,1081.0,6569.0,0.0,-5488.0
1924,8610,65412,0,861.0,6541.2,0.0,-5680.2
1925,5280,62209,0,528.0,6220.9,0.0,-5692.9
1926,5950,62177,0,595.0,6217.7,0.0,-5622.7
1927,9030,63288,0,903.0,6328.8,0.0,-5425.8
1928,12250,65763,0,1225.0,6576.3,0.0,-5351.3
1929,13780,66251,0,1378.0,6625.1,0.0,-5247.1
1930,14850,65705,0,1485.0,6570.5,0.0,-5085.5
1931,10350,63958,0,1035.0,6395.8,0.0,-5360.8
1932,4650,62623,0,465.0,6262.3,0.0,-5797.3
1933,4350,62900,0,435.0,6290.0,0.0,-5855.0
1934,12250,65341,0,1225.0,6534.1,0.0,-5309.1
1935,7410,64287,0,741.0,6428.7,0.0,-5687.7
1936,12250,66073,0,1225.0,6607.3,0.0,-5382.3
1937,11280,65330,0,1128.0,6533.0,0.0,-5405.0
1938,18910,67917,0,1891.0,6791.7,0.0,-4900.7
1939,7800,63554,0,780.0,6355.4,0.0,-5575.4
1940,9900,64738,0,990.0,6473.8,0.0,-5483.8
1941,7410,62045,0,741.0,6204.5,0.0,-5463.5
1942,11760,64446,0,1176.0,6444.6,0.0,-5268.6
1943,7800,63344,0,780.0,6334.4,0.0,-5554.4
1944,15400,66261,0,1540.0,6626.1,0.0,-5086.1
1945,12250,65517,0,1225.0,6551.7,0.0,-5326.7
1946,8610,64625,0,861.0,6462.5,0.0,-5601.5
1947,9900,65075,0,990.0,6507.5,0.0,-5517.5
1948,8610,62190,0,861.0,6219.0,0.0,-5358.0
1949,12750,65753,0,1275.0,6575.3,0.0,-5300.3
1950,6300,63240,0,630.0,6324.0,0.0,-5694.0
1951,22110,67433,0,2211.0,6743.3,0.0,-4532.3
1952,12250,65581,0,1225.0,6558.1,0.0,-5333.1
1953,7800,63411,0,780.0,6341.1,0.0,-5561.1
1954,5950,62179,0,595.0,6217.9,0.0,-5622.9
1955,15400,66493,0,1540.0,6649.3,0.0,-5109.3
1956,12750,65900,0,1275.0,6590.0,0.0,-5315.0
1957,5950,61889,0,595.0,6188.9,0.0,-5593.9
1958,12750,65040,0,1275.0,6504.0,0.0,-5229.0
1959,12250,66370,0,1225.0,6637.0,0.0,-5412.0
1960,11280,64604,0,1128.0,6460.4,0.0,-5332.4
1961,10350,64042,0,1035.0,6404.2,0.0,-5369.2
1962,13260,65078,0,1326.0,6507.8,0.0,-5181.8
1963,20800,67439,0,2080.0,6743.9,0.0,-4663.9
1964,20160,66732,0,2016.0,6673.2,0.0,-4657.2
1965,12750,65227,0,1275.0,6522.7,0.0,-5247.7
1966,12250,65146,0,1225.0,6514.6,0.0,-5289.6
1967,22110,68780,0,2211.0,6878.0,0.0,-4667.0
1968,14850,65986,0,1485.0,6598.6,0.0,-5113.6
1969,4960,62502,0,496.0,6250.2,0.0,-5754.2
1970,9030,65549,0,903.0,6554.9,0.0,-5651.9
1971,10350,65544,0,1035.0,6554.4,0.0,-5519.4
1972,5950,62560,0,595.0,6256.0,0.0,-5661.0
1973,13780,65157,0,1378.0,6515.7,0.0,-5137.7
1974,11760,64030,0,1176.0,6403.0,0.0,-5227.0
1975,11280,64633,0,1128.0,6463.3,0.0,-5335.3
1976,21450,67542,0,2145.0,6754.2,0.0,-4609.2
1977,9030,63238,0,903.0,6323.8,0.0,-5420.8
1978,11280,64462,0,1128.0,6446.2,0.0,-5318.2
1979,9460,64426,0,946.0,6442.6,0.0,-5496.6
1980,9900,64449,0,990.0,6444.9,0.0,-5454.9
1981,6300,61744,0,630.0,6174.4,0.0,-5544.4
1982,9030,65173,0,903.0,6517.3,0.0,-5614.3
1983,12750,64506,0,1275.0,6450.6,0.0,-5175.6
1984,8200,62670,0,820.0,6267.0,0.0,-5447.0
1985,15400,65358,0,1540.0,6535.8,0.0,-4995.8
1986,3510,62001,0,351.0,6200.1,0.0,-5849.1
1987,6660,63100,0,666.0,6310.0,0.0,-5644.0
1988,7800,63785,0,780.0,6378.5,0.0,-5598.5
1989,18910,66980,0,1891.0,6698.0,0.0,-4807.0
1990,12250,64614,0,1225.0,6461.4,0.0,-5236.4
1991,7410,62496,0,741.0,6249.6,0.0,-5508.6
1992,5950,63281,0,595.0,6328.1,0.0,-5733.1
1993,7410,63560,0,741.0,6356.0,0.0,-5615.0
1994,11760,64653,0,1176.0,6465.3,0.0,-5289.3
1995,10350,64193,0,1035.0,6419.3,0.0,-5384.3
1996,10810,64830,0,1081.0,6483.0,0.0,-5402.0
1997,12250,65127,0,1225.0,6512.7,0.0,-5287.7
1998,17110,65425,0,1711.0,6542.5,0.0,-4831.5
1999,11280,65244,0,1128.0,6524.4,0.0,-5396.4
2000,18300,68414,0,1830.0,6841.4,0.0,-5011.4
2001,16530,65529,0,1653.0,6552.9,0.0,-4899.9
2002,9460,63309,0,946.0,6330.9,0.0,-5384.9
2003,14850,65992,0,1485.0,6599.2,0.0,-5114.2
2004,8610,64730,0,861.0,6473.0,0.0,-5612.0
2005,15960,64986,0,1596.0,6498.6,0.0,-4902.6
2006,13260,65298,0,1326.0,6529.8,0.0,-5203.8
2007,10810,65445,0,1081.0,6544.5,0.0,-5463.5
2008,9900,64529,0,990.0,6452.9,0.0,-5462.9
2009,14850,66138,0,1485.0,6613.8,0.0,-5128.8
2010,11280,64399,0,1128.0,6439.9,0.0,-5311.9
2011,7800,63704,0,780.0,6370.4,0.0,-5590.4
2012,11280,65143,0,1128.0,6514.3,0.0,-5386.3
2013,18300,67875,0,1830.0,6787.5,0.0,-4957.5
2014,8610,63719,0,861.0,6371.9,0.0,-5510.9
2015,13260,64882,0,1326.0,6488.2,0.0,-5162.2
2016,11760,63831,0,1176.0,6383.1,0.0,-5207.1
2017,13260,66083,0,1326.0,6608.3,0.0,-5282.3
2018,13780,65562,0,1378.0,6556.2,0.0,-5178.2
2019,8200,64846,0,820.0,6484.6,0.0,-5664.6
2020,13780,65944,0,1378.0,6594.4,0.0,-5216.4
2021,5280,62402,0,528.0,6240.2,0.0,-5712.2
2022,27010,69012,0,2701.0,6901.2,0.0,-4200.2
2023,6300,62943,0,630.0,6294.3,0.0,-5664.3
2024,7800,64278,0,780.0,6427.8,0.0,-5647.8
2025,12750,64876,0,1275.0,6487.6,0.0,-5212.6
2026,9030,63597,0,903.0,6359.7,0.0,-5456.7
2027,17110,67510,0,1711.0,6751.0,0.0,-5040.0
2028,7410,63394,0,741.0,6339.4,0.0,-5598.4
2029,12750,66099,0,1275.0,6609.9,0.0,-5334.9
2030,15960,66499,0,1596.0,6649.9,0.0,-5053.9
2031,11280,64770,0,1128.0,6477.0,0.0,-5349.0
2032,11760,65929,0,1176.0,6592.9,0.0,-5416.9
2033,12250,65604,0,1225.0,6560.4,0.0,-5335.4
2034,9030,64401,0,903.0,6440.1,0.0,-5537.1
2035,14310,65549,0,1431.0,6554.9,0.0,-5123.9
2036,21450,68708,0,2145.0,6870.8,0.0,-4725.8
2037,9030,64460,0,903.0,6446.0,0.0,-5543.0
2038,12750,63407,0,1275.0,6340.7,0.0,-5065.7
2039,13260,66388,0,1326.0,6638.8,0.0,-5312.8
2040,11280,65378,0,1128.0,6537.8,0.0,-5409.8
2041,18910,66588,0,1891.0,6658.8,0.0,-4767.8
2042,11760,65432,0,1176.0,6543.2,0.0,-5367.2
2043,12250,63961,0,1225.0,6396.1,0.0,-5171.1
2044,9900,64580,0,990.0,6458.0,0.0,-5468.0
2045,8610,65035,0,861.0,6503.5,0.0,-5642.5
2046,10350,64759,0,1035.0,6475.9,0.0,-5440.9
2047,7800,63226,0,780.0,6322.6,0.0,-5542.6
2048,7410,63693,0,741.0,6369.3,0.0,-5628.3
2049,14850,65266,0,1485.0,6526.6,0.0,-5041.6
2050,22780,67975,0,2278.0,6797.5,0.0,-4519.5
2051,14850,65846,0,1485.0,6584.6,0.0,-5099.6
2052,9030,64025,0,903.0,6402.5,0.0,-5499.5
2053,12250,65625,0,1225.0,6562.5,0.0,-5337.5
2054,6660,63201,0,666.0,6320.1,0.0,-5654.1
2055,15400,65566,0,1540.0,6556.6,0.0,-5016.6
2056,14850,64982,0,1485.0,6498.2,0.0,-5013.2
2057,7800,63056,0,780.0,6305.6,0.0,-5525.6
2058,13260,64395,0,1326.0,6439.5,0.0,-5113.5
2059,5950,62514,0,595.0,6251.4,0.0,-5656.4
2060,8610,64410,0,861.0,6441.0,0.0,-5580.0
2061,15400,64868,0,1540.0,6486.8,0.0,-4946.8
2062,14850,67323,0,1485.0,6732.3,0.0,-5247.3
2063,12750,66400,0,1275.0,6640.0,0.0,-5365.0
2064,8610,64161,0,861.0,6416.1,0.0,-5555.1
2065,12250,65170,0,1225.0,6517.0,0.0,-5292.0
2066,9030,64898,0,903.0,6489.8,0.0,-5586.8
2067,17110,109603,0,1711.0,10960.3,0.0,-9249.3
2068,17110,66943,0,1711.0,6694.3,0.0,-4983.3
2069,7800,64868,0,780.0,6486.8,0.0,-5706.8
2070,12750,65003,0,1275.0,6500.3,0.0,-5225.3
2071,12250,65017,0,1225.0,6501.7,0.0,-5276.7
2072,15960,65920,0,1596.0,6592.0,0.0,-4996.0
2073,9900,66443,0,990.0,6644.3,0.0,-5654.3
2074,14310,64920,0,1431.0,6492.0,0.0,-5061.0
2075,7030,62892,0,703.0,6289.2,0.0,-5586.2
2076,19530,68477,0,1953.0,6847.7,0.0,-4894.7
2077,8200,63903,0,820.0,6390.3,0.0,-5570.3
2078,22780,67394,0,2278.0,6739.4,0.0,-4461.4
2079,7800,63368,0,780.0,6336.8,0.0,-5556.8
2080,8610,64239,0,861.0,6423.9,0.0,-5562.9
2081,10350,64986,0,1035.0,6498.6,0.0,-5463.6
2082,7800,63848,0,780.0,6384.8,0.0,-5604.8
2083,8200,64445,0,820.0,6444.5,0.0,-5624.5
2084,5280,62175,0,528.0,6217.5,0.0,-5689.5
2085,13260,66115,0,1326.0,6611.5,0.0,-5285.5
2086,17110,66917,0,1711.0,6691.7,0.0,-4980.7
2087,8610,63922,0,861.0,6392.2,0.0,-5531.2
2088,7410,62948,0,741.0,6294.8,0.0,-5553.8
2089,5280,61999,0,528.0,6199.9,0.0,-5671.9
2090,5610,63174,0,561.0,6317.4,0.0,-5756.4
2091,12750,65259,0,1275.0,6525.9,0.0,-5250.9
2092,8610,63937,0,861.0,6393.7,0.0,-5532.7
2093,10810,65541,0,1081.0,6554.1,0.0,-5473.1
2094,10350,66019,0,1035.0,6601.9,0.0,-5566.9
2095,13260,64765,0,1326.0,6476.5,0.0,-5150.5
2096,8610,64208,0,861.0,6420.8,0.0,-5559.8
2097,11280,64097,0,1128.0,6409.7,0.0,-5281.7
2098,12750,65400,0,1275.0,6540.0,0.0,-5265.0
2099,6660,63049,0,666.0,6304.9,0.0,-5638.9
2100,20800,67416,0,2080.0,6741.6,0.0,-4661.6
2101,8200,64238,0,820.0,6423.8,0.0,-5603.8
2102,13260,66450,0,1326.0,6645.0,0.0,-5319.0
2103,5280,63254,0,528.0,6325.4,0.0,-5797.4
2104,15400,66910,0,1540.0,6691.0,0.0,-5151.0
2105,12750,65770,0,1275.0,6577.0,0.0,-5302.0
2106,11760,64791,0,1176.0,6479.1,0.0,-5303.1
2107,9900,65539,0,990.0,6553.9,0.0,-5563.9
2108,7410,63116,0,741.0,6311.6,0.0,-5570.6
2109,13780,65968,0,1378.0,6596.8,0.0,-5218.8
2110,8200,64139,0,820.0,6413.9,0.0,-5593.9
2111,9900,64087,0,990.0,6408.7,0.0,-5418.7
2112,17110,66459,0,1711.0,6645.9,0.0,-4934.9
2113,11760,65969,0,1176.0,6596.9,0.0,-5420.9
2114,7410,63302,0,741.0,6330.2,0.0,-5589.2
2115,10350,65452,0,1035.0,6545.2,0.0,-5510.2
2116,12750,65497,0,1275.0,6549.7,0.0,-5274.7
2117,6660,63006,0,666.0,6300.6,0.0,-5634.6
2118,18300,66311,0,1830.0,6631.1,0.0,-4801.1
2119,9460,65300,0,946.0,6530.0,0.0,-5584.0
2120,9460,65403,0,946.0,6540.3,0.0,-5594.3
2121,9900,64869,0,990.0,6486.9,0.0,-5496.9
2122,11760,66613,0,1176.0,6661.3,0.0,-5485.3
2123,15960,65498,0,1596.0,6549.8,0.0,-4953.8
2124,15400,66894,0,1540.0,6689.4,0.0,-5149.4
2125,13780,65483,0,1378.0,6548.3,0.0,-5170.3
2126,10810,64490,0,1081.0,6449.0,0.0,-5368.0
2127,7030,63638,0,703.0,6363.8,0.0,-5660.8
2128,15960,66769,0,1596.0,6676.9,0.0,-5080.9
2129,13780,66834,0,1378.0,6683.4,0.0,-5305.4
2130,14310,65666,0,1431.0,6566.6,0.0,-5135.6
2131,3510,61593,0,351.0,6159.3,0.0,-5808.3
2132,7030,63502,0,703.0,6350.2,0.0,-5647.2
2133,9900,65222,0,990.0,6522.2,0.0,-5532.2
2134,9030,64187,0,903.0,6418.7,0.0,-5515.7
2135,8200,64860,0,820.0,6486.0,0.0,-5666.0
2136,9460,65061,0,946.0,6506.1,0.0,-5560.1
2137,9900,64354,0,990.0,6435.4,0.0,-5445.4
2138,14310,67198,0,1431.0,6719.8,0.0,-5288.8
2139,4960,63436,0,496.0,6343.6,0.0,-5847.6
2140,11280,64800,0,1128.0,6480.0,0.0,-5352.0
2141,22110,66121,0,2211.0,6612.1,0.0,-4401.1
2142,10350,64993,0,1035.0,6499.3,0.0,-5464.3
2143,11280,64798,0,1128.0,6479.8,0.0,-5351.8
2144,18910,67951,0,1891.0,6795.1,0.0,-4904.1
2145,8610,63472,0,861.0,6347.2,0.0,-5486.2
2146,8610,63619,0,861.0,6361.9,0.0,-5500.9
2147,9900,64211,0,990.0,6421.1,0.0,-5431.1
2148,12750,64314,0,1275.0,6431.4,0.0,-5156.4
2149,6660,64075,0,666.0,6407.5,0.0,-5741.5
2150,9030,65100,0,903.0,6510.0,0.0,-5607.0
2151,13780,64821,0,1378.0,6482.1,0.0,-5104.1
2152,8610,64791,0,861.0,6479.1,0.0,-5618.1
2153,6660,62963,0,666.0,6296.3,0.0,-5630.3
2154,12750,65198,0,1275.0,6519.8,0.0,-5244.8
2155,18300,66973,0,1830.0,6697.3,0.0,-4867.3
2156,12750,65106,0,1275.0,6510.6,0.0,-5235.6
2157,9030,62138,0,903.0,6213.8,0.0,-5310.8
2158,5280,63183,0,528.0,6318.3,0.0,-5790.3
2159,4650,62086,0,465.0,6208.6,0.0,-5743.6
2160,13780,66840,0,1378.0,6684.0,0.0,-5306.0
2161,9460,63624,0,946.0,6362.4,0.0,-5416.4
2162,11280,64433,0,1128.0,6443.3,0.0,-5315.3
2163,7410,64445,0,741.0,6444.5,0.0,-5703.5
2164,10810,64518,0,1081.0,6451.8,0.0,-5370.8
2165,6660,61899,0,666.0,6189.9,0.0,-5523.9
2166,18300,65678,0,1830.0,6567.8,0.0,-4737.8
2167,10350,64376,0,1035.0,6437.6,0.0,-5402.6
2168,11280,64761,0,1128.0,6476.1,0.0,-5348.1
2169,12250,62556,0,1225.0,6255.6,0.0,-5030.6
2170,5610,62651,0,561.0,6265.1,0.0,-5704.1
2171,11760,64865,0,1176.0,6486.5,0.0,-5310.5
2172,14310,66435,0,1431.0,6643.5,0.0,-5212.5
2173,15400,68609,0,1540.0,6860.9,0.0,-5320.9
2174,5950,63728,0,595.0,6372.8,0.0,-5777.8
2175,27010,67558,0,2701.0,6755.8,0.0,-4054.8
2176,7030,63129,0,703.0,6312.9,0.0,-5609.9
2177,12750,64221,0,1275.0,6422.1,0.0,-5147.1
2178,8610,64352,0,861.0,6435.2,0.0,-5574.2
2179,14310,66059,0,1431.0,6605.9,0.0,-5174.9
2180,7800,62398,0,780.0,6239.8,0.0,-5459.8
2181,10350,64614,0,1035.0,6461.4,0.0,-5426.4
2182,12750,65738,0,1275.0,6573.8,0.0,-5298.8
2183,18300,66245,0,1830.0,6624.5,0.0,-4794.5
2184,6660,62486,0,666.0,6248.6,0.0,-5582.6
2185,11760,65307,0,1176.0,6530.7,0.0,-5354.7
2186,8200,63708,0,820.0,6370.8,0.0,-5550.8
2187,17110,67090,0,1711.0,6709.0,0.0,-4998.0
2188,18300,65714,0,1830.0,6571.4,0.0,-4741.4
2189,11280,64213,0,1128.0,6421.3,0.0,-5293.3
2190,14310,65947,0,1431.0,6594.7,0.0,-5163.7
2191,8610,64658,0,861.0,6465.8,0.0,-5604.8
2192,7030,63725,0,703.0,6372.5,0.0,-5669.5
2193,8610,64848,0,861.0,6484.8,0.0,-5623.8
2194,9030,64217,0,903.0,6421.7,0.0,-5518.7
2195,12750,65180,0,1275.0,6518.0,0.0,-5243.0
2196,5950,63227,0,595.0,6322.7,0.0,-5727.7
2197,9030,63389,0,903.0,6338.9,0.0,-5435.9
2198,20160,65741,0,2016.0,6574.1,0.0,-4558.1
2199,8610,63366,0,861.0,6336.6,0.0,-5475.6
2200,20800,66178,0,2080.0,6617.8,0.0,-4537.8
2201,10350,64619,0,1035.0,6461.9,0.0,-5426.9
2202,8610,64550,0,861.0,6455.0,0.0,-5594.0
2203,13780,64504,0,1378.0,6450.4,0.0,-5072.4
2204,5610,62772,0,561.0,6277.2,0.0,-5716.2
2205,17110,64709,0,1711.0,6470.9,0.0,-4759.9
2206,11760,65808,0,1176.0,6580.8,0.0,-5404.8
2207,14310,66201,0,1431.0,6620.1,0.0,-5189.1
2208,14850,65721,0,1485.0,6572.1,0.0,-5087.1
2209,12250,65423,0,1225.0,6542.3,0.0,-5317.3
2210,8610,64946,0,861.0,6494.6,0.0,-5633.6
2211,8610,64996,0,861.0,6499.6,0.0,-5638.6
2212,11760,65734,0,1176.0,6573.4,0.0,-5397.4
2213,8610,62379,0,861.0,6237.9,0.0,-5376.9
2214,6660,63469,0,666.0,6346.9,0.0,-5680.9
2215,11760,65848,0,1176.0,6584.8,0.0,-5408.8
2216,12750,64652,0,1275.0,6465.2,0.0,-5190.2
2217,10810,64043,0,1081.0,6404.3,0.0,-5323.3
2218,9900,64913,0,990.0,6491.3,0.0,-5501.3
2219,11280,64579,0,1128.0,6457.9,0.0,-5329.9
2220,11280,64822,0,1128.0,6482.2,0.0,-5354.2
2221,8610,63353,0,861.0,6335.3,0.0,-5474.3
2222,9900,64952,0,990.0,6495.2,0.0,-5505.2
2223,11280,65455,0,1128.0,6545.5,0.0,-5417.5
2224,8200,64573,0,820.0,6457.3,0.0,-5637.3
2225,10350,65152,0,1035.0,6515.2,0.0,-5480.2
2226,20160,68296,0,2016.0,6829.6,0.0,-4813.6
2227,11280,65092,0,1128.0,6509.2,0.0,-5381.2
2228,10350,64204,0,1035.0,6420.4,0.0,-5385.4
2229,11760,64452,0,1176.0,6445.2,0.0,-5269.2
2230,11280,64329,0,1128.0,6432.9,0.0,-5304.9
2231,10350,65212,0,1035.0,6521.2,0.0,-5486.2
2232,7410,62620,0,741.0,6262.0,0.0,-5521.0
2233,8610,63730,0,861.0,6373.0,0.0,-5512.0
2234,5280,62517,0,528.0,6251.7,0.0,-5723.7
2235,9030,64167,0,903.0,6416.7,0.0,-5513.7
2236,17700,66943,0,1770.0,6694.3,0.0,-4924.3
2237,13780,64902,0,1378.0,6490.2,0.0,-5112.2
2238,14310,65800,0,1431.0,6580.0,0.0,-5149.0
2239,7800,63223,0,780.0,6322.3,0.0,-5542.3
2240,13780,65726,0,1378.0,6572.6,0.0,-5194.6
2241,12250,64636,0,1225.0,6463.6,0.0,-5238.6
2242,22110,67307,0,2211.0,6730.7,0.0,-4519.7
2243,9460,65469,0,946.0,6546.9,0.0,-5600.9
2244,13780,65988,0,1378.0,6598.8,0.0,-5220.8
2245,3250,61481,0,325.0,6148.1,0.0,-5823.1
2246,5280,62667,0,528.0,6266.7,0.0,-5738.7
2247,6660,61557,0,666.0,6155.7,0.0,-5489.7
2248,15960,67719,0,1596.0,6771.9,0.0,-5175.9
2249,12750,64797,0,1275.0,6479.7,0.0,-5204.7
2250,6300,62571,0,630.0,6257.1,0.0,-5627.1
2251,16530,65600,0,1653.0,6560.0,0.0,-4907.0
2252,4060,61556,0,406.0,6155.6,0.0,-5749.6
2253,7800,63196,0,780.0,6319.6,0.0,-5539.6
2254,11760,65816,0,1176.0,6581.6,0.0,-5405.6
2255,6300,62631,0,630.0,6263.1,0.0,-5633.1
2256,12250,64806,0,1225.0,6480.6,0.0,-5255.6
2257,7030,64067,0,703.0,6406.7,0.0,-5703.7
2258,14310,65068,0,1431.0,6506.8,0.0,-5075.8
2259,11280,65376,0,1128.0,6537.6,0.0,-5409.6
2260,4060,61285,0,406.0,6128.5,0.0,-5722.5
2261,12750,66298,0,1275.0,6629.8,0.0,-5354.8
2262,11280,64768,0,1128.0,6476.8,0.0,-5348.8
2263,9030,63746,0,903.0,6374.6,0.0,-5471.6
2264,4350,62678,0,435.0,6267.8,0.0,-5832.8
2265,7030,62568,0,703.0,6256.8,0.0,-5553.8
2266,7410,63390,0,741.0,6339.0,0.0,-5598.0
2267,9900,63337,0,990.0,6333.7,0.0,-5343.7
2268,7410,61842,0,741.0,6184.2,0.0,-5443.2
2269,8200,64132,0,820.0,6413.2,0.0,-5593.2
2270,8200,61570,0,820.0,6157.0,0.0,-5337.0
2271,13260,66860,0,1326.0,6686.0,0.0,-5360.0
2272,19530,65846,0,1953.0,6584.6,0.0,-4631.6
2273,8200,63725,0,820.0,6372.5,0.0,-5552.5
2274,5950,63005,0,595.0,6300.5,0.0,-5705.5
2275,8200,65352,0,820.0,6535.2,0.0,-5715.2
2276,12750,66391,0,1275.0,6639.1,0.0,-5364.1
2277,9900,62523,0,990.0,6252.3,0.0,-5262.3
2278,7030,63329,0,703.0,6332.9,0.0,-5629.9
2279,9030,65063,0,903.0,6506.3,0.0,-5603.3
2280,8610,64427,0,861.0,6442.7,0.0,-5581.7
2281,5280,61869,0,528.0,6186.9,0.0,-5658.9
2282,7800,64011,0,780.0,6401.1,0.0,-5621.1
2283,10810,64380,0,1081.0,6438.0,0.0,-5357.0
2284,10810,65472,0,1081.0,6547.2,0.0,-5466.2
2285,8200,63710,0,820.0,6371.0,0.0,-5551.0
2286,13260,65926,0,1326.0,6592.6,0.0,-5266.6
2287,15400,66908,0,1540.0,6690.8,0.0,-5150.8
2288,7030,68060,0,703.0,6806.0,0.0,-6103.0
2289,14310,66143,0,1431.0,6614.3,0.0,-5183.3
2290,23460,67578,0,2346.0,6757.8,0.0,-4411.8
2291,9900,65186,0,990.0,6518.6,0.0,-5528.6
2292,7030,63518,0,703.0,6351.8,0.0,-5648.8
2293,14310,66163,0,1431.0,6616.3,0.0,-5185.3
2294,25560,67223,0,2556.0,6722.3,0.0,-4166.3
2295,7030,62755,0,703.0,6275.5,0.0,-5572.5
2296,9900,64633,0,990.0,6463.3,0.0,-5473.3
2297,9460,63447,0,946.0,6344.7,0.0,-5398.7
2298,7800,64025,0,780.0,6402.5,0.0,-5622.5
2299,10350,64523,0,1035.0,6452.3,0.0,-5417.3
2300,7030,66459,0,703.0,6645.9,0.0,-5942.9
2301,7800,63965,0,780.0,6396.5,0.0,-5616.5
2302,17700,66147,0,1770.0,6614.7,0.0,-4844.7
2303,9030,64994,0,903.0,6499.4,0.0,-5596.4
2304,11760,65317,0,1176.0,6531.7,0.0,-5355.7
2305,16530,67153,0,1653.0,6715.3,0.0,-5062.3
2306,9030,64701,0,903.0,6470.1,0.0,-5567.1
2307,12250,65683,0,1225.0,6568.3,0.0,-5343.3
2308,15400,66076,0,1540.0,6607.6,0.0,-5067.6
2309,17110,67305,0,1711.0,6730.5,0.0,-5019.5
2310,14850,65494,0,1485.0,6549.4,0.0,-5064.4
2311,10350,64017,0,1035.0,6401.7,0.0,-5366.7
2312,15400,67003,0,1540.0,6700.3,0.0,-5160.3
2313,9900,65130,0,990.0,6513.0,0.0,-5523.0
2314,13780,65348,0,1378.0,6534.8,0.0,-5156.8
2315,13780,66086,0,1378.0,6608.6,0.0,-5230.6
2316,14310,65293,0,1431.0,6529.3,0.0,-5098.3
2317,17110,66185,0,1711.0,6618.5,0.0,-4907.5
2318,14850,64976,0,1485.0,6497.6,0.0,-5012.6
2319,11760,65615,0,1176.0,6561.5,0.0,-5385.5
2320,7030,64024,0,703.0,6402.4,0.0,-5699.4
2321,8200,65195,0,820.0,6519.5,0.0,-5699.5
2322,15960,65829,0,1596.0,6582.9,0.0,-4986.9
2323,12250,64894,0,1225.0,6489.4,0.0,-5264.4
2324,5950,61824,0,595.0,6182.4,0.0,-5587.4
2325,14310,66483,0,1431.0,6648.3,0.0,-5217.3
2326,5950,62958,0,595.0,6295.8,0.0,-5700.8
2327,12750,65316,0,1275.0,6531.6,0.0,-5256.6
2328,8200,64651,0,820.0,6465.1,0.0,-5645.1
2329,5950,63601,0,595.0,6360.1,0.0,-5765.1
2330,12250,65626,0,1225.0,6562.6,0.0,-5337.6
2331,10810,64573,0,1081.0,6457.3,0.0,-5376.3
2332,6660,64752,0,666.0,6475.2,0.0,-5809.2
2333,8610,63960,0,861.0,6396.0,0.0,-5535.0
2334,18910,67230,0,1891.0,6723.0,0.0,-4832.0
2335,11280,64950,0,1128.0,6495.0,0.0,-5367.0
2336,11760,65444,0,1176.0,6544.4,0.0,-5368.4
2337,7030,62670,0,703.0,6267.0,0.0,-5564.0
2338,11760,65716,0,1176.0,6571.6,0.0,-5395.6
2339,10350,67239,0,1035.0,6723.9,0.0,-5688.9
2340,12750,65444,0,1275.0,6544.4,0.0,-5269.4
2341,5280,62271,0,528.0,6227.1,0.0,-5699.1
2342,7410,63745,0,741.0,6374.5,0.0,-5633.5
2343,7800,64047,0,780.0,6404.7,0.0,-5624.7
2344,11280,66313,0,1128.0,6631.3,0.0,-5503.3
2345,7800,63514,0,780.0,6351.4,0.0,-5571.4
2346,11760,66760,0,1176.0,6676.0,0.0,-5500.0
2347,8200,63189,0,820.0,6318.9,0.0,-5498.9
2348,13260,64503,0,1326.0,6450.3,0.0,-5124.3
2349,5610,63439,0,561.0,6343.9,0.0,-5782.9
2350,11280,64370,0,1128.0,6437.0,0.0,-5309.0
2351,5610,62840,0,561.0,6284.0,0.0,-5723.0
2352,4650,62130,0,465.0,6213.0,0.0,-5748.0
2353,11760,65036,0,1176.0,6503.6,0.0,-5327.6
2354,12750,66047,0,1275.0,6604.7,0.0,-5329.7
2355,20800,65920,0,2080.0,6592.0,0.0,-4512.0
2356,12250,64043,0,1225.0,6404.3,0.0,-5179.3
2357,17700,66259,0,1770.0,6625.9,0.0,-4855.9
2358,11280,64844,0,1128.0,6484.4,0.0,-5356.4
2359,9030,63529,0,903.0,6352.9,0.0,-5449.9
2360,7030,62519,0,703.0,6251.9,0.0,-5548.9
2361,5950,62035,0,595.0,6203.5,0.0,-5608.5
2362,4650,62774,0,465.0,6277.4,0.0,-5812.4
2363,4060,61341,0,406.0,6134.1,0.0,-5728.1
2364,12750,66216,0,1275.0,6621.6,0.0,-5346.6
2365,9030,63720,0,903.0,6372.0,0.0,-5469.0
2366,11280,65330,0,1128.0,6533.0,0.0,-5405.0
2367,10810,66579,0,1081.0,6657.9,0.0,-5576.9
2368,6300,62966,0,630.0,6296.6,0.0,-5666.6
2369,15960,66003,0,1596.0,6600.3,0.0,-5004.3
2370,11760,65072,0,1176.0,6507.2,0.0,-5331.2
2371,8200,64067,0,820.0,6406.7,0.0,-5586.7
2372,7800,64220,0,780.0,6422.0,0.0,-5642.0
2373,9460,63883,0,946.0,6388.3,0.0,-5442.3
2374,14850,66104,0,1485.0,6610.4,0.0,-5125.4
2375,4350,61993,0,435.0,6199.3,0.0,-5764.3
2376,12250,64980,0,1225.0,6498.0,0.0,-5273.0
2377,7800,64187,0,780.0,6418.7,0.0,-5638.7
2378,7410,63382,0,741.0,6338.2,0.0,-5597.2
2379,8610,64667,0,861.0,6466.7,0.0,-5605.7
2380,9900,63983,0,990.0,6398.3,0.0,-5408.3
2381,8610,63166,0,861.0,6316.6,0.0,-5455.6
2382,7410,64001,0,741.0,6400.1,0.0,-5659.1
2383,9900,64962,0,990.0,6496.2,0.0,-5506.2
2384,15960,65153,0,1596.0,6515.3,0.0,-4919.3
2385,12750,65606,0,1275.0,6560.6,0.0,-5285.6
2386,14850,64997,0,1485.0,6499.7,0.0,-5014.7
2387,11760,64512,0,1176.0,6451.2,0.0,-5275.2
2388,19530,66270,0,1953.0,6627.0,0.0,-4674.0
2389,7800,63013,0,780.0,6301.3,0.0,-5521.3
2390,9900,65034,0,990.0,6503.4,0.0,-5513.4
2391,9900,65591,0,990.0,6559.1,0.0,-5569.1
2392,11280,65159,0,1128.0,6515.9,0.0,-5387.9
2393,13260,64921,0,1326.0,6492.1,0.0,-5166.1
2394,6660,63748,0,666.0,6374.8,0.0,-5708.8
2395,6660,62522,0,666.0,6252.2,0.0,-5586.2
2396,7410,63709,0,741.0,6370.9,0.0,-5629.9
2397,15400,66812,0,1540.0,6681.2,0.0,-5141.2
2398,30030,67667,0,3003.0,6766.7,0.0,-3763.7
2399,5610,62370,0,561.0,6237.0,0.0,-5676.0
2400,9900,65506,0,990.0,6550.6,0.0,-5560.6
2401,13780,65648,0,1378.0,6564.8,0.0,-5186.8
2402,14310,64928,0,1431.0,6492.8,0.0,-5061.8
2403,7410,63630,0,741.0,6363.0,0.0,-5622.0
2404,8610,64026,0,861.0,6402.6,0.0,-5541.6
2405,14850,66990,0,1485.0,6699.0,0.0,-5214.0
2406,15960,67131,0,1596.0,6713.1,0.0,-5117.1
2407,20800,66011,0,2080.0,6601.1,0.0,-4521.1
2408,11280,66121,0,1128.0,6612.1,0.0,-5484.1
2409,12250,64765,0,1225.0,6476.5,0.0,-5251.5
2410,19530,67503,0,1953.0,6750.3,0.0,-4797.3
2411,17700,66413,0,1770.0,6641.3,0.0,-4871.3
2412,9900,65465,0,990.0,6546.5,0.0,-5556.5
2413,8200,63847,0,820.0,6384.7,0.0,-5564.7
2414,9900,65357,0,990.0,6535.7,0.0,-5545.7
2415,18300,68135,0,1830.0,6813.5,0.0,-4983.5
2416,9030,65910,0,903.0,6591.0,0.0,-5688.0
2417,12750,64200,0,1275.0,6420.0,0.0,-5145.0
2418,17110,64970,0,1711.0,6497.0,0.0,-4786.0
2419,13260,65648,0,1326.0,6564.8,0.0,-5238.8
2420,8200,63718,0,820.0,6371.8,0.0,-5551.8
2421,22780,68640,0,2278.0,6864.0,0.0,-4586.0
2422,9900,65004,0,990.0,6500.4,0.0,-5510.4
2423,10350,65167,0,1035.0,6516.7,0.0,-5481.7
2424,15400,66182,0,1540.0,6618.2,0.0,-5078.2
2425,16530,65571,0,1653.0,6557.1,0.0,-4904.1
2426,14310,65834,0,1431.0,6583.4,0.0,-5152.4
2427,4650,61840,0,465.0,6184.0,0.0,-5719.0
2428,11280,65022,0,1128.0,6502.2,0.0,-5374.2
2429,10810,65180,0,1081.0,6518.0,0.0,-5437.0
2430,15960,67413,0,1596.0,6741.3,0.0,-5145.3
2431,12250,65367,0,1225.0,6536.7,0.0,-5311.7
2432,13780,65043,0,1378.0,6504.3,0.0,-5126.3
2433,9030,64053,0,903.0,6405.3,0.0,-5502.3
2434,15960,67399,0,1596.0,6739.9,0.0,-5143.9
2435,15400,65794,0,1540.0,6579.4,0.0,-5039.4
2436,13780,65860,0,1378.0,6586.0,0.0,-5208.0
2437,10810,64543,0,1081.0,6454.3,0.0,-5373.3
2438,7030,64365,0,703.0,6436.5,0.0,-5733.5
2439,9900,65188,0,990.0,6518.8,0.0,-5528.8
2440,7410,62751,0,741.0,6275.1,0.0,-5534.1
2441,8610,63205,0,861.0,6320.5,0.0,-5459.5
2442,12250,65788,0,1225.0,6578.8,0.0,-5353.8
2443,11760,65153,0,1176.0,6515.3,0.0,-5339.3
2444,8610,64068,0,861.0,6406.8,0.0,-5545.8
2445,14850,65224,0,1485.0,6522.4,0.0,-5037.4
2446,12750,65631,0,1275.0,6563.1,0.0,-5288.1
2447,20800,66957,0,2080.0,6695.7,0.0,-4615.7
2448,16530,66339,0,1653.0,6633.9,0.0,-4980.9
2449,20160,67860,0,2016.0,6786.0,0.0,-4770.0
2450,10350,65175,0,1035.0,6517.5,0.0,-5482.5
2451,14850,66332,0,1485.0,6633.2,0.0,-5148.2
2452,6300,62583,0,630.0,6258.3,0.0,-5628.3
2453,11280,65861,0,1128.0,6586.1,0.0,-5458.1
2454,13260,66784,0,1326.0,6678.4,0.0,-5352.4
2455,7800,63671,0,780.0,6367.1,0.0,-5587.1
2456,8200,64218,0,820.0,6421.8,0.0,-5601.8
2457,10810,64679,0,1081.0,6467.9,0.0,-5386.9
2458,14310,66993,0,1431.0,6699.3,0.0,-5268.3
2459,10350,64465,0,1035.0,6446.5,0.0,-5411.5
2460,15960,66345,0,1596.0,6634.5,0.0,-5038.5
2461,8610,64614,0,861.0,6461.4,0.0,-5600.4
2462,10350,64473,0,1035.0,6447.3,0.0,-5412.3
2463,9900,64233,0,990.0,6423.3,0.0,-5433.3
2464,13780,66683,0,1378.0,6668.3,0.0,-5290.3
2465,7030,62547,0,703.0,6254.7,0.0,-5551.7
2466,14310,65717,0,1431.0,6571.7,0.0,-5140.7
2467,8200,63746,0,820.0,6374.6,0.0,-5554.6
2468,10810,65442,0,1081.0,6544.2,0.0,-5463.2
2469,7030,64757,0,703.0,6475.7,0.0,-5772.7
2470,14310,66334,0,1431.0,6633.4,0.0,-5202.4
2471,9460,64420,0,946.0,6442.0,0.0,-5496.0
2472,14850,66741,0,1485.0,6674.1,0.0,-5189.1
2473,7800,63930,0,780.0,6393.0,0.0,-5613.0
2474,12250,87248,0,1225.0,8724.8,0.0,-7499.8
2475,6300,61897,0,630.0,6189.7,0.0,-5559.7
2476,9030,63264,0,903.0,6326.4,0.0,-5423.4
2477,13780,65177,0,1378.0,6517.7,0.0,-5139.7
2478,9900,64171,0,990.0,6417.1,0.0,-5427.1
2479,8610,64403,0,861.0,6440.3,0.0,-5579.3
2480,11760,64030,0,1176.0,6403.0,0.0,-5227.0
2481,8610,64070,0,861.0,6407.0,0.0,-5546.0
2482,14310,66381,0,1431.0,6638.1,0.0,-5207.1
2483,8610,64560,0,861.0,6456.0,0.0,-5595.0
2484,7800,64532,0,780.0,6453.2,0.0,-5673.2
2485,6300,64232,0,630.0,6423.2,0.0,-5793.2
2486,6660,63622,0,666.0,6362.2,0.0,-5696.2
2487,7410,63117,0,741.0,6311.7,0.0,-5570.7
2488,10810,64253,0,1081.0,6425.3,0.0,-5344.3
2489,10350,65234,0,1035.0,6523.4,0.0,-5488.4
2490,6660,63415,0,666.0,6341.5,0.0,-5675.5
2491,12250,65699,0,1225.0,6569.9,0.0,-5344.9
2492,11280,63945,0,1128.0,6394.5,0.0,-5266.5
2493,9460,64043,0,946.0,6404.3,0.0,-5458.3
2494,7030,63667,0,703.0,6366.7,0.0,-5663.7
2495,27010,68629,0,2701.0,6862.9,0.0,-4161.9
2496,11760,65609,0,1176.0,6560.9,0.0,-5384.9
2497,7410,63880,0,741.0,6388.0,0.0,-5647.0
2498,10810,63177,0,1081.0,6317.7,0.0,-5236.7
2499,14850,65721,0,1485.0,6572.1,0.0,-5087.1
2500,11760,65393,0,1176.0,6539.3,0.0,-5363.3
2501,9460,64694,0,946.0,6469.4,0.0,-5523.4
2502,12250,66179,0,1225.0,6617.9,0.0,-5392.9
2503,12250,65822,0,1225.0,6582.2,0.0,-5357.2
2504,10810,66220,0,1081.0,6622.0,0.0,-5541.0
2505,12750,65194,0,1275.0,6519.4,0.0,-5244.4
2506,5610,62996,0,561.0,6299.6,0.0,-5738.6
2507,13260,65403,0,1326.0,6540.3,0.0,-5214.3
2508,5280,63869,0,528.0,6386.9,0.0,-5858.9
2509,10810,63443,0,1081.0,6344.3,0.0,-5263.3
2510,10810,61945,0,1081.0,6194.5,0.0,-5113.5
2511,6300,63880,0,630.0,6388.0,0.0,-5758.0
2512,7800,63189,0,780.0,6318.9,0.0,-5538.9
2513,9900,64339,0,990.0,6433.9,0.0,-5443.9
2514,11760,66129,0,1176.0,6612.9,0.0,-5436.9
2515,17110,66326,0,1711.0,6632.6,0.0,-4921.6
2516,13260,65274,0,1326.0,6527.4,0.0,-5201.4
2517,9900,64317,0,990.0,6431.7,0.0,-5441.7
2518,12250,65293,0,1225.0,6529.3,0.0,-5304.3
2519,7800,62745,0,780.0,6274.5,0.0,-5494.5
2520,12250,65573,0,1225.0,6557.3,0.0,-5332.3
2521,16530,66007,0,1653.0,6600.7,0.0,-4947.7
2522,11280,64688,0,1128.0,6468.8,0.0,-5340.8
2523,6300,63005,0,630.0,6300.5,0.0,-5670.5
2524,11760,64896,0,1176.0,6489.6,0.0,-5313.6
2525,10810,64607,0,1081.0,6460.7,0.0,-5379.7
2526,12250,65726,0,1225.0,6572.6,0.0,-5347.6
2527,8200,64127,0,820.0,6412.7,0.0,-5592.7
2528,11760,65306,0,1176.0,6530.6,0.0,-5354.6
2529,12250,65773,0,1225.0,6577.3,0.0,-5352.3
2530,15400,67351,0,1540.0,6735.1,0.0,-5195.1
2531,14310,65338,0,1431.0,6533.8,0.0,-5102.8
2532,6300,61913,0,630.0,6191.3,0.0,-5561.3
2533,9460,63486,0,946.0,6348.6,0.0,-5402.6
2534,8200,62695,0,820.0,6269.5,0.0,-5449.5
2535,10350,64341,0,1035.0,6434.1,0.0,-5399.1
2536,9900,64585,0,990.0,6458.5,0.0,-5468.5
2537,16530,65659,0,1653.0,6565.9,0.0,-4912.9
2538,10350,64146,0,1035.0,6414.6,0.0,-5379.6
2539,12750,65460,0,1275.0,6546.0,0.0,-5271.0
2540,10810,64116,0,1081.0,6411.6,0.0,-5330.6
2541,9460,63370,0,946.0,6337.0,0.0,-5391.0
2542,4350,62541,0,435.0,6254.1,0.0,-5819.1
2543,16530,66247,0,1653.0,6624.7,0.0,-4971.7
2544,9900,64415,0,990.0,6441.5,0.0,-5451.5
2545,12750,65461,0,1275.0,6546.1,0.0,-5271.1
2546,10350,64198,0,1035.0,6419.8,0.0,-5384.8
2547,5280,62782,0,528.0,6278.2,0.0,-5750.2
2548,13260,64085,0,1326.0,6408.5,0.0,-5082.5
2549,12250,65569,0,1225.0,6556.9,0.0,-5331.9
2550,12750,64969,0,1275.0,6496.9,0.0,-5221.9
2551,14850,66575,0,1485.0,6657.5,0.0,-5172.5
2552,10810,62577,0,1081.0,6257.7,0.0,-5176.7
2553,4650,62568,0,465.0,6256.8,0.0,-5791.8
2554,15960,67204,0,1596.0,6720.4,0.0,-5124.4
2555,26280,66939,0,2628.0,6693.9,0.0,-4065.9
2556,13780,66004,0,1378.0,6600.4,0.0,-5222.4
2557,7030,63436,0,703.0,6343.6,0.0,-5640.6
2558,8610,63658,0,861.0,6365.8,0.0,-5504.8
2559,15400,65642,0,1540.0,6564.2,0.0,-5024.2
2560,12250,63076,0,1225.0,6307.6,0.0,-5082.6
2561,16530,66843,0,1653.0,6684.3,0.0,-5031.3
2562,7800,63256,0,780.0,6325.6,0.0,-5545.6
2563,13260,66490,0,1326.0,6649.0,0.0,-5323.0
2564,9030,63788,0,903.0,6378.8,0.0,-5475.8
2565,11760,65693,0,1176.0,6569.3,0.0,-5393.3
2566,14310,65470,0,1431.0,6547.0,0.0,-5116.0
2567,11760,65191,0,1176.0,6519.1,0.0,-5343.1
2568,6300,62284,0,630.0,6228.4,0.0,-5598.4
2569,15960,65304,0,1596.0,6530.4,0.0,-4934.4
2570,14310,65250,0,1431.0,6525.0,0.0,-5094.0
2571,10810,63663,0,1081.0,6366.3,0.0,-5285.3
2572,9900,64915,0,990.0,6491.5,0.0,-5501.5
2573,13260,65388,0,1326.0,6538.8,0.0,-5212.8
2574,12750,66613,0,1275.0,6661.3,0.0,-5386.3
2575,13780,65360,0,1378.0,6536.0,0.0,-5158.0
2576,15400,65109,0,1540.0,6510.9,0.0,-4970.9
2577,4650,63137,0,465.0,6313.7,0.0,-5848.7
2578,7030,62744,0,703.0,6274.4,0.0,-5571.4
2579,18300,67845,0,1830.0,6784.5,0.0,-4954.5
2580,10350,64679,0,1035.0,6467.9,0.0,-5432.9
2581,10350,64520,0,1035.0,6452.0,0.0,-5417.0
2582,15400,65908,0,1540.0,6590.8,0.0,-5050.8
2583,13260,65153,0,1326.0,6515.3,0.0,-5189.3
2584,8610,63421,0,861.0,6342.1,0.0,-5481.1
2585,10810,128539,0,1081.0,12853.9,0.0,-11772.9
2586,6660,62791,0,666.0,6279.1,0.0,-5613.1
2587,12750,65122,0,1275.0,6512.2,0.0,-5237.2
2588,15400,66679,0,1540.0,6667.9,0.0,-5127.9
2589,8200,63739,0,820.0,6373.9,0.0,-5553.9
2590,5280,62941,0,528.0,6294.1,0.0,-5766.1
2591,9030,64441,0,903.0,6444.1,0.0,-5541.1
2592,9030,63209,0,903.0,6320.9,0.0,-5417.9
2593,9030,63516,0,903.0,6351.6,0.0,-5448.6
2594,9900,64836,0,990.0,6483.6,0.0,-5493.6
2595,12250,64989,0,1225.0,6498.9,0.0,-5273.9
2596,9460,64170,0,946.0,6417.0,0.0,-5471.0
2597,15960,66105,0,1596.0,6610.5,0.0,-5014.5
2598,7030,62814,0,703.0,6281.4,0.0,-5578.4
2599,5610,62890,0,561.0,6289.0,0.0,-5728.0
2600,10350,63592,0,1035.0,6359.2,0.0,-5324.2
2601,21450,65426,0,2145.0,6542.6,0.0,-4397.6
2602,6660,63484,0,666.0,6348.4,0.0,-5682.4
2603,10810,63899,0,1081.0,6389.9,0.0,-5308.9
2604,13260,65793,0,1326.0,6579.3,0.0,-5253.3
2605,8200,63324,0,820.0,6332.4,0.0,-5512.4
2606,9460,64562,0,946.0,6456.2,0.0,-5510.2
2607,11280,64723,0,1128.0,6472.3,0.0,-5344.3
2608,11280,65609,0,1128.0,6560.9,0.0,-5432.9
2609,9460,64084,0,946.0,6408.4,0.0,-5462.4
2610,5950,60934,0,595.0,6093.4,0.0,-5498.4
2611,9460,65323,0,946.0,6532.3,0.0,-5586.3
2612,7800,63524,0,780.0,6352.4,0.0,-5572.4
2613,14850,65530,0,1485.0,6553.0,0.0,-5068.0
2614,9460,64032,0,946.0,6403.2,0.0,-5457.2
2615,11760,65571,0,1176.0,6557.1,0.0,-5381.1
2616,12750,63893,0,1275.0,6389.3,0.0,-5114.3
2617,8610,63422,0,861.0,6342.2,0.0,-5481.2
2618,6300,63077,0,630.0,6307.7,0.0,-5677.7
2619,11760,66106,0,1176.0,6610.6,0.0,-5434.6
2620,10350,63871,0,1035.0,6387.1,0.0,-5352.1
2621,11760,64779,0,1176.0,6477.9,0.0,-5301.9
2622,13780,66052,0,1378.0,6605.2,0.0,-5227.2
2623,13260,65936,0,1326.0,6593.6,0.0,-5267.6
2624,10350,64745,0,1035.0,6474.5,0.0,-5439.5
2625,12250,64575,0,1225.0,6457.5,0.0,-5232.5
2626,18300,67073,0,1830.0,6707.3,0.0,-4877.3
2627,7410,63412,0,741.0,6341.2,0.0,-5600.2
2628,4960,62753,0,496.0,6275.3,0.0,-5779.3
2629,6300,62923,0,630.0,6292.3,0.0,-5662.3
2630,7030,63356,0,703.0,6335.6,0.0,-5632.6
2631,9460,64251,0,946.0,6425.1,0.0,-5479.1
2632,13260,65435,0,1326.0,6543.5,0.0,-5217.5
2633,8610,64232,0,861.0,6423.2,0.0,-5562.2
2634,8200,63719,0,820.0,6371.9,0.0,-5551.9
2635,33210,68173,0,3321.0,6817.3,0.0,-3496.3
2636,7410,63317,0,741.0,6331.7,0.0,-5590.7
2637,12250,64238,0,1225.0,6423.8,0.0,-5198.8
2638,6660,62633,0,666.0,6263.3,0.0,-5597.3
2639,9900,64863,0,990.0,6486.3,0.0,-5496.3
2640,10810,65404,0,1081.0,6540.4,0.0,-5459.4
2641,10810,64973,0,1081.0,6497.3,0.0,-5416.3
2642,17700,67225,0,1770.0,6722.5,0.0,-4952.5
2643,13260,64848,0,1326.0,6484.8,0.0,-5158.8
2644,9030,64710,0,903.0,6471.0,0.0,-5568.0
2645,9900,64343,0,990.0,6434.3,0.0,-5444.3
2646,18910,68284,0,1891.0,6828.4,0.0,-4937.4
2647,27010,67185,0,2701.0,6718.5,0.0,-4017.5
2648,9900,65222,0,990.0,6522.2,0.0,-5532.2
2649,9030,61889,0,903.0,6188.9,0.0,-5285.9
2650,6660,63030,0,666.0,6303.0,0.0,-5637.0
2651,8610,64132,0,861.0,6413.2,0.0,-5552.2
2652,8200,63855,0,820.0,6385.5,0.0,-5565.5
2653,9900,65611,0,990.0,6561.1,0.0,-5571.1
2654,3780,60737,0,378.0,6073.7,0.0,-5695.7
2655,10350,64871,0,1035.0,6487.1,0.0,-5452.1
2656,33210,68094,0,3321.0,6809.4,0.0,-3488.4
2657,8200,63971,0,820.0,6397.1,0.0,-5577.1
2658,13780,65731,0,1378.0,6573.1,0.0,-5195.1
2659,7410,63065,0,741.0,6306.5,0.0,-5565.5
2660,24850,67101,0,2485.0,6710.1,0.0,-4225.1
2661,18300,66015,0,1830.0,6601.5,0.0,-4771.5
2662,11280,65113,0,1128.0,6511.3,0.0,-5383.3
2663,9030,64803,0,903.0,6480.3,0.0,-5577.3
2664,13260,64408,0,1326.0,6440.8,0.0,-5114.8
2665,12250,64963,0,1225.0,6496.3,0.0,-5271.3
2666,7410,62548,0,741.0,6254.8,0.0,-5513.8
2667,7800,61713,0,780.0,6171.3,0.0,-5391.3
2668,10350,64917,0,1035.0,6491.7,0.0,-5456.7
2669,8610,63338,0,861.0,6333.8,0.0,-5472.8
2670,7410,63267,0,741.0,6326.7,0.0,-5585.7
2671,4960,61895,0,496.0,6189.5,0.0,-5693.5
2672,18300,67479,0,1830.0,6747.9,0.0,-4917.9
2673,14310,66304,0,1431.0,6630.4,0.0,-5199.4
2674,17110,66472,0,1711.0,6647.2,0.0,-4936.2
2675,17700,66208,0,1770.0,6620.8,0.0,-4850.8
2676,8200,62402,0,820.0,6240.2,0.0,-5420.2
2677,6660,63056,0,666.0,6305.6,0.0,-5639.6
2678,7800,63374,0,780.0,6337.4,0.0,-5557.4
2679,10810,64390,0,1081.0,6439.0,0.0,-5358.0
2680,16530,65365,0,1653.0,6536.5,0.0,-4883.5
2681,11280,64975,0,1128.0,6497.5,0.0,-5369.5
2682,17110,64892,0,1711.0,6489.2,0.0,-4778.2
2683,9900,63827,0,990.0,6382.7,0.0,-5392.7
2684,11760,65091,0,1176.0,6509.1,0.0,-5333.1
2685,4350,62379,0,435.0,6237.9,0.0,-5802.9
2686,5610,63109,0,561.0,6310.9,0.0,-5749.9
2687,10810,65438,0,1081.0,6543.8,0.0,-5462.8
2688,5950,63535,0,595.0,6353.5,0.0,-5758.5
2689,14310,64975,0,1431.0,6497.5,0.0,-5066.5
2690,19530,67145,0,1953.0,6714.5,0.0,-4761.5
2691,12750,66243,0,1275.0,6624.3,0.0,-5349.3
2692,8610,62291,0,861.0,6229.1,0.0,-5368.1
2693,6660,63278,0,666.0,6327.8,0.0,-5661.8
2694,13780,66062,0,1378.0,6606.2,0.0,-5228.2
2695,18300,68153,0,1830.0,6815.3,0.0,-4985.3
2696,16530,66474,0,1653.0,6647.4,0.0,-4994.4
2697,3250,61161,0,325.0,6116.1,0.0,-5791.1
2698,10350,63619,0,1035.0,6361.9,0.0,-5326.9
2699,15400,65968,0,1540.0,6596.8,0.0,-5056.8
2700,9030,63754,0,903.0,6375.4,0.0,-5472.4
2701,7800,63375,0,780.0,6337.5,0.0,-5557.5
2702,3510,62028,0,351.0,6202.8,0.0,-5851.8
2703,12750,65853,0,1275.0,6585.3,0.0,-5310.3
2704,8200,64553,0,820.0,6455.3,0.0,-5635.3
2705,8200,64119,0,820.0,6411.9,0.0,-5591.9
2706,17110,65561,0,1711.0,6556.1,0.0,-4845.1
2707,12750,65804,0,1275.0,6580.4,0.0,-5305.4
2708,7410,64474,0,741.0,6447.4,0.0,-5706.4
2709,13260,75248,0,1326.0,7524.8,0.0,-6198.8
2710,7800,64780,0,780.0,6478.0,0.0,-5698.0
2711,13260,66191,0,1326.0,6619.1,0.0,-5293.1
2712,11280,65662,0,1128.0,6566.2,0.0,-5438.2
2713,14310,64832,0,1431.0,6483.2,0.0,-5052.2
2714,9460,64428,0,946.0,6442.8,0.0,-5496.8
2715,9900,63744,0,990.0,6374.4,0.0,-5384.4
2716,5280,62381,0,528.0,6238.1,0.0,-5710.1
2717,11760,65100,0,1176.0,6510.0,0.0,-5334.0
2718,9460,64252,0,946.0,6425.2,0.0,-5479.2
2719,12750,65266,0,1275.0,6526.6,0.0,-5251.6
2720,11280,64532,0,1128.0,6453.2,0.0,-5325.2
2721,12750,65189,0,1275.0,6518.9,0.0,-5243.9
2722,9460,64770,0,946.0,6477.0,0.0,-5531.0
2723,9900,64562,0,990.0,6456.2,0.0,-5466.2
2724,12250,64993,0,1225.0,6499.3,0.0,-5274.3
2725,7800,63572,0,780.0,6357.2,0.0,-5577.2
2726,9030,64993,0,903.0,6499.3,0.0,-5596.3
2727,7800,63415,0,780.0,6341.5,0.0,-5561.5
2728,5280,63024,0,528.0,6302.4,0.0,-5774.4
2729,8200,63376,0,820.0,6337.6,0.0,-5517.6
2730,13260,65841,0,1326.0,6584.1,0.0,-5258.1
2731,20800,66840,0,2080.0,6684.0,0.0,-4604.0
2732,12750,65895,0,1275.0,6589.5,0.0,-5314.5
2733,12750,65701,0,1275.0,6570.1,0.0,-5295.1
2734,5610,63845,0,561.0,6384.5,0.0,-5823.5
2735,13780,65515,0,1378.0,6551.5,0.0,-5173.5
2736,12250,65897,0,1225.0,6589.7,0.0,-5364.7
2737,11760,66172,0,1176.0,6617.2,0.0,-5441.2
2738,9460,63729,0,946.0,6372.9,0.0,-5426.9
2739,14850,65290,0,1485.0,6529.0,0.0,-5044.0
2740,25560,68086,0,2556.0,6808.6,0.0,-4252.6
2741,8610,64936,0,861.0,6493.6,0.0,-5632.6
2742,7410,64901,0,741.0,6490.1,0.0,-5749.1
2743,10810,64266,0,1081.0,6426.6,0.0,-5345.6
2744,13780,65224,0,1378.0,6522.4,0.0,-5144.4
2745,11280,65940,0,1128.0,6594.0,0.0,-5466.0
2746,14850,65530,0,1485.0,6553.0,0.0,-5068.0
2747,9460,63947,0,946.0,6394.7,0.0,-5448.7
2748,6660,63807,0,666.0,6380.7,0.0,-5714.7
2749,12750,65359,0,1275.0,6535.9,0.0,-5260.9
2750,7030,62388,0,703.0,6238.8,0.0,-5535.8
2751,10350,65261,0,1035.0,6526.1,0.0,-5491.1
2752,6660,63496,0,666.0,6349.6,0.0,-5683.6
2753,12250,66105,0,1225.0,6610.5,0.0,-5385.5
2754,5950,63501,0,595.0,6350.1,0.0,-5755.1
2755,12250,65364,0,1225.0,6536.4,0.0,-5311.4
2756,14850,67590,0,1485.0,6759.0,0.0,-5274.0
2757,8610,64992,0,861.0,6499.2,0.0,-5638.2
2758,13780,65188,0,1378.0,6518.8,0.0,-5140.8
2759,10810,64312,0,1081.0,6431.2,0.0,-5350.2
2760,12750,65966,0,1275.0,6596.6,0.0,-5321.6
2761,5610,63072,0,561.0,6307.2,0.0,-5746.2
2762,8610,63600,0,861.0,6360.0,0.0,-5499.0
2763,10810,64380,0,1081.0,6438.0,0.0,-5357.0
2764,9900,63974,0,990.0,6397.4,0.0,-5407.4
2765,5610,63511,0,561.0,6351.1,0.0,-5790.1
2766,12250,64220,0,1225.0,6422.0,0.0,-5197.0
2767,9030,64125,0,903.0,6412.5,0.0,-5509.5
2768,13260,65211,0,1326.0,6521.1,0.0,-5195.1
2769,15400,66309,0,1540.0,6630.9,0.0,-5090.9
2770,10350,64289,0,1035.0,6428.9,0.0,-5393.9
2771,7030,63884,0,703.0,6388.4,0.0,-5685.4
2772,8610,63125,0,861.0,6312.5,0.0,-5451.5
2773,6660,62217,0,666.0,6221.7,0.0,-5555.7
2774,5950,62405,0,595.0,6240.5,0.0,-5645.5
2775,10350,63780,0,1035.0,6378.0,0.0,-5343.0
2776,7030,64148,0,703.0,6414.8,0.0,-5711.8
2777,7410,63711,0,741.0,6371.1,0.0,-5630.1
2778,11280,66402,0,1128.0,6640.2,0.0,-5512.2
2779,9460,63147,0,946.0,6314.7,0.0,-5368.7
2780,3780,62111,0,378.0,6211.1,0.0,-5833.1
2781,10350,64965,0,1035.0,6496.5,0.0,-5461.5
2782,7800,64067,0,780.0,6406.7,0.0,-5626.7
2783,9030,63810,0,903.0,6381.0,0.0,-5478.0
2784,14850,65836,0,1485.0,6583.6,0.0,-5098.6
2785,13260,65850,0,1326.0,6585.0,0.0,-5259.0
2786,24850,66614,0,2485.0,6661.4,0.0,-4176.4
2787,19530,67836,0,1953.0,6783.6,0.0,-4830.6
2788,9030,65000,0,903.0,6500.0,0.0,-5597.0
2789,9460,64588,0,946.0,6458.8,0.0,-5512.8
2790,9030,64119,0,903.0,6411.9,0.0,-5508.9
2791,7410,63920,0,741.0,6392.0,0.0,-5651.0
2792,8610,64277,0,861.0,6427.7,0.0,-5566.7
2793,13260,64761,0,1326.0,6476.1,0.0,-5150.1
2794,8200,63759,0,820.0,6375.9,0.0,-5555.9
2795,8200,63234,0,820.0,6323.4,0.0,-5503.4
2796,11280,65854,0,1128.0,6585.4,0.0,-5457.4
2797,5280,63425,0,528.0,6342.5,0.0,-5814.5
2798,8610,64922,0,861.0,6492.2,0.0,-5631.2
2799,24850,68712,0,2485.0,6871.2,0.0,-4386.2
2800,13260,66243,0,1326.0,6624.3,0.0,-5298.3
2801,10350,66446,0,1035.0,6644.6,0.0,-5609.6
2802,9030,64382,0,903.0,6438.2,0.0,-5535.2
2803,21450,67056,0,2145.0,6705.6,0.0,-4560.6
2804,20800,67325,0,2080.0,6732.5,0.0,-4652.5
2805,12750,65598,0,1275.0,6559.8,0.0,-5284.8
2806,9900,64549,0,990.0,6454.9,0.0,-5464.9
2807,12250,66440,0,1225.0,6644.0,0.0,-5419.0
2808,12250,65843,0,1225.0,6584.3,0.0,-5359.3
2809,12250,65604,0,1225.0,6560.4,0.0,-5335.4
2810,9030,64914,0,903.0,6491.4,0.0,-5588.4
2811,14310,66927,0,1431.0,6692.7,0.0,-5261.7
2812,7410,63180,0,741.0,6318.0,0.0,-5577.0
2813,10350,64179,0,1035.0,6417.9,0.0,-5382.9
2814,22110,67470,0,2211.0,6747.0,0.0,-4536.0
2815,15400,66408,0,1540.0,6640.8,0.0,-5100.8
2816,14310,65536,0,1431.0,6553.6,0.0,-5122.6
2817,19530,66831,0,1953.0,6683.1,0.0,-4730.1
2818,17700,65450,0,1770.0,6545.0,0.0,-4775.0
2819,11280,64169,0,1128.0,6416.9,0.0,-5288.9
2820,13260,65998,0,1326.0,6599.8,0.0,-5273.8
2821,20800,66833,0,2080.0,6683.3,0.0,-4603.3
2822,4960,61033,0,496.0,6103.3,0.0,-5607.3
2823,18300,66373,0,1830.0,6637.3,0.0,-4807.3
2824,8610,65357,0,861.0,6535.7,0.0,-5674.7
2825,6300,62308,0,630.0,6230.8,0.0,-5600.8
2826,12750,66123,0,1275.0,6612.3,0.0,-5337.3
2827,9900,64720,0,990.0,6472.0,0.0,-5482.0
2828,8200,64084,0,820.0,6408.4,0.0,-5588.4
2829,11760,64949,0,1176.0,6494.9,0.0,-5318.9
2830,5950,62718,0,595.0,6271.8,0.0,-5676.8
2831,9030,64910,0,903.0,6491.0,0.0,-5588.0
2832,15400,67024,0,1540.0,6702.4,0.0,-5162.4
2833,10810,63636,0,1081.0,6363.6,0.0,-5282.6
2834,12250,66592,0,1225.0,6659.2,0.0,-5434.2
2835,17700,67334,0,1770.0,6733.4,0.0,-4963.4
2836,7410,64165,0,741.0,6416.5,0.0,-5675.5
2837,9030,64722,0,903.0,6472.2,0.0,-5569.2
2838,15400,66232,0,1540.0,6623.2,0.0,-5083.2
2839,11760,65332,0,1176.0,6533.2,0.0,-5357.2
2840,8610,64761,0,861.0,6476.1,0.0,-5615.1
2841,9460,64200,0,946.0,6420.0,0.0,-5474.0
2842,9030,64107,0,903.0,6410.7,0.0,-5507.7
2843,15400,65015,0,1540.0,6501.5,0.0,-4961.5
2844,8610,63139,0,861.0,6313.9,0.0,-5452.9
2845,7800,72981,0,780.0,7298.1,0.0,-6518.1
2846,12750,66329,0,1275.0,6632.9,0.0,-5357.9
2847,13780,66595,0,1378.0,6659.5,0.0,-5281.5
2848,9030,63382,0,903.0,6338.2,0.0,-5435.2
2849,16530,65862,0,1653.0,6586.2,0.0,-4933.2
2850,7030,63623,0,703.0,6362.3,0.0,-5659.3
2851,13260,65396,0,1326.0,6539.6,0.0,-5213.6
2852,13780,66243,0,1378.0,6624.3,0.0,-5246.3
2853,7030,63616,0,703.0,6361.6,0.0,-5658.6
2854,15400,65589,0,1540.0,6558.9,0.0,-5018.9
2855,11280,64557,0,1128.0,6455.7,0.0,-5327.7
2856,6660,63478,0,666.0,6347.8,0.0,-5681.8
2857,10810,65482,0,1081.0,6548.2,0.0,-5467.2
2858,14310,67106,0,1431.0,6710.6,0.0,-5279.6
2859,7410,64050,0,741.0,6405.0,0.0,-5664.0
2860,10350,64897,0,1035.0,6489.7,0.0,-5454.7
2861,9900,63811,0,990.0,6381.1,0.0,-5391.1
2862,10350,63384,0,1035.0,6338.4,0.0,-5303.4
2863,14310,65461,0,1431.0,6546.1,0.0,-5115.1
2864,6660,64098,0,666.0,6409.8,0.0,-5743.8
2865,7410,64148,0,741.0,6414.8,0.0,-5673.8
2866,10810,64595,0,1081.0,6459.5,0.0,-5378.5
2867,10810,64024,0,1081.0,6402.4,0.0,-5321.4
2868,7410,63516,0,741.0,6351.6,0.0,-5610.6
2869,12750,64669,0,1275.0,6466.9,0.0,-5191.9
2870,6300,62732,0,630.0,6273.2,0.0,-5643.2
2871,12750,65838,0,1275.0,6583.8,0.0,-5308.8
2872,6660,63667,0,666.0,6366.7,0.0,-5700.7
2873,9460,64026,0,946.0,6402.6,0.0,-5456.6
2874,8610,64234,0,861.0,6423.4,0.0,-5562.4
2875,12750,65216,0,1275.0,6521.6,0.0,-5246.6
2876,6660,63477,0,666.0,6347.7,0.0,-5681.7
2877,10810,65871,0,1081.0,6587.1,0.0,-5506.1
2878,7030,63233,0,703.0,6323.3,0.0,-5620.3
2879,8200,63861,0,820.0,6386.1,0.0,-5566.1
2880,7410,63017,0,741.0,6301.7,0.0,-5560.7
2881,11760,64758,0,1176.0,6475.8,0.0,-5299.8
2882,9460,64251,0,946.0,6425.1,0.0,-5479.1
2883,8200,62615,0,820.0,6261.5,0.0,-5441.5
2884,10350,65959,0,1035.0,6595.9,0.0,-5560.9
2885,9900,65136,0,990.0,6513.6,0.0,-5523.6
2886,3250,59235,0,325.0,5923.5,0.0,-5598.5
2887,24850,66795,0,2485.0,6679.5,0.0,-4194.5
2888,12250,66579,0,1225.0,6657.9,0.0,-5432.9
2889,7410,64228,0,741.0,6422.8,0.0,-5681.8
2890,14310,65060,0,1431.0,6506.0,0.0,-5075.0
2891,10810,64740,0,1081.0,6474.0,0.0,-5393.0
2892,18300,66091,0,1830.0,6609.1,0.0,-4779.1
2893,10810,64815,0,1081.0,6481.5,0.0,-5400.5
2894,14310,66642,0,1431.0,6664.2,0.0,-5233.2
2895,7800,64335,0,780.0,6433.5,0.0,-5653.5
2896,16530,65286,0,1653.0,6528.6,0.0,-4875.6
2897,10810,64716,0,1081.0,6471.6,0.0,-5390.6
2898,5950,63653,0,595.0,6365.3,0.0,-5770.3
2899,15400,67212,0,1540.0,6721.2,0.0,-5181.2
2900,6660,62972,0,666.0,6297.2,0.0,-5631.2
2901,7030,63219,0,703.0,6321.9,0.0,-5618.9
2902,11760,64566,0,1176.0,6456.6,0.0,-5280.6
2903,8610,64235,0,861.0,6423.5,0.0,-5562.5
2904,10810,63864,0,1081.0,6386.4,0.0,-5305.4
2905,13780,65846,0,1378.0,6584.6,0.0,-5206.6
2906,14310,66097,0,1431.0,6609.7,0.0,-5178.7
2907,4350,62679,0,435.0,6267.9,0.0,-5832.9
2908,9900,65055,0,990.0,6505.5,0.0,-5515.5
2909,12750,64806,0,1275.0,6480.6,0.0,-5205.6
2910,13260,63068,0,1326.0,6306.8,0.0,-4980.8
2911,9030,64116,0,903.0,6411.6,0.0,-5508.6
2912,9030,64061,0,903.0,6406.1,0.0,-5503.1
2913,6660,63320,0,666.0,6332.0,0.0,-5666.0
2914,11760,65490,0,1176.0,6549.0,0.0,-5373.0
2915,8610,63908,0,861.0,6390.8,0.0,-5529.8
2916,13260,65972,0,1326.0,6597.2,0.0,-5271.2
2917,9460,64156,0,946.0,6415.6,0.0,-5469.6
2918,13780,64978,0,1378.0,6497.8,0.0,-5119.8
2919,7800,64032,0,780.0,6403.2,0.0,-5623.2
2920,13260,66764,0,1326.0,6676.4,0.0,-5350.4
2921,8610,62757,0,861.0,6275.7,0.0,-5414.7
2922,7800,63433,0,780.0,6343.3,0.0,-5563.3
2923,8610,65090,0,861.0,6509.0,0.0,-5648.0
2924,10810,64933,0,1081.0,6493.3,0.0,-5412.3
2925,8200,64895,0,820.0,6489.5,0.0,-5669.5
2926,7800,64713,0,780.0,6471.3,0.0,-5691.3
2927,14850,66261,0,1485.0,6626.1,0.0,-5141.1
2928,8610,64114,0,861.0,6411.4,0.0,-5550.4
2929,13260,65054,0,1326.0,6505.4,0.0,-5179.4
2930,7030,63048,0,703.0,6304.8,0.0,-5601.8
2931,12250,69740,0,1225.0,6974.0,0.0,-5749.0
2932,4960,62512,0,496.0,6251.2,0.0,-5755.2
2933,7030,63340,0,703.0,6334.0,0.0,-5631.0
2934,7410,62903,0,741.0,6290.3,0.0,-5549.3
2935,9900,64401,0,990.0,6440.1,0.0,-5450.1
2936,4650,62529,0,465.0,6252.9,0.0,-5787.9
2937,7800,63220,0,780.0,6322.0,0.0,-5542.0
2938,14310,66429,0,1431.0,6642.9,0.0,-5211.9
2939,5610,61823,0,561.0,6182.3,0.0,-5621.3
2940,10810,64822,0,1081.0,6482.2,0.0,-5401.2
2941,6300,62735,0,630.0,6273.5,0.0,-5643.5
2942,9460,64331,0,946.0,6433.1,0.0,-5487.1
2943,9460,62663,0,946.0,6266.3,0.0,-5320.3
2944,13780,65936,0,1378.0,6593.6,0.0,-5215.6
2945,21450,66340,0,2145.0,6634.0,0.0,-4489.0
2946,12750,66746,0,1275.0,6674.6,0.0,-5399.6
2947,18300,66014,0,1830.0,6601.4,0.0,-4771.4
2948,15960,65919,0,1596.0,6591.9,0.0,-4995.9
2949,7800,63405,0,780.0,6340.5,0.0,-5560.5
2950,7800,63577,0,780.0,6357.7,0.0,-5577.7
2951,8610,70750,0,861.0,7075.0,0.0,-6214.0
2952,8610,63623,0,861.0,6362.3,0.0,-5501.3
2953,9900,64218,0,990.0,6421.8,0.0,-5431.8
2954,20800,67764,0,2080.0,6776.4,0.0,-4696.4
2955,7030,62226,0,703.0,6222.6,0.0,-5519.6
2956,4960,62501,0,496.0,6250.1,0.0,-5754.1
2957,5950,63731,0,595.0,6373.1,0.0,-5778.1
2958,11760,64219,0,1176.0,6421.9,0.0,-5245.9
2959,14850,66148,0,1485.0,6614.8,0.0,-5129.8
2960,9030,65048,0,903.0,6504.8,0.0,-5601.8
2961,15960,65149,0,1596.0,6514.9,0.0,-4918.9
2962,12750,65649,0,1275.0,6564.9,0.0,-5289.9
2963,12750,65848,0,1275.0,6584.8,0.0,-5309.8
2964,12250,64860,0,1225.0,6486.0,0.0,-5261.0
2965,13260,65640,0,1326.0,6564.0,0.0,-5238.0
2966,6300,61246,0,630.0,6124.6,0.0,-5494.6
2967,7410,63756,0,741.0,6375.6,0.0,-5634.6
2968,15960,66518,0,1596.0,6651.8,0.0,-5055.8
2969,7800,64402,0,780.0,6440.2,0.0,-5660.2
2970,7030,64221,0,703.0,6422.1,0.0,-5719.1
2971,13260,63772,0,1326.0,6377.2,0.0,-5051.2
2972,10350,65671,0,1035.0,6567.1,0.0,-5532.1
2973,5610,62475,0,561.0,6247.5,0.0,-5686.5
2974,10810,64799,0,1081.0,6479.9,0.0,-5398.9
2975,5610,62646,0,561.0,6264.6,0.0,-5703.6
2976,14850,67039,0,1485.0,6703.9,0.0,-5218.9
2977,4350,61356,0,435.0,6135.6,0.0,-5700.6
2978,8610,62851,0,861.0,6285.1,0.0,-5424.1
2979,8200,63963,0,820.0,6396.3,0.0,-5576.3
2980,17700,67489,0,1770.0,6748.9,0.0,-4978.9
2981,11280,65275,0,1128.0,6527.5,0.0,-5399.5
2982,17110,66857,0,1711.0,6685.7,0.0,-4974.7
2983,14310,65320,0,1431.0,6532.0,0.0,-5101.0
2984,9460,71465,0,946.0,7146.5,0.0,-6200.5
2985,18300,67015,0,1830.0,6701.5,0.0,-4871.5
2986,8200,64672,0,820.0,6467.2,0.0,-5647.2
2987,7410,63742,0,741.0,6374.2,0.0,-5633.2
2988,13780,62993,0,1378.0,6299.3,0.0,-4921.3
2989,7410,62978,0,741.0,6297.8,0.0,-5556.8
2990,9030,64391,0,903.0,6439.1,0.0,-5536.1
2991,7410,64173,0,741.0,6417.3,0.0,-5676.3
2992,13780,67062,0,1378.0,6706.2,0.0,-5328.2
2993,6660,62892,0,666.0,6289.2,0.0,-5623.2
2994,5610,62463,0,561.0,6246.3,0.0,-5685.3
2995,8200,63542,0,820.0,6354.2,0.0,-5534.2
2996,13260,65040,0,1326.0,6504.0,0.0,-5178.0
2997,14850,66722,0,1485.0,6672.2,0.0,-5187.2
2998,9900,65180,0,990.0,6518.0,0.0,-5528.0
2999,14310,66032,0,1431.0,6603.2,0.0,-5172.2
3000,8200,63959,0,820.0,6395.9,0.0,-5575.9
3001,9030,63711,0,903.0,6371.1,0.0,-5468.1
3002,12750,64505,0,1275.0,6450.5,0.0,-5175.5
3003,17700,66187,0,1770.0,6618.7,0.0,-4848.7
3004,7030,63602,0,703.0,6360.2,0.0,-5657.2
3005,6660,62490,0,666.0,6249.0,0.0,-5583.0
3006,14310,66630,0,1431.0,6663.0,0.0,-5232.0
3007,7800,63871,0,780.0,6387.1,0.0,-5607.1
3008,7800,63340,0,780.0,6334.0,0.0,-5554.0
3009,14310,66306,0,1431.0,6630.6,0.0,-5199.6
3010,5610,63347,0,561.0,6334.7,0.0,-5773.7
3011,5950,62478,0,595.0,6247.8,0.0,-5652.8
3012,10350,65360,0,1035.0,6536.0,0.0,-5501.0
3013,6300,63075,0,630.0,6307.5,0.0,-5677.5
3014,24150,67441,0,2415.0,6744.1,0.0,-4329.1
3015,10810,64491,0,1081.0,6449.1,0.0,-5368.1
3016,10350,64523,0,1035.0,6452.3,0.0,-5417.3
3017,12750,66231,0,1275.0,6623.1,0.0,-5348.1
3018,9030,64150,0,903.0,6415.0,0.0,-5512.0
3019,11280,64571,0,1128.0,6457.1,0.0,-5329.1
3020,10810,66558,0,1081.0,6655.8,0.0,-5574.8
3021,9900,65105,0,990.0,6510.5,0.0,-5520.5
3022,20160,67186,0,2016.0,6718.6,0.0,-4702.6
3023,9460,65648,0,946.0,6564.8,0.0,-5618.8
3024,9460,65012,0,946.0,6501.2,0.0,-5555.2
3025,15960,65126,0,1596.0,6512.6,0.0,-4916.6
3026,4350,63427,0,435.0,6342.7,0.0,-5907.7
3027,11760,65192,0,1176.0,6519.2,0.0,-5343.2
3028,12250,66049,0,1225.0,6604.9,0.0,-5379.9
3029,5280,62606,0,528.0,6260.6,0.0,-5732.6
3030,23460,67341,0,2346.0,6734.1,0.0,-4388.1
3031,7410,64201,0,741.0,6420.1,0.0,-5679.1
3032,13780,65951,0,1378.0,6595.1,0.0,-5217.1
3033,9460,64290,0,946.0,6429.0,0.0,-5483.0
3034,8610,65186,0,861.0,6518.6,0.0,-5657.6
3035,18910,66412,0,1891.0,6641.2,0.0,-4750.2
3036,11760,64239,0,1176.0,6423.9,0.0,-5247.9
3037,8610,65039,0,861.0,6503.9,0.0,-5642.9
3038,12250,65103,0,1225.0,6510.3,0.0,-5285.3
3039,9030,63138,0,903.0,6313.8,0.0,-5410.8
3040,7800,64386,0,780.0,6438.6,0.0,-5658.6
3041,13780,65567,0,1378.0,6556.7,0.0,-5178.7
3042,8200,64482,0,820.0,6448.2,0.0,-5628.2
3043,10810,65175,0,1081.0,6517.5,0.0,-5436.5
3044,13260,66273,0,1326.0,6627.3,0.0,-5301.3
3045,3780,61713,0,378.0,6171.3,0.0,-5793.3
3046,11280,63976,0,1128.0,6397.6,0.0,-5269.6
3047,7410,64047,0,741.0,6404.7,0.0,-5663.7
3048,11280,64902,0,1128.0,6490.2,0.0,-5362.2
3049,10350,65402,0,1035.0,6540.2,0.0,-5505.2
3050,17110,67121,0,1711.0,6712.1,0.0,-5001.1
3051,4960,61118,0,496.0,6111.8,0.0,-5615.8
3052,7410,63613,0,741.0,6361.3,0.0,-5620.3
3053,9900,63928,0,990.0,6392.8,0.0,-5402.8
3054,13780,63760,0,1378.0,6376.0,0.0,-4998.0
3055,7800,63058,0,780.0,6305.8,0.0,-5525.8
3056,10350,64216,0,1035.0,6421.6,0.0,-5386.6
3057,9900,64923,0,990.0,6492.3,0.0,-5502.3
3058,4960,61867,0,496.0,6186.7,0.0,-5690.7
3059,5950,63052,0,595.0,6305.2,0.0,-5710.2
3060,14310,66026,0,1431.0,6602.6,0.0,-5171.6
3061,9900,63574,0,990.0,6357.4,0.0,-5367.4
3062,9900,64404,0,990.0,6440.4,0.0,-5450.4
3063,7030,63218,0,703.0,6321.8,0.0,-5618.8
3064,8610,63684,0,861.0,6368.4,0.0,-5507.4
3065,8610,63327,0,861.0,6332.7,0.0,-5471.7
3066,6660,63011,0,666.0,6301.1,0.0,-5635.1
3067,16530,67392,0,1653.0,6739.2,0.0,-5086.2
3068,10810,64728,0,1081.0,6472.8,0.0,-5391.8
3069,6660,62498,0,666.0,6249.8,0.0,-5583.8
3070,12750,65810,0,1275.0,6581.0,0.0,-5306.0
3071,9900,65226,0,990.0,6522.6,0.0,-5532.6
3072,9030,64633,0,903.0,6463.3,0.0,-5560.3
3073,8610,64236,0,861.0,6423.6,0.0,-5562.6
3074,15400,80966,0,1540.0,8096.6,0.0,-6556.6
3075,4350,61156,0,435.0,6115.6,0.0,-5680.6
3076,8200,63503,0,820.0,6350.3,0.0,-5530.3
3077,12250,65111,0,1225.0,6511.1,0.0,-5286.1
3078,14310,65086,0,1431.0,6508.6,0.0,-5077.6
3079,9030,64803,0,903.0,6480.3,0.0,-5577.3
3080,5610,62123,0,561.0,6212.3,0.0,-5651.3
3081,9460,64127,0,946.0,6412.7,0.0,-5466.7
3082,9900,64745,0,990.0,6474.5,0.0,-5484.5
3083,12250,63449,0,1225.0,6344.9,0.0,-5119.9
3084,5950,62966,0,595.0,6296.6,0.0,-5701.6
3085,7030,63412,0,703.0,6341.2,0.0,-5638.2
3086,17700,66653,0,1770.0,6665.3,0.0,-4895.3
3087,17110,66101,0,1711.0,6610.1,0.0,-4899.1
3088,16530,65954,0,1653.0,6595.4,0.0,-4942.4
3089,13260,66253,0,1326.0,6625.3,0.0,-5299.3
3090,13260,67104,0,1326.0,6710.4,0.0,-5384.4
3091,7410,64637,0,741.0,6463.7,0.0,-5722.7
3092,13780,65448,0,1378.0,6544.8,0.0,-5166.8
3093,9900,64742,0,990.0,6474.2,0.0,-5484.2
3094,9900,65965,0,990.0,6596.5,0.0,-5606.5
3095,14310,65953,0,1431.0,6595.3,0.0,-5164.3
3096,18300,67470,0,1830.0,6747.0,0.0,-4917.0
3097,12750,65633,0,1275.0,6563.3,0.0,-5288.3
3098,8610,63103,0,861.0,6310.3,0.0,-5449.3
3099,14310,66015,0,1431.0,6601.5,0.0,-5170.5
3100,7410,63888,0,741.0,6388.8,0.0,-5647.8
3101,19530,68381,0,1953.0,6838.1,0.0,-4885.1
3102,17700,81640,0,1770.0,8164.0,0.0,-6394.0
3103,15400,65579,0,1540.0,6557.9,0.0,-5017.9
3104,14310,65654,0,1431.0,6565.4,0.0,-5134.4
3105,10350,64725,0,1035.0,6472.5,0.0,-5437.5
3106,9460,64495,0,946.0,6449.5,0.0,-5503.5
3107,9900,64622,0,990.0,6462.2,0.0,-5472.2
3108,5280,62732,0,528.0,6273.2,0.0,-5745.2
3109,6300,64267,0,630.0,6426.7,0.0,-5796.7
3110,4960,61965,0,496.0,6196.5,0.0,-5700.5
3111,9460,65072,0,946.0,6507.2,0.0,-5561.2
3112,5610,61982,0,561.0,6198.2,0.0,-5637.2
3113,22110,67697,0,2211.0,6769.7,0.0,-4558.7
3114,7030,62671,0,703.0,6267.1,0.0,-5564.1
3115,8200,63111,0,820.0,6311.1,0.0,-5491.1
3116,15400,66086,0,1540.0,6608.6,0.0,-5068.6
3117,9900,64501,0,990.0,6450.1,0.0,-5460.1
3118,10350,64660,0,1035.0,6466.0,0.0,-5431.0
3119,13260,66761,0,1326.0,6676.1,0.0,-5350.1
3120,2100,60543,0,210.0,6054.3,0.0,-5844.3
3121,15960,66748,0,1596.0,6674.8,0.0,-5078.8
3122,10810,64676,0,1081.0,6467.6,0.0,-5386.6
3123,4350,61930,0,435.0,6193.0,0.0,-5758.0
3124,5280,62853,0,528.0,6285.3,0.0,-5757.3
3125,6660,62502,0,666.0,6250.2,0.0,-5584.2
3126,9460,63409,0,946.0,6340.9,0.0,-5394.9
3127,12250,66413,0,1225.0,6641.3,0.0,-5416.3
3128,12250,65893,0,1225.0,6589.3,0.0,-5364.3
3129,17110,66795,0,1711.0,6679.5,0.0,-4968.5
3130,10810,65400,0,1081.0,6540.0,0.0,-5459.0
3131,13260,67003,0,1326.0,6700.3,0.0,-5374.3
3132,5610,62742,0,561.0,6274.2,0.0,-5713.2
3133,8200,63722,0,820.0,6372.2,0.0,-5552.2
3134,6660,63588,0,666.0,6358.8,0.0,-5692.8
3135,15960,66797,0,1596.0,6679.7,0.0,-5083.7
3136,15400,66569,0,1540.0,6656.9,0.0,-5116.9
3137,4060,62069,0,406.0,6206.9,0.0,-5800.9
3138,9900,62759,0,990.0,6275.9,0.0,-5285.9
3139,9460,64001,0,946.0,6400.1,0.0,-5454.1
3140,11280,64998,0,1128.0,6499.8,0.0,-5371.8
3141,7410,63979,0,741.0,6397.9,0.0,-5656.9
3142,9030,65038,0,903.0,6503.8,0.0,-5600.8
3143,8610,63708,0,861.0,6370.8,0.0,-5509.8
3144,8200,63222,0,820.0,6322.2,0.0,-5502.2
3145,7030,63858,0,703.0,6385.8,0.0,-5682.8
3146,8610,63446,0,861.0,6344.6,0.0,-5483.6
3147,12750,65190,0,1275.0,6519.0,0.0,-5244.0
3148,10810,65374,0,1081.0,6537.4,0.0,-5456.4
3149,7030,62342,0,703.0,6234.2,0.0,-5531.2
3150,9030,63522,0,903.0,6352.2,0.0,-5449.2
3151,13260,65740,0,1326.0,6574.0,0.0,-5248.0
3152,12750,65789,0,1275.0,6578.9,0.0,-5303.9
3153,9900,63833,0,990.0,6383.3,0.0,-5393.3
3154,9900,63752,0,990.0,6375.2,0.0,-5385.2
3155,11280,65321,0,1128.0,6532.1,0.0,-5404.1
3156,9030,64718,0,903.0,6471.8,0.0,-5568.8
3157,11760,65722,0,1176.0,6572.2,0.0,-5396.2
3158,10810,65792,0,1081.0,6579.2,0.0,-5498.2
3159,11280,64938,0,1128.0,6493.8,0.0,-5365.8
3160,11760,65435,0,1176.0,6543.5,0.0,-5367.5
3161,8610,65167,0,861.0,6516.7,0.0,-5655.7
3162,5280,62325,0,528.0,6232.5,0.0,-5704.5
3163,11760,65659,0,1176.0,6565.9,0.0,-5389.9
3164,7030,63164,0,703.0,6316.4,0.0,-5613.4
3165,4960,62323,0,496.0,6232.3,0.0,-5736.3
3166,10810,65270,0,1081.0,6527.0,0.0,-5446.0
3167,9030,64016,0,903.0,6401.6,0.0,-5498.6
3168,11760,65265,0,1176.0,6526.5,0.0,-5350.5
3169,12750,65575,0,1275.0,6557.5,0.0,-5282.5
3170,6300,62318,0,630.0,6231.8,0.0,-5601.8
3171,9030,64801,0,903.0,6480.1,0.0,-5577.1
3172,19530,64875,0,1953.0,6487.5,0.0,-4534.5
3173,8610,62665,0,861.0,6266.5,0.0,-5405.5
3174,8200,63982,0,820.0,6398.2,0.0,-5578.2
3175,9030,63808,0,903.0,6380.8,0.0,-5477.8
3176,20160,67406,0,2016.0,6740.6,0.0,-4724.6
3177,4960,61965,0,496.0,6196.5,0.0,-5700.5
3178,10810,83172,0,1081.0,8317.2,0.0,-7236.2
3179,30030,69655,0,3003.0,6965.5,0.0,-3962.5
3180,5280,62384,0,528.0,6238.4,0.0,-5710.4
3181,8200,64580,0,820.0,6458.0,0.0,-5638.0
3182,7410,63912,0,741.0,6391.2,0.0,-5650.2
3183,17110,66265,0,1711.0,6626.5,0.0,-4915.5
3184,9460,64087,0,946.0,6408.7,0.0,-5462.7
3185,8200,64819,0,820.0,6481.9,0.0,-5661.9
3186,10350,64520,0,1035.0,6452.0,0.0,-5417.0
3187,9030,64585,0,903.0,6458.5,0.0,-5555.5
3188,10810,65100,0,1081.0,6510.0,0.0,-5429.0
3189,6300,63066,0,630.0,6306.6,0.0,-5676.6
3190,9030,63970,0,903.0,6397.0,0.0,-5494.0
3191,15960,65997,0,1596.0,6599.7,0.0,-5003.7
3192,11280,64273,0,1128.0,6427.3,0.0,-5299.3
3193,18300,67586,0,1830.0,6758.6,0.0,-4928.6
3194,8200,63748,0,820.0,6374.8,0.0,-5554.8
3195,14850,65031,0,1485.0,6503.1,0.0,-5018.1
3196,14310,64417,0,1431.0,6441.7,0.0,-5010.7
3197,14850,66137,0,1485.0,6613.7,0.0,-5128.7
3198,9460,64682,0,946.0,6468.2,0.0,-5522.2
3199,8610,64028,0,861.0,6402.8,0.0,-5541.8
3200,7800,63835,0,780.0,6383.5,0.0,-5603.5
3201,9460,64529,0,946.0,6452.9,0.0,-5506.9
3202,12250,66333,0,1225.0,6633.3,0.0,-5408.3
3203,14850,65986,0,1485.0,6598.6,0.0,-5113.6
3204,8610,64505,0,861.0,6450.5,0.0,-5589.5
3205,15400,66832,0,1540.0,6683.2,0.0,-5143.2
3206,15400,63914,0,1540.0,6391.4,0.0,-4851.4
3207,21450,67499,0,2145.0,6749.9,0.0,-4604.9
3208,12250,65328,0,1225.0,6532.8,0.0,-5307.8
3209,9460,63826,0,946.0,6382.6,0.0,-5436.6
3210,8610,63027,0,861.0,6302.7,0.0,-5441.7
3211,10350,64046,0,1035.0,6404.6,0.0,-5369.6
3212,10810,64949,0,1081.0,6494.9,0.0,-5413.9
3213,12250,66070,0,1225.0,6607.0,0.0,-5382.0
3214,13260,66372,0,1326.0,6637.2,0.0,-5311.2
3215,13780,65784,0,1378.0,6578.4,0.0,-5200.4
3216,8610,64728,0,861.0,6472.8,0.0,-5611.8
3217,4960,62854,0,496.0,6285.4,0.0,-5789.4
3218,7800,63157,0,780.0,6315.7,0.0,-5535.7
3219,7410,63362,0,741.0,6336.2,0.0,-5595.2
3220,20160,66110,0,2016.0,6611.0,0.0,-4595.0
3221,15960,66605,0,1596.0,6660.5,0.0,-5064.5
3222,10810,65302,0,1081.0,6530.2,0.0,-5449.2
3223,13780,65156,0,1378.0,6515.6,0.0,-5137.6
3224,14310,64736,0,1431.0,6473.6,0.0,-5042.6
3225,24850,67895,0,2485.0,6789.5,0.0,-4304.5
3226,10350,64690,0,1035.0,6469.0,0.0,-5434.0
3227,24850,69611,0,2485.0,6961.1,0.0,-4476.1
3228,9900,63920,0,990.0,6392.0,0.0,-5402.0
3229,15400,67378,0,1540.0,6737.8,0.0,-5197.8
3230,5610,62738,0,561.0,6273.8,0.0,-5712.8
3231,11280,64316,0,1128.0,6431.6,0.0,-5303.6
3232,4960,62838,0,496.0,6283.8,0.0,-5787.8
3233,4650,61378,0,465.0,6137.8,0.0,-5672.8
3234,15960,66489,0,1596.0,6648.9,0.0,-5052.9
3235,11760,65524,0,1176.0,6552.4,0.0,-5376.4
3236,5280,63223,0,528.0,6322.3,0.0,-5794.3
3237,14850,66514,0,1485.0,6651.4,0.0,-5166.4
3238,8610,64803,0,861.0,6480.3,0.0,-5619.3
3239,15400,66286,0,1540.0,6628.6,0.0,-5088.6
3240,10810,64858,0,1081.0,6485.8,0.0,-5404.8
3241,12250,65825,0,1225.0,6582.5,0.0,-5357.5
3242,9900,64075,0,990.0,6407.5,0.0,-5417.5
3243,10350,65187,0,1035.0,6518.7,0.0,-5483.7
3244,9900,63421,0,990.0,6342.1,0.0,-5352.1
3245,10810,64953,0,1081.0,6495.3,0.0,-5414.3
3246,15960,65964,0,1596.0,6596.4,0.0,-5000.4
3247,12250,65461,0,1225.0,6546.1,0.0,-5321.1
3248,11280,65300,0,1128.0,6530.0,0.0,-5402.0
3249,7410,62661,0,741.0,6266.1,0.0,-5525.1
3250,11760,64612,0,1176.0,6461.2,0.0,-5285.2
3251,15960,65205,0,1596.0,6520.5,0.0,-4924.5
3252,20800,68275,0,2080.0,6827.5,0.0,-4747.5
3253,7800,64468,0,780.0,6446.8,0.0,-5666.8
3254,10350,65202,0,1035.0,6520.2,0.0,-5485.2
3255,5950,63580,0,595.0,6358.0,0.0,-5763.0
3256,7410,63485,0,741.0,6348.5,0.0,-5607.5
3257,17110,66417,0,1711.0,6641.7,0.0,-4930.7
3258,13260,64134,0,1326.0,6413.4,0.0,-5087.4
3259,9030,63948,0,903.0,6394.8,0.0,-5491.8
3260,11280,65153,0,1128.0,6515.3,0.0,-5387.3
3261,8610,64113,0,861.0,6411.3,0.0,-5550.3
3262,12250,65083,0,1225.0,6508.3,0.0,-5283.3
3263,25560,67344,0,2556.0,6734.4,0.0,-4178.4
3264,18910,68833,0,1891.0,6883.3,0.0,-4992.3
3265,13780,66344,0,1378.0,6634.4,0.0,-5256.4
3266,10810,64473,0,1081.0,6447.3,0.0,-5366.3
3267,9460,65040,0,946.0,6504.0,0.0,-5558.0
3268,21450,68723,0,2145.0,6872.3,0.0,-4727.3
3269,24850,66620,0,2485.0,6662.0,0.0,-4177.0
3270,17700,66370,0,1770.0,6637.0,0.0,-4867.0
3271,7800,62925,0,780.0,6292.5,0.0,-5512.5
3272,11280,65816,0,1128.0,6581.6,0.0,-5453.6
3273,9460,64581,0,946.0,6458.1,0.0,-5512.1
3274,8200,64472,0,820.0,6447.2,0.0,-5627.2
3275,8200,64493,0,820.0,6449.3,0.0,-5629.3
3276,4650,62266,0,465.0,6226.6,0.0,-5761.6
3277,13260,65599,0,1326.0,6559.9,0.0,-5233.9
3278,11280,64190,0,1128.0,6419.0,0.0,-5291.0
3279,19530,69076,0,1953.0,6907.6,0.0,-4954.6
3280,7030,62189,0,703.0,6218.9,0.0,-5515.9
3281,12750,65479,0,1275.0,6547.9,0.0,-5272.9
3282,6660,65087,0,666.0,6508.7,0.0,-5842.7
3283,26280,69395,0,2628.0,6939.5,0.0,-4311.5
3284,19530,68134,0,1953.0,6813.4,0.0,-4860.4
3285,10810,65930,0,1081.0,6593.0,0.0,-5512.0
3286,4650,61269,0,465.0,6126.9,0.0,-5661.9
3287,21450,67928,0,2145.0,6792.8,0.0,-4647.8
3288,15960,65410,0,1596.0,6541.0,0.0,-4945.0
3289,9460,64442,0,946.0,6444.2,0.0,-5498.2
3290,9030,63783,0,903.0,6378.3,0.0,-5475.3
3291,9460,63449,0,946.0,6344.9,0.0,-5398.9
3292,7800,64085,0,780.0,6408.5,0.0,-5628.5
3293,10810,64691,0,1081.0,6469.1,0.0,-5388.1
3294,5280,61860,0,528.0,6186.0,0.0,-5658.0
3295,9460,64538,0,946.0,6453.8,0.0,-5507.8
3296,9460,65276,0,946.0,6527.6,0.0,-5581.6
3297,23460,66427,0,2346.0,6642.7,0.0,-4296.7
3298,9900,65596,0,990.0,6559.6,0.0,-5569.6
3299,8200,64428,0,820.0,6442.8,0.0,-5622.8
3300,13260,66705,0,1326.0,6670.5,0.0,-5344.5
3301,14850,65468,0,1485.0,6546.8,0.0,-5061.8
3302,8610,65030,0,861.0,6503.0,0.0,-5642.0
3303,6300,62878,0,630.0,6287.8,0.0,-5657.8
3304,13260,65482,0,1326.0,6548.2,0.0,-5222.2
3305,9030,64603,0,903.0,6460.3,0.0,-5557.3
3306,16530,66720,0,1653.0,6672.0,0.0,-5019.0
3307,9900,63306,0,990.0,6330.6,0.0,-5340.6
3308,15400,64925,0,1540.0,6492.5,0.0,-4952.5
3309,12750,65020,0,1275.0,6502.0,0.0,-5227.0
3310,10350,64980,0,1035.0,6498.0,0.0,-5463.0
3311,14310,64672,0,1431.0,6467.2,0.0,-5036.2
3312,10810,95356,0,1081.0,9535.6,0.0,-8454.6
3313,20800,68220,0,2080.0,6822.0,0.0,-4742.0
3314,11760,65747,0,1176.0,6574.7,0.0,-5398.7
3315,8200,64490,0,820.0,6449.0,0.0,-5629.0
3316,9900,67636,0,990.0,6763.6,0.0,-5773.6
3317,10810,65085,0,1081.0,6508.5,0.0,-5427.5
3318,7030,62479,0,703.0,6247.9,0.0,-5544.9
3319,8610,64808,0,861.0,6480.8,0.0,-5619.8
3320,14310,67002,0,1431.0,6700.2,0.0,-5269.2
3321,14310,65166,0,1431.0,6516.6,0.0,-5085.6
3322,27750,68551,0,2775.0,6855.1,0.0,-4080.1
3323,7410,63614,0,741.0,6361.4,0.0,-5620.4
3324,18300,65836,0,1830.0,6583.6,0.0,-4753.6
3325,8200,64021,0,820.0,6402.1,0.0,-5582.1
3326,9900,64677,0,990.0,6467.7,0.0,-5477.7
3327,15960,66393,0,1596.0,6639.3,0.0,-5043.3
3328,8610,65206,0,861.0,6520.6,0.0,-5659.6
3329,6660,63857,0,666.0,6385.7,0.0,-5719.7
3330,9030,64110,0,903.0,6411.0,0.0,-5508.0
3331,6300,62786,0,630.0,6278.6,0.0,-5648.6
3332,11280,64428,0,1128.0,6442.8,0.0,-5314.8
3333,9460,63807,0,946.0,6380.7,0.0,-5434.7
3334,10350,64293,0,1035.0,6429.3,0.0,-5394.3
3335,14310,66146,0,1431.0,6614.6,0.0,-5183.6
3336,11760,65110,0,1176.0,6511.0,0.0,-5335.0
3337,8200,63638,0,820.0,6363.8,0.0,-5543.8
3338,13780,67903,0,1378.0,6790.3,0.0,-5412.3
3339,8200,64228,0,820.0,6422.8,0.0,-5602.8
3340,15960,65817,0,1596.0,6581.7,0.0,-4985.7
3341,15400,66513,0,1540.0,6651.3,0.0,-5111.3
3342,2530,59803,0,253.0,5980.3,0.0,-5727.3
3343,10350,64469,0,1035.0,6446.9,0.0,-5411.9
3344,9900,62896,0,990.0,6289.6,0.0,-5299.6
3345,7410,62938,0,741.0,6293.8,0.0,-5552.8
3346,8610,63825,0,861.0,6382.5,0.0,-5521.5
3347,7800,63618,0,780.0,6361.8,0.0,-5581.8
3348,7800,62989,0,780.0,6298.9,0.0,-5518.9
3349,13780,64760,0,1378.0,6476.0,0.0,-5098.0
3350,19530,65303,0,1953.0,6530.3,0.0,-4577.3
3351,13260,66438,0,1326.0,6643.8,0.0,-5317.8
3352,9900,64693,0,990.0,6469.3,0.0,-5479.3
3353,11760,63914,0,1176.0,6391.4,0.0,-5215.4
3354,30030,68099,0,3003.0,6809.9,0.0,-3806.9
3355,12750,65858,0,1275.0,6585.8,0.0,-5310.8
3356,10350,64833,0,1035.0,6483.3,0.0,-5448.3
3357,12250,64332,0,1225.0,6433.2,0.0,-5208.2
3358,14850,64133,0,1485.0,6413.3,0.0,-4928.3
3359,8610,63964,0,861.0,6396.4,0.0,-5535.4
3360,11760,64567,0,1176.0,6456.7,0.0,-5280.7
3361,16530,65618,0,1653.0,6561.8,0.0,-4908.8
3362,12750,65051,0,1275.0,6505.1,0.0,-5230.1
3363,14850,65598,0,1485.0,6559.8,0.0,-5074.8
3364,18910,66644,0,1891.0,6664.4,0.0,-4773.4
3365,9030,63192,0,903.0,6319.2,0.0,-5416.2
3366,13780,65190,0,1378.0,6519.0,0.0,-5141.0
3367,12750,65911,0,1275.0,6591.1,0.0,-5316.1
3368,14310,65469,0,1431.0,6546.9,0.0,-5115.9
3369,9030,61280,0,903.0,6128.0,0.0,-5225.0
3370,7800,64021,0,780.0,6402.1,0.0,-5622.1
3371,4350,61718,0,435.0,6171.8,0.0,-5736.8
3372,8610,62948,0,861.0,6294.8,0.0,-5433.8
3373,10350,64925,0,1035.0,6492.5,0.0,-5457.5
3374,7410,64115,0,741.0,6411.5,0.0,-5670.5
3375,12250,64915,0,1225.0,6491.5,0.0,-5266.5
3376,12250,65509,0,1225.0,6550.9,0.0,-5325.9
3377,14310,64476,0,1431.0,6447.6,0.0,-5016.6
3378,13780,65988,0,1378.0,6598.8,0.0,-5220.8
3379,7800,62950,0,780.0,6295.0,0.0,-5515.0
3380,10810,64368,0,1081.0,6436.8,0.0,-5355.8
3381,10810,63568,0,1081.0,6356.8,0.0,-5275.8
3382,13260,65520,0,1326.0,6552.0,0.0,-5226.0
3383,12750,66786,0,1275.0,6678.6,0.0,-5403.6
3384,7410,63450,0,741.0,6345.0,0.0,-5604.0
3385,19530,65141,0,1953.0,6514.1,0.0,-4561.1
3386,11280,64779,0,1128.0,6477.9,0.0,-5349.9
3387,6660,62912,0,666.0,6291.2,0.0,-5625.2
3388,12750,65811,0,1275.0,6581.1,0.0,-5306.1
3389,12250,63761,0,1225.0,6376.1,0.0,-5151.1
3390,12250,65859,0,1225.0,6585.9,0.0,-5360.9
3391,12250,66228,0,1225.0,6622.8,0.0,-5397.8
3392,20800,66404,0,2080.0,6640.4,0.0,-4560.4
3393,18300,66208,0,1830.0,6620.8,0.0,-4790.8
3394,8610,63607,0,861.0,6360.7,0.0,-5499.7
3395,12750,64823,0,1275.0,6482.3,0.0,-5207.3
3396,10350,65466,0,1035.0,6546.6,0.0,-5511.6
3397,7410,64449,0,741.0,6444.9,0.0,-5703.9
3398,9460,65152,0,946.0,6515.2,0.0,-5569.2
3399,8610,64518,0,861.0,6451.8,0.0,-5590.8
3400,16530,66185,0,1653.0,6618.5,0.0,-4965.5
3401,17110,66392,0,1711.0,6639.2,0.0,-4928.2
3402,11760,65596,0,1176.0,6559.6,0.0,-5383.6
3403,12750,66316,0,1275.0,6631.6,0.0,-5356.6
3404,15960,64558,0,1596.0,6455.8,0.0,-4859.8
3405,5610,62066,0,561.0,6206.6,0.0,-5645.6
3406,7030,64059,0,703.0,6405.9,0.0,-5702.9
3407,9460,64088,0,946.0,6408.8,0.0,-5462.8
3408,8200,64036,0,820.0,6403.6,0.0,-5583.6
3409,10810,64906,0,1081.0,6490.6,0.0,-5409.6
3410,8610,64158,0,861.0,6415.8,0.0,-5554.8
3411,27750,69288,0,2775.0,6928.8,0.0,-4153.8
3412,12750,65712,0,1275.0,6571.2,0.0,-5296.2
3413,15400,66322,0,1540.0,6632.2,0.0,-5092.2
3414,12250,64734,0,1225.0,6473.4,0.0,-5248.4
3415,20160,66594,0,2016.0,6659.4,0.0,-4643.4
3416,9900,63892,0,990.0,6389.2,0.0,-5399.2
3417,9030,64498,0,903.0,6449.8,0.0,-5546.8
3418,9460,64461,0,946.0,6446.1,0.0,-5500.1
3419,12750,64460,0,1275.0,6446.0,0.0,-5171.0
3420,11280,64421,0,1128.0,6442.1,0.0,-5314.1
3421,14310,66127,0,1431.0,6612.7,0.0,-5181.7
3422,13780,66244,0,1378.0,6624.4,0.0,-5246.4
3423,4060,61280,0,406.0,6128.0,0.0,-5722.0
3424,13260,63203,0,1326.0,6320.3,0.0,-4994.3
3425,8200,64186,0,820.0,6418.6,0.0,-5598.6
3426,13780,65784,0,1378.0,6578.4,0.0,-5200.4
3427,11280,64508,0,1128.0,6450.8,0.0,-5322.8
3428,7030,63306,0,703.0,6330.6,0.0,-5627.6
3429,15960,66246,0,1596.0,6624.6,0.0,-5028.6
3430,9030,65276,0,903.0,6527.6,0.0,-5624.6
3431,10810,68566,0,1081.0,6856.6,0.0,-5775.6
3432,10350,63288,0,1035.0,6328.8,0.0,-5293.8
3433,10810,64340,0,1081.0,6434.0,0.0,-5353.0
3434,16530,65951,0,1653.0,6595.1,0.0,-4942.1
3435,6300,63500,0,630.0,6350.0,0.0,-5720.0
3436,7030,62920,0,703.0,6292.0,0.0,-5589.0
3437,14310,65696,0,1431.0,6569.6,0.0,-5138.6
3438,8610,62808,0,861.0,6280.8,0.0,-5419.8
3439,7030,62782,0,703.0,6278.2,0.0,-5575.2
3440,9460,64820,0,946.0,6482.0,0.0,-5536.0
3441,13780,64129,0,1378.0,6412.9,0.0,-5034.9
3442,18910,66674,0,1891.0,6667.4,0.0,-4776.4
3443,13260,65089,0,1326.0,6508.9,0.0,-5182.9
3444,3510,61603,0,351.0,6160.3,0.0,-5809.3
3445,10810,65436,0,1081.0,6543.6,0.0,-5462.6
3446,8200,63834,0,820.0,6383.4,0.0,-5563.4
3447,6300,63597,0,630.0,6359.7,0.0,-5729.7
3448,10810,65620,0,1081.0,6562.0,0.0,-5481.0
3449,10350,64110,0,1035.0,6411.0,0.0,-5376.0
3450,6660,64209,0,666.0,6420.9,0.0,-5754.9
3451,8200,64663,0,820.0,6466.3,0.0,-5646.3
3452,16530,66337,0,1653.0,6633.7,0.0,-4980.7
3453,9900,69143,0,990.0,6914.3,0.0,-5924.3
3454,10810,64926,0,1081.0,6492.6,0.0,-5411.6
3455,6660,62554,0,666.0,6255.4,0.0,-5589.4
3456,4960,62439,0,496.0,6243.9,0.0,-5747.9
3457,8200,63338,0,820.0,6333.8,0.0,-5513.8
3458,13780,65822,0,1378.0,6582.2,0.0,-5204.2
3459,13260,66715,0,1326.0,6671.5,0.0,-5345.5
3460,15960,65133,0,1596.0,6513.3,0.0,-4917.3
3461,18910,68097,0,1891.0,6809.7,0.0,-4918.7
3462,15400,66972,0,1540.0,6697.2,0.0,-5157.2
3463,5610,63405,0,561.0,6340.5,0.0,-5779.5
3464,11280,65555,0,1128.0,6555.5,0.0,-5427.5
3465,18300,65522,0,1830.0,6552.2,0.0,-4722.2
3466,9900,64486,0,990.0,6448.6,0.0,-5458.6
3467,9900,63505,0,990.0,6350.5,0.0,-5360.5
3468,13260,65691,0,1326.0,6569.1,0.0,-5243.1
3469,11280,64539,0,1128.0,6453.9,0.0,-5325.9
3470,6300,62093,0,630.0,6209.3,0.0,-5579.3
3471,5950,63552,0,595.0,6355.2,0.0,-5760.2
3472,9030,63573,0,903.0,6357.3,0.0,-5454.3
3473,17700,66171,0,1770.0,6617.1,0.0,-4847.1
3474,9030,66530,0,903.0,6653.0,0.0,-5750.0
3475,4350,63008,0,435.0,6300.8,0.0,-5865.8
3476,10350,66950,0,1035.0,6695.0,0.0,-5660.0
3477,13780,65304,0,1378.0,6530.4,0.0,-5152.4
3478,10350,63407,0,1035.0,6340.7,0.0,-5305.7
3479,10350,64489,0,1035.0,6448.9,0.0,-5413.9
3480,7030,64190,0,703.0,6419.0,0.0,-5716.0
3481,14850,67164,0,1485.0,6716.4,0.0,-5231.4
3482,13780,66298,0,1378.0,6629.8,0.0,-5251.8
3483,8200,63247,0,820.0,6324.7,0.0,-5504.7
3484,17110,65507,0,1711.0,6550.7,0.0,-4839.7
3485,17700,64764,0,1770.0,6476.4,0.0,-4706.4
3486,9030,64273,0,903.0,6427.3,0.0,-5524.3
3487,9030,63477,0,903.0,6347.7,0.0,-5444.7
3488,10350,64612,0,1035.0,6461.2,0.0,-5426.2
3489,9030,63915,0,903.0,6391.5,0.0,-5488.5
3490,11760,65498,0,1176.0,6549.8,0.0,-5373.8
3491,15400,65192,0,1540.0,6519.2,0.0,-4979.2
3492,13780,64431,0,1378.0,6443.1,0.0,-5065.1
3493,6300,63754,0,630.0,6375.4,0.0,-5745.4
3494,17700,67022,0,1770.0,6702.2,0.0,-4932.2
3495,11760,65662,0,1176.0,6566.2,0.0,-5390.2
3496,14850,66950,0,1485.0,6695.0,0.0,-5210.0
3497,15960,66730,0,1596.0,6673.0,0.0,-5077.0
3498,14850,65868,0,1485.0,6586.8,0.0,-5101.8
3499,6300,62640,0,630.0,6264.0,0.0,-5634.0
3500,7030,63476,0,703.0,6347.6,0.0,-5644.6
3501,15400,65859,0,1540.0,6585.9,0.0,-5045.9
3502,12750,65244,0,1275.0,6524.4,0.0,-5249.4
3503,4960,61984,0,496.0,6198.4,0.0,-5702.4
3504,18910,65968,0,1891.0,6596.8,0.0,-4705.8
3505,9900,64389,0,990.0,6438.9,0.0,-5448.9
3506,8610,63927,0,861.0,6392.7,0.0,-5531.7
3507,9030,64766,0,903.0,6476.6,0.0,-5573.6
3508,16530,66448,0,1653.0,6644.8,0.0,-4991.8
3509,12750,64636,0,1275.0,6463.6,0.0,-5188.6
3510,10810,64131,0,1081.0,6413.1,0.0,-5332.1
3511,9030,64283,0,903.0,6428.3,0.0,-5525.3
3512,11280,65614,0,1128.0,6561.4,0.0,-5433.4
3513,9030,63474,0,903.0,6347.4,0.0,-5444.4
3514,14310,67116,0,1431.0,6711.6,0.0,-5280.6
3515,7800,62102,0,780.0,6210.2,0.0,-5430.2
3516,6660,62162,0,666.0,6216.2,0.0,-5550.2
3517,8610,65388,0,861.0,6538.8,0.0,-5677.8
3518,11280,65177,0,1128.0,6517.7,0.0,-5389.7
3519,9460,65774,0,946.0,6577.4,0.0,-5631.4
3520,8610,65585,0,861.0,6558.5,0.0,-5697.5
3521,10810,64982,0,1081.0,6498.2,0.0,-5417.2
3522,9460,65399,0,946.0,6539.9,0.0,-5593.9
3523,14310,66059,0,1431.0,6605.9,0.0,-5174.9
3524,13260,65656,0,1326.0,6565.6,0.0,-5239.6
3525,8610,64396,0,861.0,6439.6,0.0,-5578.6
3526,16530,66238,0,1653.0,6623.8,0.0,-4970.8
3527,11760,65377,0,1176.0,6537.7,0.0,-5361.7
3528,15960,66428,0,1596.0,6642.8,0.0,-5046.8
3529,15400,66870,0,1540.0,6687.0,0.0,-5147.0
3530,13260,66282,0,1326.0,6628.2,0.0,-5302.2
3531,7800,64131,0,780.0,6413.1,0.0,-5633.1
3532,12250,64742,0,1225.0,6474.2,0.0,-5249.2
3533,17700,65380,0,1770.0,6538.0,0.0,-4768.0
3534,15960,66379,0,1596.0,6637.9,0.0,-5041.9
3535,5950,63663,0,595.0,6366.3,0.0,-5771.3
3536,14310,65768,0,1431.0,6576.8,0.0,-5145.8
3537,10810,66300,0,1081.0,6630.0,0.0,-5549.0
3538,7800,64168,0,780.0,6416.8,0.0,-5636.8
3539,18300,66339,0,1830.0,6633.9,0.0,-4803.9
3540,9030,63845,0,903.0,6384.5,0.0,-5481.5
3541,6300,64047,0,630.0,6404.7,0.0,-5774.7
3542,9030,63847,0,903.0,6384.7,0.0,-5481.7
3543,7410,62745,0,741.0,6274.5,0.0,-5533.5
3544,14850,65986,0,1485.0,6598.6,0.0,-5113.6
3545,11760,64955,0,1176.0,6495.5,0.0,-5319.5
3546,7800,63184,0,780.0,6318.4,0.0,-5538.4
3547,19530,66941,0,1953.0,6694.1,0.0,-4741.1
3548,9900,65039,0,990.0,6503.9,0.0,-5513.9
3549,9460,64015,0,946.0,6401.5,0.0,-5455.5
3550,15400,66056,0,1540.0,6605.6,0.0,-5065.6
3551,9900,65072,0,990.0,6507.2,0.0,-5517.2
3552,7410,64285,0,741.0,6428.5,0.0,-5687.5
3553,8610,64908,0,861.0,6490.8,0.0,-5629.8
3554,20160,67749,0,2016.0,6774.9,0.0,-4758.9
3555,10810,63507,0,1081.0,6350.7,0.0,-5269.7
3556,17700,66701,0,1770.0,6670.1,0.0,-4900.1
3557,14310,65574,0,1431.0,6557.4,0.0,-5126.4
3558,11280,64154,0,1128.0,6415.4,0.0,-5287.4
3559,22780,69194,0,2278.0,6919.4,0.0,-4641.4
3560,9900,64367,0,990.0,6436.7,0.0,-5446.7
3561,7030,64098,0,703.0,6409.8,0.0,-5706.8
3562,10350,63753,0,1035.0,6375.3,0.0,-5340.3
3563,16530,67010,0,1653.0,6701.0,0.0,-5048.0
3564,10810,64726,0,1081.0,6472.6,0.0,-5391.6
3565,11760,65479,0,1176.0,6547.9,0.0,-5371.9
3566,13260,65925,0,1326.0,6592.5,0.0,-5266.5
3567,7800,63907,0,780.0,6390.7,0.0,-5610.7
3568,14850,65910,0,1485.0,6591.0,0.0,-5106.0
3569,14310,66308,0,1431.0,6630.8,0.0,-5199.8
3570,10350,65444,0,1035.0,6544.4,0.0,-5509.4
3571,10350,64243,0,1035.0,6424.3,0.0,-5389.3
3572,16530,66171,0,1653.0,6617.1,0.0,-4964.1
3573,15400,65813,0,1540.0,6581.3,0.0,-5041.3
3574,10350,65373,0,1035.0,6537.3,0.0,-5502.3
3575,13260,66600,0,1326.0,6660.0,0.0,-5334.0
3576,9900,65631,0,990.0,6563.1,0.0,-5573.1
3577,11760,64807,0,1176.0,6480.7,0.0,-5304.7
3578,14850,66967,0,1485.0,6696.7,0.0,-5211.7
3579,15400,66481,0,1540.0,6648.1,0.0,-5108.1
3580,6660,64226,0,666.0,6422.6,0.0,-5756.6
3581,14850,66711,0,1485.0,6671.1,0.0,-5186.1
3582,13780,66824,0,1378.0,6682.4,0.0,-5304.4
3583,4650,62135,0,465.0,6213.5,0.0,-5748.5
3584,5950,62991,0,595.0,6299.1,0.0,-5704.1
3585,17110,68441,0,1711.0,6844.1,0.0,-5133.1
3586,7410,66412,0,741.0,6641.2,0.0,-5900.2
3587,9460,64475,0,946.0,6447.5,0.0,-5501.5
3588,14310,67033,0,1431.0,6703.3,0.0,-5272.3
3589,12250,64295,0,1225.0,6429.5,0.0,-5204.5
3590,13260,65470,0,1326.0,6547.0,0.0,-5221.0
3591,10350,63821,0,1035.0,6382.1,0.0,-5347.1
3592,11280,64868,0,1128.0,6486.8,0.0,-5358.8
3593,6300,63167,0,630.0,6316.7,0.0,-5686.7
3594,8610,64361,0,861.0,6436.1,0.0,-5575.1
3595,6300,63081,0,630.0,6308.1,0.0,-5678.1
3596,7030,63201,0,703.0,6320.1,0.0,-5617.1
3597,5280,62545,0,528.0,6254.5,0.0,-5726.5
3598,8610,64788,0,861.0,6478.8,0.0,-5617.8
3599,11280,64656,0,1128.0,6465.6,0.0,-5337.6
3600,4960,62660,0,496.0,6266.0,0.0,-5770.0
3601,7030,63571,0,703.0,6357.1,0.0,-5654.1
3602,1900,59897,0,190.0,5989.7,0.0,-5799.7
3603,10350,64775,0,1035.0,6477.5,0.0,-5442.5
3604,9030,65182,0,903.0,6518.2,0.0,-5615.2
3605,14310,66406,0,1431.0,6640.6,0.0,-5209.6
3606,6300,63956,0,630.0,6395.6,0.0,-5765.6
3607,9900,64891,0,990.0,6489.1,0.0,-5499.1
3608,9460,63732,0,946.0,6373.2,0.0,-5427.2
3609,14850,65048,0,1485.0,6504.8,0.0,-5019.8
3610,10810,64251,0,1081.0,6425.1,0.0,-5344.1
3611,8200,63676,0,820.0,6367.6,0.0,-5547.6
3612,11280,65816,0,1128.0,6581.6,0.0,-5453.6
3613,9030,65490,0,903.0,6549.0,0.0,-5646.0
3614,4350,62137,0,435.0,6213.7,0.0,-5778.7
3615,12250,65225,0,1225.0,6522.5,0.0,-5297.5
3616,8200,64322,0,820.0,6432.2,0.0,-5612.2
3617,14310,66070,0,1431.0,6607.0,0.0,-5176.0
3618,3780,61955,0,378.0,6195.5,0.0,-5817.5
3619,10350,64908,0,1035.0,6490.8,0.0,-5455.8
3620,8610,64816,0,861.0,6481.6,0.0,-5620.6
3621,15960,67808,0,1596.0,6780.8,0.0,-5184.8
3622,7410,62128,0,741.0,6212.8,0.0,-5471.8
3623,13260,65864,0,1326.0,6586.4,0.0,-5260.4
3624,11280,64749,0,1128.0,6474.9,0.0,-5346.9
3625,11760,63906,0,1176.0,6390.6,0.0,-5214.6
3626,13780,65390,0,1378.0,6539.0,0.0,-5161.0
3627,9460,64436,0,946.0,6443.6,0.0,-5497.6
3628,12750,65818,0,1275.0,6581.8,0.0,-5306.8
3629,12750,64884,0,1275.0,6488.4,0.0,-5213.4
3630,6660,62536,0,666.0,6253.6,0.0,-5587.6
3631,9900,65023,0,990.0,6502.3,0.0,-5512.3
3632,12250,64636,0,1225.0,6463.6,0.0,-5238.6
3633,10350,65108,0,1035.0,6510.8,0.0,-5475.8
3634,15960,66773,0,1596.0,6677.3,0.0,-5081.3
3635,10350,64273,0,1035.0,6427.3,0.0,-5392.3
3636,5950,63268,0,595.0,6326.8,0.0,-5731.8
3637,20800,66335,0,2080.0,6633.5,0.0,-4553.5
3638,7410,64574,0,741.0,6457.4,0.0,-5716.4
3639,10350,64460,0,1035.0,6446.0,0.0,-5411.0
3640,14850,65677,0,1485.0,6567.7,0.0,-5082.7
3641,12250,64246,0,1225.0,6424.6,0.0,-5199.6
3642,11760,65844,0,1176.0,6584.4,0.0,-5408.4
3643,4350,62161,0,435.0,6216.1,0.0,-5781.1
3644,18300,68183,0,1830.0,6818.3,0.0,-4988.3
3645,17110,67104,0,1711.0,6710.4,0.0,-4999.4
3646,3510,60978,0,351.0,6097.8,0.0,-5746.8
3647,11280,64435,0,1128.0,6443.5,0.0,-5315.5
3648,30030,66536,0,3003.0,6653.6,0.0,-3650.6
3649,9030,62890,0,903.0,6289.0,0.0,-5386.0
3650,9030,64884,0,903.0,6488.4,0.0,-5585.4
3651,21450,66666,0,2145.0,6666.6,0.0,-4521.6
3652,7030,63688,0,703.0,6368.8,0.0,-5665.8
3653,10350,65917,0,1035.0,6591.7,0.0,-5556.7
3654,4960,62478,0,496.0,6247.8,0.0,-5751.8
3655,8200,64214,0,820.0,6421.4,0.0,-5601.4
3656,7800,62985,0,780.0,6298.5,0.0,-5518.5
3657,9030,63474,0,903.0,6347.4,0.0,-5444.4
3658,14310,66921,0,1431.0,6692.1,0.0,-5261.1
3659,10350,63300,0,1035.0,6330.0,0.0,-5295.0
3660,12750,66199,0,1275.0,6619.9,0.0,-5344.9
3661,11760,75897,0,1176.0,7589.7,0.0,-6413.7
3662,8610,63784,0,861.0,6378.4,0.0,-5517.4
3663,18300,65327,0,1830.0,6532.7,0.0,-4702.7
3664,8200,63664,0,820.0,6366.4,0.0,-5546.4
3665,5950,62685,0,595.0,6268.5,0.0,-5673.5
3666,8610,64311,0,861.0,6431.1,0.0,-5570.1
3667,6300,62719,0,630.0,6271.9,0.0,-5641.9
3668,14850,66157,0,1485.0,6615.7,0.0,-5130.7
3669,14850,64789,0,1485.0,6478.9,0.0,-4993.9
3670,7800,63721,0,780.0,6372.1,0.0,-5592.1
3671,12250,64813,0,1225.0,6481.3,0.0,-5256.3
3672,9900,64863,0,990.0,6486.3,0.0,-5496.3
3673,13780,64762,0,1378.0,6476.2,0.0,-5098.2
3674,13780,66871,0,1378.0,6687.1,0.0,-5309.1
3675,10350,65053,0,1035.0,6505.3,0.0,-5470.3
3676,8610,63666,0,861.0,6366.6,0.0,-5505.6
3677,8610,64439,0,861.0,6443.9,0.0,-5582.9
3678,10350,65114,0,1035.0,6511.4,0.0,-5476.4
3679,6660,62969,0,666.0,6296.9,0.0,-5630.9
3680,12750,97785,0,1275.0,9778.5,0.0,-8503.5
3681,12750,64308,0,1275.0,6430.8,0.0,-5155.8
3682,14310,63407,0,1431.0,6340.7,0.0,-4909.7
3683,7800,64064,0,780.0,6406.4,0.0,-5626.4
3684,11760,66815,0,1176.0,6681.5,0.0,-5505.5
3685,24850,67149,0,2485.0,6714.9,0.0,-4229.9
3686,9030,63604,0,903.0,6360.4,0.0,-5457.4
3687,9460,63871,0,946.0,6387.1,0.0,-5441.1
3688,9030,64951,0,903.0,6495.1,0.0,-5592.1
3689,11760,64794,0,1176.0,6479.4,0.0,-5303.4
3690,14850,65352,0,1485.0,6535.2,0.0,-5050.2
3691,18910,66835,0,1891.0,6683.5,0.0,-4792.5
3692,11760,65322,0,1176.0,6532.2,0.0,-5356.2
3693,14310,65569,0,1431.0,6556.9,0.0,-5125.9
3694,6300,62547,0,630.0,6254.7,0.0,-5624.7
3695,14310,64584,0,1431.0,6458.4,0.0,-5027.4
3696,8200,82276,0,820.0,8227.6,0.0,-7407.6
3697,9030,63934,0,903.0,6393.4,0.0,-5490.4
3698,8200,63163,0,820.0,6316.3,0.0,-5496.3
3699,10810,64307,0,1081.0,6430.7,0.0,-5349.7
3700,12750,64563,0,1275.0,6456.3,0.0,-5181.3
3701,10350,65180,0,1035.0,6518.0,0.0,-5483.0
3702,12250,66295,0,1225.0,6629.5,0.0,-5404.5
3703,5280,62134,0,528.0,6213.4,0.0,-5685.4
3704,11280,65375,0,1128.0,6537.5,0.0,-5409.5
3705,18300,65963,0,1830.0,6596.3,0.0,-4766.3
3706,12750,63536,0,1275.0,6353.6,0.0,-5078.6
3707,11280,64320,0,1128.0,6432.0,0.0,-5304.0
3708,5610,62736,0,561.0,6273.6,0.0,-5712.6
3709,8200,64226,0,820.0,6422.6,0.0,-5602.6
3710,15400,66628,0,1540.0,6662.8,0.0,-5122.8
3711,11760,64698,0,1176.0,6469.8,0.0,-5293.8
3712,11280,64947,0,1128.0,6494.7,0.0,-5366.7
3713,9900,64018,0,990.0,6401.8,0.0,-5411.8
3714,11280,65596,0,1128.0,6559.6,0.0,-5431.6
3715,10810,65065,0,1081.0,6506.5,0.0,-5425.5
3716,7800,63862,0,780.0,6386.2,0.0,-5606.2
3717,9030,63365,0,903.0,6336.5,0.0,-5433.5
3718,15960,65469,0,1596.0,6546.9,0.0,-4950.9
3719,13260,65155,0,1326.0,6515.5,0.0,-5189.5
3720,14310,65651,0,1431.0,6565.1,0.0,-5134.1
3721,11280,65335,0,1128.0,6533.5,0.0,-5405.5
3722,13780,65569,0,1378.0,6556.9,0.0,-5178.9
3723,13780,66224,0,1378.0,6622.4,0.0,-5244.4
3724,11280,65645,0,1128.0,6564.5,0.0,-5436.5
3725,11280,65136,0,1128.0,6513.6,0.0,-5385.6
3726,9030,63642,0,903.0,6364.2,0.0,-5461.2
3727,9030,64439,0,903.0,6443.9,0.0,-5540.9
3728,1200,58230,0,120.0,5823.0,0.0,-5703.0
3729,7410,67938,0,741.0,6793.8,0.0,-6052.8
3730,11760,65441,0,1176.0,6544.1,0.0,-5368.1
3731,9900,64221,0,990.0,6422.1,0.0,-5432.1
3732,8610,63039,0,861.0,6303.9,0.0,-5442.9
3733,12750,65080,0,1275.0,6508.0,0.0,-5233.0
3734,6300,63815,0,630.0,6381.5,0.0,-5751.5
3735,8610,63745,0,861.0,6374.5,0.0,-5513.5
3736,19530,67841,0,1953.0,6784.1,0.0,-4831.1
3737,15960,65760,0,1596.0,6576.0,0.0,-4980.0
3738,20160,66249,0,2016.0,6624.9,0.0,-4608.9
3739,4060,61429,0,406.0,6142.9,0.0,-5736.9
3740,27750,66042,0,2775.0,6604.2,0.0,-3829.2
3741,9460,64094,0,946.0,6409.4,0.0,-5463.4
3742,9460,63735,0,946.0,6373.5,0.0,-5427.5
3743,5610,61974,0,561.0,6197.4,0.0,-5636.4
3744,7800,63436,0,780.0,6343.6,0.0,-5563.6
3745,15400,65117,0,1540.0,6511.7,0.0,-4971.7
3746,6660,62672,0,666.0,6267.2,0.0,-5601.2
3747,8200,63690,0,820.0,6369.0,0.0,-5549.0
3748,11280,63875,0,1128.0,6387.5,0.0,-5259.5
3749,7800,64192,0,780.0,6419.2,0.0,-5639.2
3750,12250,63846,0,1225.0,6384.6,0.0,-5159.6
3751,7800,63033,0,780.0,6303.3,0.0,-5523.3
3752,5610,62226,0,561.0,6222.6,0.0,-5661.6
3753,10350,64673,0,1035.0,6467.3,0.0,-5432.3
3754,9460,63483,0,946.0,6348.3,0.0,-5402.3
3755,18910,64940,0,1891.0,6494.0,0.0,-4603.0
3756,7410,63533,0,741.0,6353.3,0.0,-5612.3
3757,17110,66969,0,1711.0,6696.9,0.0,-4985.9
3758,13780,64002,0,1378.0,6400.2,0.0,-5022.2
3759,17110,67924,0,1711.0,6792.4,0.0,-5081.4
3760,18910,75277,0,1891.0,7527.7,0.0,-5636.7
3761,12750,64121,0,1275.0,6412.1,0.0,-5137.1
3762,19530,67382,0,1953.0,6738.2,0.0,-4785.2
3763,8200,63977,0,820.0,6397.7,0.0,-5577.7
3764,10350,65850,0,1035.0,6585.0,0.0,-5550.0
3765,8200,63220,0,820.0,6322.0,0.0,-5502.0
3766,19530,65784,0,1953.0,6578.4,0.0,-4625.4
3767,15400,66324,0,1540.0,6632.4,0.0,-5092.4
3768,11760,65313,0,1176.0,6531.3,0.0,-5355.3
3769,10810,64769,0,1081.0,6476.9,0.0,-5395.9
3770,18300,67615,0,1830.0,6761.5,0.0,-4931.5
3771,7030,63922,0,703.0,6392.2,0.0,-5689.2
3772,7800,62537,0,780.0,6253.7,0.0,-5473.7
3773,7410,62471,0,741.0,6247.1,0.0,-5506.1
3774,5610,61731,0,561.0,6173.1,0.0,-5612.1
3775,10810,65400,0,1081.0,6540.0,0.0,-5459.0
3776,20800,68704,0,2080.0,6870.4,0.0,-4790.4
3777,9030,64286,0,903.0,6428.6,0.0,-5525.6
3778,5610,63617,0,561.0,6361.7,0.0,-5800.7
3779,12250,64883,0,1225.0,6488.3,0.0,-5263.3
3780,5950,62543,0,595.0,6254.3,0.0,-5659.3
3781,27750,67371,0,2775.0,6737.1,0.0,-3962.1
3782,13260,64875,0,1326.0,6487.5,0.0,-5161.5
3783,7030,64692,0,703.0,6469.2,0.0,-5766.2
3784,8200,63038,0,820.0,6303.8,0.0,-5483.8
3785,15400,69598,0,1540.0,6959.8,0.0,-5419.8
3786,12250,64543,0,1225.0,6454.3,0.0,-5229.3
3787,9030,62882,0,903.0,6288.2,0.0,-5385.2
3788,4650,61973,0,465.0,6197.3,0.0,-5732.3
3789,11280,64544,0,1128.0,6454.4,0.0,-5326.4
3790,7800,64109,0,780.0,6410.9,0.0,-5630.9
3791,9900,63444,0,990.0,6344.4,0.0,-5354.4
3792,6660,64255,0,666.0,6425.5,0.0,-5759.5
3793,8200,64320,0,820.0,6432.0,0.0,-5612.0
3794,19530,65373,0,1953.0,6537.3,0.0,-4584.3
3795,5610,62430,0,561.0,6243.0,0.0,-5682.0
3796,13260,65916,0,1326.0,6591.6,0.0,-5265.6
3797,11280,65930,0,1128.0,6593.0,0.0,-5465.0
3798,19530,67048,0,1953.0,6704.8,0.0,-4751.8
3799,14850,66583,0,1485.0,6658.3,0.0,-5173.3
3800,6660,64592,0,666.0,6459.2,0.0,-5793.2
3801,13260,65950,0,1326.0,6595.0,0.0,-5269.0
3802,14310,65855,0,1431.0,6585.5,0.0,-5154.5
3803,23460,66552,0,2346.0,6655.2,0.0,-4309.2
3804,6300,63321,0,630.0,6332.1,0.0,-5702.1
3805,6300,63131,0,630.0,6313.1,0.0,-5683.1
3806,8610,65186,0,861.0,6518.6,0.0,-5657.6
3807,8200,62358,0,820.0,6235.8,0.0,-5415.8
3808,15400,66889,0,1540.0,6688.9,0.0,-5148.9
3809,15960,65528,0,1596.0,6552.8,0.0,-4956.8
3810,22110,66107,0,2211.0,6610.7,0.0,-4399.7
3811,5610,68805,0,561.0,6880.5,0.0,-6319.5
3812,6300,62963,0,630.0,6296.3,0.0,-5666.3
3813,5950,62964,0,595.0,6296.4,0.0,-5701.4
3814,17110,66244,0,1711.0,6624.4,0.0,-4913.4
3815,6660,62318,0,666.0,6231.8,0.0,-5565.8
3816,6300,62920,0,630.0,6292.0,0.0,-5662.0
3817,10810,85972,0,1081.0,8597.2,0.0,-7516.2
3818,16530,67494,0,1653.0,6749.4,0.0,-5096.4
3819,6300,62840,0,630.0,6284.0,0.0,-5654.0
3820,27750,67541,0,2775.0,6754.1,0.0,-3979.1
3821,27750,69105,0,2775.0,6910.5,0.0,-4135.5
3822,9900,65289,0,990.0,6528.9,0.0,-5538.9
3823,14310,65865,0,1431.0,6586.5,0.0,-5155.5
3824,7030,62680,0,703.0,6268.0,0.0,-5565.0
3825,8610,64716,0,861.0,6471.6,0.0,-5610.6
3826,9030,65083,0,903.0,6508.3,0.0,-5605.3
3827,14310,66130,0,1431.0,6613.0,0.0,-5182.0
3828,10810,63856,0,1081.0,6385.6,0.0,-5304.6
3829,8200,63281,0,820.0,6328.1,0.0,-5508.1
3830,12750,63672,0,1275.0,6367.2,0.0,-5092.2
3831,13260,66498,0,1326.0,6649.8,0.0,-5323.8
3832,18300,67286,0,1830.0,6728.6,0.0,-4898.6
3833,12750,65449,0,1275.0,6544.9,0.0,-5269.9
3834,7410,62444,0,741.0,6244.4,0.0,-5503.4
3835,10350,65521,0,1035.0,6552.1,0.0,-5517.1
3836,9030,64843,0,903.0,6484.3,0.0,-5581.3
3837,12750,62962,0,1275.0,6296.2,0.0,-5021.2
3838,15960,65784,0,1596.0,6578.4,0.0,-4982.4
3839,7030,63916,0,703.0,6391.6,0.0,-5688.6
3840,9900,64769,0,990.0,6476.9,0.0,-5486.9
3841,8610,62524,0,861.0,6252.4,0.0,-5391.4
3842,13780,65513,0,1378.0,6551.3,0.0,-5173.3
3843,8610,62845,0,861.0,6284.5,0.0,-5423.5
3844,9460,64464,0,946.0,6446.4,0.0,-5500.4
3845,9030,66237,0,903.0,6623.7,0.0,-5720.7
3846,9030,64154,0,903.0,6415.4,0.0,-5512.4
3847,9460,64643,0,946.0,6464.3,0.0,-5518.3
3848,6660,65049,0,666.0,6504.9,0.0,-5838.9
3849,13260,65281,0,1326.0,6528.1,0.0,-5202.1
3850,10810,63906,0,1081.0,6390.6,0.0,-5309.6
3851,10350,64875,0,1035.0,6487.5,0.0,-5452.5
3852,14850,65328,0,1485.0,6532.8,0.0,-5047.8
3853,12250,63458,0,1225.0,6345.8,0.0,-5120.8
3854,15960,66950,0,1596.0,6695.0,0.0,-5099.0
3855,9030,64369,0,903.0,6436.9,0.0,-5533.9
3856,11280,64333,0,1128.0,6433.3,0.0,-5305.3
3857,1710,58746,0,171.0,5874.6,0.0,-5703.6
3858,19530,68508,0,1953.0,6850.8,0.0,-4897.8
3859,18300,67091,0,1830.0,6709.1,0.0,-4879.1
3860,13780,64463,0,1378.0,6446.3,0.0,-5068.3
3861,6660,63625,0,666.0,6362.5,0.0,-5696.5
3862,23460,66313,0,2346.0,6631.3,0.0,-4285.3
3863,6300,62611,0,630.0,6261.1,0.0,-5631.1
3864,18910,66493,0,1891.0,6649.3,0.0,-4758.3
3865,15960,66194,0,1596.0,6619.4,0.0,-5023.4
3866,14850,65916,0,1485.0,6591.6,0.0,-5106.6
3867,11760,66123,0,1176.0,6612.3,0.0,-5436.3
3868,7800,64844,0,780.0,6484.4,0.0,-5704.4
3869,11760,65214,0,1176.0,6521.4,0.0,-5345.4
3870,14310,64940,0,1431.0,6494.0,0.0,-5063.0
3871,9460,64176,0,946.0,6417.6,0.0,-5471.6
3872,7410,64268,0,741.0,6426.8,0.0,-5685.8
3873,7800,64042,0,780.0,6404.2,0.0,-5624.2
3874,8610,64034,0,861.0,6403.4,0.0,-5542.4
3875,10350,62409,0,1035.0,6240.9,0.0,-5205.9
3876,9460,64349,0,946.0,6434.9,0.0,-5488.9
3877,24850,67306,0,2485.0,6730.6,0.0,-4245.6
3878,11760,64271,0,1176.0,6427.1,0.0,-5251.1
3879,7800,62971,0,780.0,6297.1,0.0,-5517.1
3880,8610,77818,0,861.0,7781.8,0.0,-6920.8
3881,9900,63673,0,990.0,6367.3,0.0,-5377.3
3882,6300,62028,0,630.0,6202.8,0.0,-5572.8
3883,9030,64297,0,903.0,6429.7,0.0,-5526.7
3884,10350,63417,0,1035.0,6341.7,0.0,-5306.7
3885,11760,65394,0,1176.0,6539.4,0.0,-5363.4
3886,17110,66342,0,1711.0,6634.2,0.0,-4923.2
3887,9030,64148,0,903.0,6414.8,0.0,-5511.8
3888,15400,66165,0,1540.0,6616.5,0.0,-5076.5
3889,10350,65031,0,1035.0,6503.1,0.0,-5468.1
3890,17700,66867,0,1770.0,6686.7,0.0,-4916.7
3891,7800,63724,0,780.0,6372.4,0.0,-5592.4
3892,9900,64354,0,990.0,6435.4,0.0,-5445.4
3893,9900,64280,0,990.0,6428.0,0.0,-5438.0
3894,15400,67147,0,1540.0,6714.7,0.0,-5174.7
3895,18910,66122,0,1891.0,6612.2,0.0,-4721.2
3896,18910,67793,0,1891.0,6779.3,0.0,-4888.3
3897,9030,64375,0,903.0,6437.5,0.0,-5534.5
3898,11280,65496,0,1128.0,6549.6,0.0,-5421.6
3899,12250,66499,0,1225.0,6649.9,0.0,-5424.9
3900,9460,64825,0,946.0,6482.5,0.0,-5536.5
3901,9030,64405,0,903.0,6440.5,0.0,-5537.5
3902,13780,65928,0,1378.0,6592.8,0.0,-5214.8
3903,23460,67601,0,2346.0,6760.1,0.0,-4414.1
3904,10350,65307,0,1035.0,6530.7,0.0,-5495.7
3905,13780,65817,0,1378.0,6581.7,0.0,-5203.7
3906,9030,63480,0,903.0,6348.0,0.0,-5445.0
3907,10810,65823,0,1081.0,6582.3,0.0,-5501.3
3908,11760,64385,0,1176.0,6438.5,0.0,-5262.5
3909,7410,64072,0,741.0,6407.2,0.0,-5666.2
3910,5610,62836,0,561.0,6283.6,0.0,-5722.6
3911,12250,64813,0,1225.0,6481.3,0.0,-5256.3
3912,15960,66745,0,1596.0,6674.5,0.0,-5078.5
3913,10810,64868,0,1081.0,6486.8,0.0,-5405.8
3914,7030,63652,0,703.0,6365.2,0.0,-5662.2
3915,11760,64388,0,1176.0,6438.8,0.0,-5262.8
3916,7030,63094,0,703.0,6309.4,0.0,-5606.4
3917,7800,63628,0,780.0,6362.8,0.0,-5582.8
3918,11280,65663,0,1128.0,6566.3,0.0,-5438.3
3919,9900,64871,0,990.0,6487.1,0.0,-5497.1
3920,7800,63221,0,780.0,6322.1,0.0,-5542.1
3921,7030,62898,0,703.0,6289.8,0.0,-5586.8
3922,11760,64203,0,1176.0,6420.3,0.0,-5244.3
3923,6660,63201,0,666.0,6320.1,0.0,-5654.1
3924,11760,65133,0,1176.0,6513.3,0.0,-5337.3
3925,5950,61945,0,595.0,6194.5,0.0,-5599.5
3926,5280,63006,0,528.0,6300.6,0.0,-5772.6
3927,12750,65681,0,1275.0,6568.1,0.0,-5293.1
3928,3510,59859,0,351.0,5985.9,0.0,-5634.9
3929,10350,64719,0,1035.0,6471.9,0.0,-5436.9
3930,9460,64435,0,946.0,6443.5,0.0,-5497.5
3931,7410,63334,0,741.0,6333.4,0.0,-5592.4
3932,7800,64583,0,780.0,6458.3,0.0,-5678.3
3933,9900,63830,0,990.0,6383.0,0.0,-5393.0
3934,11760,65531,0,1176.0,6553.1,0.0,-5377.1
3935,9030,65011,0,903.0,6501.1,0.0,-5598.1
3936,9900,64345,0,990.0,6434.5,0.0,-5444.5
3937,13260,65315,0,1326.0,6531.5,0.0,-5205.5
3938,15960,66722,0,1596.0,6672.2,0.0,-5076.2
3939,7800,63209,0,780.0,6320.9,0.0,-5540.9
3940,25560,67986,0,2556.0,6798.6,0.0,-4242.6
3941,8200,64659,0,820.0,6465.9,0.0,-5645.9
3942,18300,66432,0,1830.0,6643.2,0.0,-4813.2
3943,9900,63201,0,990.0,6320.1,0.0,-5330.1
3944,11760,64567,0,1176.0,6456.7,0.0,-5280.7
3945,7410,64310,0,741.0,6431.0,0.0,-5690.0
3946,17700,67737,0,1770.0,6773.7,0.0,-5003.7
3947,5280,62787,0,528.0,6278.7,0.0,-5750.7
3948,7410,64560,0,741.0,6456.0,0.0,-5715.0
3949,4060,62047,0,406.0,6204.7,0.0,-5798.7
3950,8610,64030,0,861.0,6403.0,0.0,-5542.0
3951,8200,63501,0,820.0,6350.1,0.0,-5530.1
3952,12250,65159,0,1225.0,6515.9,0.0,-5290.9
3953,19530,64605,0,1953.0,6460.5,0.0,-4507.5
3954,8610,63045,0,861.0,6304.5,0.0,-5443.5
3955,10810,63513,0,1081.0,6351.3,0.0,-5270.3
3956,13780,66760,0,1378.0,6676.0,0.0,-5298.0
3957,3000,59704,0,300.0,5970.4,0.0,-5670.4
3958,8610,63891,0,861.0,6389.1,0.0,-5528.1
3959,5950,62361,0,595.0,6236.1,0.0,-5641.1
3960,15400,66255,0,1540.0,6625.5,0.0,-5085.5
3961,12750,66388,0,1275.0,6638.8,0.0,-5363.8
3962,8200,63912,0,820.0,6391.2,0.0,-5571.2
3963,11760,63187,0,1176.0,6318.7,0.0,-5142.7
3964,12250,64675,0,1225.0,6467.5,0.0,-5242.5
3965,13780,66873,0,1378.0,6687.3,0.0,-5309.3
3966,8610,63187,0,861.0,6318.7,0.0,-5457.7
3967,12250,65905,0,1225.0,6590.5,0.0,-5365.5
3968,9460,64408,0,946.0,6440.8,0.0,-5494.8
3969,9460,64057,0,946.0,6405.7,0.0,-5459.7
3970,9900,64790,0,990.0,6479.0,0.0,-5489.0
3971,9900,65049,0,990.0,6504.9,0.0,-5514.9
3972,9900,64172,0,990.0,6417.2,0.0,-5427.2
3973,11280,65651,0,1128.0,6565.1,0.0,-5437.1
3974,11760,65268,0,1176.0,6526.8,0.0,-5350.8
3975,10350,64758,0,1035.0,6475.8,0.0,-5440.8
3976,15400,67107,0,1540.0,6710.7,0.0,-5170.7
3977,7800,62891,0,780.0,6289.1,0.0,-5509.1
3978,8200,64128,0,820.0,6412.8,0.0,-5592.8
3979,11280,65417,0,1128.0,6541.7,0.0,-5413.7
3980,9900,63336,0,990.0,6333.6,0.0,-5343.6
3981,16530,64942,0,1653.0,6494.2,0.0,-4841.2
3982,21450,67387,0,2145.0,6738.7,0.0,-4593.7
3983,9030,64149,0,903.0,6414.9,0.0,-5511.9
3984,11280,64490,0,1128.0,6449.0,0.0,-5321.0
3985,10350,64246,0,1035.0,6424.6,0.0,-5389.6
3986,10350,64652,0,1035.0,6465.2,0.0,-5430.2
3987,6660,62737,0,666.0,6273.7,0.0,-5607.7
3988,2760,60791,0,276.0,6079.1,0.0,-5803.1
3989,9460,64434,0,946.0,6443.4,0.0,-5497.4
3990,11280,65486,0,1128.0,6548.6,0.0,-5420.6
3991,13260,65435,0,1326.0,6543.5,0.0,-5217.5
3992,7410,63791,0,741.0,6379.1,0.0,-5638.1
3993,11760,65493,0,1176.0,6549.3,0.0,-5373.3
3994,19530,66616,0,1953.0,6661.6,0.0,-4708.6
3995,14850,64408,0,1485.0,6440.8,0.0,-4955.8
3996,14850,65723,0,1485.0,6572.3,0.0,-5087.3
3997,12250,64238,0,1225.0,6423.8,0.0,-5198.8
3998,14850,65456,0,1485.0,6545.6,0.0,-5060.6
3999,10350,65219,0,1035.0,6521.9,0.0,-5486.9
4000,5950,62971,0,595.0,6297.1,0.0,-5702.1
4001,7410,63960,0,741.0,6396.0,0.0,-5655.0
4002,13260,65926,0,1326.0,6592.6,0.0,-5266.6
4003,6660,62303,0,666.0,6230.3,0.0,-5564.3
4004,11760,65638,0,1176.0,6563.8,0.0,-5387.8
4005,12250,64562,0,1225.0,6456.2,0.0,-5231.2
4006,14310,66036,0,1431.0,6603.6,0.0,-5172.6
4007,11760,65130,0,1176.0,6513.0,0.0,-5337.0
4008,12750,64314,0,1275.0,6431.4,0.0,-5156.4
4009,8610,63535,0,861.0,6353.5,0.0,-5492.5
4010,9460,64997,0,946.0,6499.7,0.0,-5553.7
4011,9900,64905,0,990.0,6490.5,0.0,-5500.5
4012,17700,66306,0,1770.0,6630.6,0.0,-4860.6
4013,6300,63610,0,630.0,6361.0,0.0,-5731.0
4014,8610,63650,0,861.0,6365.0,0.0,-5504.0
4015,10810,63680,0,1081.0,6368.0,0.0,-5287.0
4016,7410,63799,0,741.0,6379.9,0.0,-5638.9
4017,5950,62055,0,595.0,6205.5,0.0,-5610.5
4018,17110,65307,0,1711.0,6530.7,0.0,-4819.7
4019,24150,67491,0,2415.0,6749.1,0.0,-4334.1
4020,9030,64931,0,903.0,6493.1,0.0,-5590.1
4021,11280,64551,0,1128.0,6455.1,0.0,-5327.1
4022,5280,62720,0,528.0,6272.0,0.0,-5744.0
4023,6660,64496,0,666.0,6449.6,0.0,-5783.6
4024,16530,65097,0,1653.0,6509.7,0.0,-4856.7
4025,12250,67050,0,1225.0,6705.0,0.0,-5480.0
4026,17110,65306,0,1711.0,6530.6,0.0,-4819.6
4027,4060,61930,0,406.0,6193.0,0.0,-5787.0
4028,10810,63234,0,1081.0,6323.4,0.0,-5242.4
4029,10350,64204,0,1035.0,6420.4,0.0,-5385.4
4030,10350,65172,0,1035.0,6517.2,0.0,-5482.2
4031,11760,63779,0,1176.0,6377.9,0.0,-5201.9
4032,11280,65437,0,1128.0,6543.7,0.0,-5415.7
4033,10350,64469,0,1035.0,6446.9,0.0,-5411.9
4034,8200,62466,0,820.0,6246.6,0.0,-5426.6
4035,17700,66122,0,1770.0,6612.2,0.0,-4842.2
4036,13780,66924,0,1378.0,6692.4,0.0,-5314.4
4037,12750,65319,0,1275.0,6531.9,0.0,-5256.9
4038,15960,66100,0,1596.0,6610.0,0.0,-5014.0
4039,31600,68150,0,3160.0,6815.0,0.0,-3655.0
4040,10350,64875,0,1035.0,6487.5,0.0,-5452.5
4041,18300,66555,0,1830.0,6655.5,0.0,-4825.5
4042,4350,60406,0,435.0,6040.6,0.0,-5605.6
4043,6300,64005,0,630.0,6400.5,0.0,-5770.5
4044,18910,67446,0,1891.0,6744.6,0.0,-4853.6
4045,23460,66141,0,2346.0,6614.1,0.0,-4268.1
4046,9460,64294,0,946.0,6429.4,0.0,-5483.4
4047,10350,64956,0,1035.0,6495.6,0.0,-5460.6
4048,14850,65998,0,1485.0,6599.8,0.0,-5114.8
4049,7410,63722,0,741.0,6372.2,0.0,-5631.2
4050,5950,63459,0,595.0,6345.9,0.0,-5750.9
4051,3250,59538,0,325.0,5953.8,0.0,-5628.8
4052,9460,65075,0,946.0,6507.5,0.0,-5561.5
4053,9030,64672,0,903.0,6467.2,0.0,-5564.2
4054,7410,63518,0,741.0,6351.8,0.0,-5610.8
4055,11280,65122,0,1128.0,6512.2,0.0,-5384.2
4056,9030,62952,0,903.0,6295.2,0.0,-5392.2
4057,4960,62178,0,496.0,6217.8,0.0,-5721.8
4058,12250,65083,0,1225.0,6508.3,0.0,-5283.3
4059,5950,62991,0,595.0,6299.1,0.0,-5704.1
4060,12750,65257,0,1275.0,6525.7,0.0,-5250.7
4061,17110,66253,0,1711.0,6625.3,0.0,-4914.3
4062,21450,68396,0,2145.0,6839.6,0.0,-4694.6
4063,4960,63003,0,496.0,6300.3,0.0,-5804.3
4064,13780,66992,0,1378.0,6699.2,0.0,-5321.2
4065,21450,66143,0,2145.0,6614.3,0.0,-4469.3
4066,13780,65634,0,1378.0,6563.4,0.0,-5185.4
4067,22110,68696,0,2211.0,6869.6,0.0,-4658.6
4068,11760,64260,0,1176.0,6426.0,0.0,-5250.0
4069,13260,65675,0,1326.0,6567.5,0.0,-5241.5
4070,9460,63863,0,946.0,6386.3,0.0,-5440.3
4071,8200,62612,0,820.0,6261.2,0.0,-5441.2
4072,4060,61166,0,406.0,6116.6,0.0,-5710.6
4073,17110,66344,0,1711.0,6634.4,0.0,-4923.4
4074,14850,64796,0,1485.0,6479.6,0.0,-4994.6
4075,11280,65707,0,1128.0,6570.7,0.0,-5442.7
4076,23460,66799,0,2346.0,6679.9,0.0,-4333.9
4077,10810,64875,0,1081.0,6487.5,0.0,-5406.5
4078,5950,62953,0,595.0,6295.3,0.0,-5700.3
4079,9900,65015,0,990.0,6501.5,0.0,-5511.5
4080,15400,66313,0,1540.0,6631.3,0.0,-5091.3
4081,16530,66921,0,1653.0,6692.1,0.0,-5039.1
4082,12750,65750,0,1275.0,6575.0,0.0,-5300.0
4083,13780,65964,0,1378.0,6596.4,0.0,-5218.4
4084,14850,64902,0,1485.0,6490.2,0.0,-5005.2
4085,8610,64484,0,861.0,6448.4,0.0,-5587.4
4086,7800,63629,0,780.0,6362.9,0.0,-5582.9
4087,7800,62513,0,780.0,6251.3,0.0,-5471.3
4088,11280,64660,0,1128.0,6466.0,0.0,-5338.0
4089,10810,63498,0,1081.0,6349.8,0.0,-5268.8
4090,11280,64227,0,1128.0,6422.7,0.0,-5294.7
4091,18910,65934,0,1891.0,6593.4,0.0,-4702.4
4092,37410,71262,0,3741.0,7126.2,0.0,-3385.2
4093,13260,66044,0,1326.0,6604.4,0.0,-5278.4
4094,8200,64098,0,820.0,6409.8,0.0,-5589.8
4095,6660,62157,0,666.0,6215.7,0.0,-5549.7
4096,11280,63087,0,1128.0,6308.7,0.0,-5180.7
4097,4060,61793,0,406.0,6179.3,0.0,-5773.3
4098,14310,65628,0,1431.0,6562.8,0.0,-5131.8
4099,11760,65984,0,1176.0,6598.4,0.0,-5422.4
4100,5950,63386,0,595.0,6338.6,0.0,-5743.6
4101,5610,63293,0,561.0,6329.3,0.0,-5768.3
4102,11280,65713,0,1128.0,6571.3,0.0,-5443.3
4103,5280,62979,0,528.0,6297.9,0.0,-5769.9
4104,20160,67885,0,2016.0,6788.5,0.0,-4772.5
4105,8610,64126,0,861.0,6412.6,0.0,-5551.6
4106,7410,63118,0,741.0,6311.8,0.0,-5570.8
4107,5610,61366,0,561.0,6136.6,0.0,-5575.6
4108,11760,65445,0,1176.0,6544.5,0.0,-5368.5
4109,12250,65132,0,1225.0,6513.2,0.0,-5288.2
4110,20800,67785,0,2080.0,6778.5,0.0,-4698.5
4111,12250,64262,0,1225.0,6426.2,0.0,-5201.2
4112,10350,65887,0,1035.0,6588.7,0.0,-5553.7
4113,25560,67222,0,2556.0,6722.2,0.0,-4166.2
4114,8200,63457,0,820.0,6345.7,0.0,-5525.7
4115,22780,68464,0,2278.0,6846.4,0.0,-4568.4
4116,7410,63307,0,741.0,6330.7,0.0,-5589.7
4117,12750,65797,0,1275.0,6579.7,0.0,-5304.7
4118,8610,63653,0,861.0,6365.3,0.0,-5504.3
4119,8200,62681,0,820.0,6268.1,0.0,-5448.1
4120,16530,66827,0,1653.0,6682.7,0.0,-5029.7
4121,5610,63010,0,561.0,6301.0,0.0,-5740.0
4122,9030,65213,0,903.0,6521.3,0.0,-5618.3
4123,4060,60896,0,406.0,6089.6,0.0,-5683.6
4124,13780,65377,0,1378.0,6537.7,0.0,-5159.7
4125,10350,64236,0,1035.0,6423.6,0.0,-5388.6
4126,9030,64045,0,903.0,6404.5,0.0,-5501.5
4127,16530,67318,0,1653.0,6731.8,0.0,-5078.8
4128,13780,64879,0,1378.0,6487.9,0.0,-5109.9
4129,9030,63715,0,903.0,6371.5,0.0,-5468.5
4130,12250,65667,0,1225.0,6566.7,0.0,-5341.7
4131,5610,62536,0,561.0,6253.6,0.0,-5692.6
4132,8200,63611,0,820.0,6361.1,0.0,-5541.1
4133,9030,63855,0,903.0,6385.5,0.0,-5482.5
4134,16530,65166,0,1653.0,6516.6,0.0,-4863.6
4135,15400,66168,0,1540.0,6616.8,0.0,-5076.8
4136,12250,64154,0,1225.0,6415.4,0.0,-5190.4
4137,6300,63357,0,630.0,6335.7,0.0,-5705.7
4138,9900,64995,0,990.0,6499.5,0.0,-5509.5
4139,8610,63790,0,861.0,6379.0,0.0,-5518.0
4140,12250,64653,0,1225.0,6465.3,0.0,-5240.3
4141,3780,61769,0,378.0,6176.9,0.0,-5798.9
4142,11280,66189,0,1128.0,6618.9,0.0,-5490.9
4143,11280,64124,0,1128.0,6412.4,0.0,-5284.4
4144,7410,63773,0,741.0,6377.3,0.0,-5636.3
4145,8610,63836,0,861.0,6383.6,0.0,-5522.6
4146,7030,63297,0,703.0,6329.7,0.0,-5626.7
4147,8610,63218,0,861.0,6321.8,0.0,-5460.8
4148,8200,62723,0,820.0,6272.3,0.0,-5452.3
4149,7030,63180,0,703.0,6318.0,0.0,-5615.0
4150,9460,64066,0,946.0,6406.6,0.0,-5460.6
4151,7030,64087,0,703.0,6408.7,0.0,-5705.7
4152,8610,67168,0,861.0,6716.8,0.0,-5855.8
4153,7030,63538,0,703.0,6353.8,0.0,-5650.8
4154,13260,65644,0,1326.0,6564.4,0.0,-5238.4
4155,15960,66560,0,1596.0,6656.0,0.0,-5060.0
4156,7800,63340,0,780.0,6334.0,0.0,-5554.0
4157,10810,64755,0,1081.0,6475.5,0.0,-5394.5
4158,14850,65477,0,1485.0,6547.7,0.0,-5062.7
4159,6660,62085,0,666.0,6208.5,0.0,-5542.5
4160,6300,63447,0,630.0,6344.7,0.0,-5714.7
4161,7410,63587,0,741.0,6358.7,0.0,-5617.7
4162,11280,64912,0,1128.0,6491.2,0.0,-5363.2
4163,8610,64625,0,861.0,6462.5,0.0,-5601.5
4164,11760,65321,0,1176.0,6532.1,0.0,-5356.1
4165,13780,66391,0,1378.0,6639.1,0.0,-5261.1
4166,9460,64463,0,946.0,6446.3,0.0,-5500.3
4167,5950,63478,0,595.0,6347.8,0.0,-5752.8
4168,13780,66033,0,1378.0,6603.3,0.0,-5225.3
4169,15400,66512,0,1540.0,6651.2,0.0,-5111.2
4170,9030,64077,0,903.0,6407.7,0.0,-5504.7
4171,2760,60627,0,276.0,6062.7,0.0,-5786.7
4172,9460,64725,0,946.0,6472.5,0.0,-5526.5
4173,8610,63744,0,861.0,6374.4,0.0,-5513.4
4174,11280,64369,0,1128.0,6436.9,0.0,-5308.9
4175,19530,67434,0,1953.0,6743.4,0.0,-4790.4
4176,7800,63601,0,780.0,6360.1,0.0,-5580.1
4177,7410,63730,0,741.0,6373.0,0.0,-5632.0
4178,11280,63594,0,1128.0,6359.4,0.0,-5231.4
4179,8200,63898,0,820.0,6389.8,0.0,-5569.8
4180,11280,66535,0,1128.0,6653.5,0.0,-5525.5
4181,11760,65772,0,1176.0,6577.2,0.0,-5401.2
4182,1200,56331,0,120.0,5633.1,0.0,-5513.1
4183,13780,65940,0,1378.0,6594.0,0.0,-5216.0
4184,6300,63286,0,630.0,6328.6,0.0,-5698.6
4185,7410,63324,0,741.0,6332.4,0.0,-5591.4
4186,3780,62152,0,378.0,6215.2,0.0,-5837.2
4187,8200,63269,0,820.0,6326.9,0.0,-5506.9
4188,9030,64820,0,903.0,6482.0,0.0,-5579.0
4189,22110,67880,0,2211.0,6788.0,0.0,-4577.0
4190,10810,64951,0,1081.0,6495.1,0.0,-5414.1
4191,9460,64873,0,946.0,6487.3,0.0,-5541.3
4192,9900,63694,0,990.0,6369.4,0.0,-5379.4
4193,7030,62512,0,703.0,6251.2,0.0,-5548.2
4194,20800,66474,0,2080.0,6647.4,0.0,-4567.4
4195,22780,67773,0,2278.0,6777.3,0.0,-4499.3
4196,11280,66464,0,1128.0,6646.4,0.0,-5518.4
4197,9900,64378,0,990.0,6437.8,0.0,-5447.8
4198,15400,65952,0,1540.0,6595.2,0.0,-5055.2
4199,11760,65583,0,1176.0,6558.3,0.0,-5382.3
4200,24150,67271,0,2415.0,6727.1,0.0,-4312.1
4201,8610,63615,0,861.0,6361.5,0.0,-5500.5
4202,11280,65556,0,1128.0,6555.6,0.0,-5427.6
4203,5610,61968,0,561.0,6196.8,0.0,-5635.8
4204,11280,64195,0,1128.0,6419.5,0.0,-5291.5
4205,12250,64135,0,1225.0,6413.5,0.0,-5188.5
4206,2530,60941,0,253.0,6094.1,0.0,-5841.1
4207,12750,64140,0,1275.0,6414.0,0.0,-5139.0
4208,7800,63328,0,780.0,6332.8,0.0,-5552.8
4209,15960,65577,0,1596.0,6557.7,0.0,-4961.7
4210,9900,65424,0,990.0,6542.4,0.0,-5552.4
4211,11760,65372,0,1176.0,6537.2,0.0,-5361.2
4212,19530,66798,0,1953.0,6679.8,0.0,-4726.8
4213,20800,67561,0,2080.0,6756.1,0.0,-4676.1
4214,7410,64396,0,741.0,6439.6,0.0,-5698.6
4215,24150,67909,0,2415.0,6790.9,0.0,-4375.9
4216,13260,66367,0,1326.0,6636.7,0.0,-5310.7
4217,11760,65897,0,1176.0,6589.7,0.0,-5413.7
4218,13260,66017,0,1326.0,6601.7,0.0,-5275.7
4219,6300,62684,0,630.0,6268.4,0.0,-5638.4
4220,6300,62613,0,630.0,6261.3,0.0,-5631.3
4221,6300,63643,0,630.0,6364.3,0.0,-5734.3
4222,9460,64301,0,946.0,6430.1,0.0,-5484.1
4223,13780,64090,0,1378.0,6409.0,0.0,-5031.0
4224,13260,64384,0,1326.0,6438.4,0.0,-5112.4
4225,8610,63631,0,861.0,6363.1,0.0,-5502.1
4226,9460,64182,0,946.0,6418.2,0.0,-5472.2
4227,10350,64100,0,1035.0,6410.0,0.0,-5375.0
4228,11280,63505,0,1128.0,6350.5,0.0,-5222.5
4229,22110,68751,0,2211.0,6875.1,0.0,-4664.1
4230,8610,64653,0,861.0,6465.3,0.0,-5604.3
4231,6300,62208,0,630.0,6220.8,0.0,-5590.8
4232,9900,64864,0,990.0,6486.4,0.0,-5496.4
4233,7800,63439,0,780.0,6343.9,0.0,-5563.9
4234,8200,62642,0,820.0,6264.2,0.0,-5444.2
4235,12750,65016,0,1275.0,6501.6,0.0,-5226.6
4236,9460,65147,0,946.0,6514.7,0.0,-5568.7
4237,11760,64451,0,1176.0,6445.1,0.0,-5269.1
4238,8200,63712,0,820.0,6371.2,0.0,-5551.2
4239,4650,62082,0,465.0,6208.2,0.0,-5743.2
4240,9030,63791,0,903.0,6379.1,0.0,-5476.1
4241,4960,61693,0,496.0,6169.3,0.0,-5673.3
4242,9030,64191,0,903.0,6419.1,0.0,-5516.1
4243,9030,63549,0,903.0,6354.9,0.0,-5451.9
4244,12750,65174,0,1275.0,6517.4,0.0,-5242.4
4245,13780,64673,0,1378.0,6467.3,0.0,-5089.3
4246,12750,65515,0,1275.0,6551.5,0.0,-5276.5
4247,14310,65978,0,1431.0,6597.8,0.0,-5166.8
4248,9460,64617,0,946.0,6461.7,0.0,-5515.7
4249,7410,63639,0,741.0,6363.9,0.0,-5622.9
4250,9900,63913,0,990.0,6391.3,0.0,-5401.3
4251,5610,61409,0,561.0,6140.9,0.0,-5579.9
4252,26280,68456,0,2628.0,6845.6,0.0,-4217.6
4253,8610,64901,0,861.0,6490.1,0.0,-5629.1
4254,9460,64985,0,946.0,6498.5,0.0,-5552.5
4255,8200,64499,0,820.0,6449.9,0.0,-5629.9
4256,4960,62846,0,496.0,6284.6,0.0,-5788.6
4257,11280,65777,0,1128.0,6577.7,0.0,-5449.7
4258,4960,62327,0,496.0,6232.7,0.0,-5736.7
4259,18300,66104,0,1830.0,6610.4,0.0,-4780.4
4260,8610,64243,0,861.0,6424.3,0.0,-5563.3
4261,10810,64968,0,1081.0,6496.8,0.0,-5415.8
4262,33210,69285,0,3321.0,6928.5,0.0,-3607.5
4263,3250,59980,0,325.0,5998.0,0.0,-5673.0
4264,11280,63993,0,1128.0,6399.3,0.0,-5271.3
4265,13260,64732,0,1326.0,6473.2,0.0,-5147.2
4266,14850,65755,0,1485.0,6575.5,0.0,-5090.5
4267,13260,65524,0,1326.0,6552.4,0.0,-5226.4
4268,12250,65867,0,1225.0,6586.7,0.0,-5361.7
4269,9460,64073,0,946.0,6407.3,0.0,-5461.3
4270,9460,64223,0,946.0,6422.3,0.0,-5476.3
4271,5950,61965,0,595.0,6196.5,0.0,-5601.5
4272,8200,63889,0,820.0,6388.9,0.0,-5568.9
4273,8200,63951,0,820.0,6395.1,0.0,-5575.1
4274,10810,64874,0,1081.0,6487.4,0.0,-5406.4
4275,8610,63421,0,861.0,6342.1,0.0,-5481.1
4276,20160,67095,0,2016.0,6709.5,0.0,-4693.5
4277,8610,63151,0,861.0,6315.1,0.0,-5454.1
4278,12250,64489,0,1225.0,6448.9,0.0,-5223.9
4279,7410,64159,0,741.0,6415.9,0.0,-5674.9
4280,8610,63691,0,861.0,6369.1,0.0,-5508.1
4281,8610,64570,0,861.0,6457.0,0.0,-5596.0
4282,4960,61747,0,496.0,6174.7,0.0,-5678.7
4283,4650,62116,0,465.0,6211.6,0.0,-5746.6
4284,4060,61210,0,406.0,6121.0,0.0,-5715.0
4285,16530,66901,0,1653.0,6690.1,0.0,-5037.1
4286,6660,63302,0,666.0,6330.2,0.0,-5664.2
4287,17110,66734,0,1711.0,6673.4,0.0,-4962.4
4288,14850,66057,0,1485.0,6605.7,0.0,-5120.7
4289,13260,65746,0,1326.0,6574.6,0.0,-5248.6
4290,7800,64203,0,780.0,6420.3,0.0,-5640.3
4291,10810,65087,0,1081.0,6508.7,0.0,-5427.7
4292,20160,67222,0,2016.0,6722.2,0.0,-4706.2
4293,11760,64942,0,1176.0,6494.2,0.0,-5318.2
4294,15960,65759,0,1596.0,6575.9,0.0,-4979.9
4295,18300,67277,0,1830.0,6727.7,0.0,-4897.7
4296,8610,64738,0,861.0,6473.8,0.0,-5612.8
4297,5610,62094,0,561.0,6209.4,0.0,-5648.4
4298,12250,65889,0,1225.0,6588.9,0.0,-5363.9
4299,9900,65067,0,990.0,6506.7,0.0,-5516.7
4300,20160,66413,0,2016.0,6641.3,0.0,-4625.3
4301,11760,64416,0,1176.0,6441.6,0.0,-5265.6
4302,24850,66821,0,2485.0,6682.1,0.0,-4197.1
4303,28500,68764,0,2850.0,6876.4,0.0,-4026.4
4304,8200,64762,0,820.0,6476.2,0.0,-5656.2
4305,7800,64790,0,780.0,6479.0,0.0,-5699.0
4306,8200,63131,0,820.0,6313.1,0.0,-5493.1
4307,7800,62851,0,780.0,6285.1,0.0,-5505.1
4308,13260,65487,0,1326.0,6548.7,0.0,-5222.7
4309,9900,65099,0,990.0,6509.9,0.0,-5519.9
4310,12750,66337,0,1275.0,6633.7,0.0,-5358.7
4311,9900,64452,0,990.0,6445.2,0.0,-5455.2
4312,15960,65193,0,1596.0,6519.3,0.0,-4923.3
4313,9900,63280,0,990.0,6328.0,0.0,-5338.0
4314,15400,66173,0,1540.0,6617.3,0.0,-5077.3
4315,15960,66404,0,1596.0,6640.4,0.0,-5044.4
4316,6660,62916,0,666.0,6291.6,0.0,-5625.6
4317,14850,65931,0,1485.0,6593.1,0.0,-5108.1
4318,10350,64455,0,1035.0,6445.5,0.0,-5410.5
4319,11760,65977,0,1176.0,6597.7,0.0,-5421.7
4320,11280,65601,0,1128.0,6560.1,0.0,-5432.1
4321,14850,65585,0,1485.0,6558.5,0.0,-5073.5
4322,8610,64573,0,861.0,6457.3,0.0,-5596.3
4323,12250,63862,0,1225.0,6386.2,0.0,-5161.2
4324,10350,65568,0,1035.0,6556.8,0.0,-5521.8
4325,14310,65363,0,1431.0,6536.3,0.0,-5105.3
4326,21450,66457,0,2145.0,6645.7,0.0,-4500.7
4327,9900,63725,0,990.0,6372.5,0.0,-5382.5
4328,20160,64360,0,2016.0,6436.0,0.0,-4420.0
4329,10810,64179,0,1081.0,6417.9,0.0,-5336.9
4330,10350,63814,0,1035.0,6381.4,0.0,-5346.4
4331,8610,64059,0,861.0,6405.9,0.0,-5544.9
4332,20160,67286,0,2016.0,6728.6,0.0,-4712.6
4333,12250,65108,0,1225.0,6510.8,0.0,-5285.8
4334,6660,62958,0,666.0,6295.8,0.0,-5629.8
4335,11760,65186,0,1176.0,6518.6,0.0,-5342.6
4336,11280,64018,0,1128.0,6401.8,0.0,-5273.8
4337,15960,66041,0,1596.0,6604.1,0.0,-5008.1
4338,4650,62725,0,465.0,6272.5,0.0,-5807.5
4339,11280,65495,0,1128.0,6549.5,0.0,-5421.5
4340,7410,62983,0,741.0,6298.3,0.0,-5557.3
4341,5610,63920,0,561.0,6392.0,0.0,-5831.0
4342,16530,67092,0,1653.0,6709.2,0.0,-5056.2
4343,10810,64922,0,1081.0,6492.2,0.0,-5411.2
4344,15960,65857,0,1596.0,6585.7,0.0,-4989.7
4345,10350,63559,0,1035.0,6355.9,0.0,-5320.9
4346,9460,63894,0,946.0,6389.4,0.0,-5443.4
4347,15960,66692,0,1596.0,6669.2,0.0,-5073.2
4348,16530,67783,0,1653.0,6778.3,0.0,-5125.3
4349,11760,64846,0,1176.0,6484.6,0.0,-5308.6
4350,9900,64858,0,990.0,6485.8,0.0,-5495.8
4351,26280,68972,0,2628.0,6897.2,0.0,-4269.2
4352,7410,62217,0,741.0,6221.7,0.0,-5480.7
4353,6660,63663,0,666.0,6366.3,0.0,-5700.3
4354,14850,65373,0,1485.0,6537.3,0.0,-5052.3
4355,15400,66202,0,1540.0,6620.2,0.0,-5080.2
4356,9900,64189,0,990.0,6418.9,0.0,-5428.9
4357,8610,62823,0,861.0,6282.3,0.0,-5421.3
4358,7030,63176,0,703.0,6317.6,0.0,-5614.6
4359,10810,64713,0,1081.0,6471.3,0.0,-5390.3
4360,9460,64065,0,946.0,6406.5,0.0,-5460.5
4361,10350,65158,0,1035.0,6515.8,0.0,-5480.8
4362,6660,63634,0,666.0,6363.4,0.0,-5697.4
4363,14850,66203,0,1485.0,6620.3,0.0,-5135.3
4364,7410,63498,0,741.0,6349.8,0.0,-5608.8
4365,9900,64349,0,990.0,6434.9,0.0,-5444.9
4366,10350,64639,0,1035.0,6463.9,0.0,-5428.9
4367,10810,64864,0,1081.0,6486.4,0.0,-5405.4
4368,8610,65340,0,861.0,6534.0,0.0,-5673.0
4369,12750,64329,0,1275.0,6432.9,0.0,-5157.9
4370,9900,64904,0,990.0,6490.4,0.0,-5500.4
4371,17110,66133,0,1711.0,6613.3,0.0,-4902.3
4372,7800,63244,0,780.0,6324.4,0.0,-5544.4
4373,16530,66724,0,1653.0,6672.4,0.0,-5019.4
4374,6300,63117,0,630.0,6311.7,0.0,-5681.7
4375,12250,65976,0,1225.0,6597.6,0.0,-5372.6
4376,14850,65096,0,1485.0,6509.6,0.0,-5024.6
4377,12750,64833,0,1275.0,6483.3,0.0,-5208.3
4378,8610,65017,0,861.0,6501.7,0.0,-5640.7
4379,8200,63633,0,820.0,6363.3,0.0,-5543.3
4380,10810,63414,0,1081.0,6341.4,0.0,-5260.4
4381,5950,63187,0,595.0,6318.7,0.0,-5723.7
4382,9460,64595,0,946.0,6459.5,0.0,-5513.5
4383,14310,66006,0,1431.0,6600.6,0.0,-5169.6
4384,15960,66272,0,1596.0,6627.2,0.0,-5031.2
4385,11760,65435,0,1176.0,6543.5,0.0,-5367.5
4386,3000,62001,0,300.0,6200.1,0.0,-5900.1
4387,12250,65238,0,1225.0,6523.8,0.0,-5298.8
4388,13260,66297,0,1326.0,6629.7,0.0,-5303.7
4389,8200,63836,0,820.0,6383.6,0.0,-5563.6
4390,9900,64132,0,990.0,6413.2,0.0,-5423.2
4391,9030,64614,0,903.0,6461.4,0.0,-5558.4
4392,14310,67875,0,1431.0,6787.5,0.0,-5356.5
4393,7410,63145,0,741.0,6314.5,0.0,-5573.5
4394,12250,64104,0,1225.0,6410.4,0.0,-5185.4
4395,7030,62930,0,703.0,6293.0,0.0,-5590.0
4396,8610,65093,0,861.0,6509.3,0.0,-5648.3
4397,10350,65222,0,1035.0,6522.2,0.0,-5487.2
4398,10810,64304,0,1081.0,6430.4,0.0,-5349.4
4399,7800,63413,0,780.0,6341.3,0.0,-5561.3
4400,9460,65436,0,946.0,6543.6,0.0,-5597.6
4401,14850,65700,0,1485.0,6570.0,0.0,-5085.0
4402,13780,65659,0,1378.0,6565.9,0.0,-5187.9
4403,13780,64884,0,1378.0,6488.4,0.0,-5110.4
4404,5950,63578,0,595.0,6357.8,0.0,-5762.8
4405,9460,63919,0,946.0,6391.9,0.0,-5445.9
4406,10350,65255,0,1035.0,6525.5,0.0,-5490.5
4407,9900,64841,0,990.0,6484.1,0.0,-5494.1
4408,23460,68859,0,2346.0,6885.9,0.0,-4539.9
4409,4350,61969,0,435.0,6196.9,0.0,-5761.9
4410,17110,66972,0,1711.0,6697.2,0.0,-4986.2
4411,8200,63695,0,820.0,6369.5,0.0,-5549.5
4412,15400,65181,0,1540.0,6518.1,0.0,-4978.1
4413,12250,63846,0,1225.0,6384.6,0.0,-5159.6
4414,34860,66775,0,3486.0,6677.5,0.0,-3191.5
4415,13780,66390,0,1378.0,6639.0,0.0,-5261.0
4416,9460,64582,0,946.0,6458.2,0.0,-5512.2
4417,7410,64152,0,741.0,6415.2,0.0,-5674.2
4418,13260,65596,0,1326.0,6559.6,0.0,-5233.6
4419,5280,62926,0,528.0,6292.6,0.0,-5764.6
4420,7410,63466,0,741.0,6346.6,0.0,-5605.6
4421,14850,66608,0,1485.0,6660.8,0.0,-5175.8
4422,5950,61757,0,595.0,6175.7,0.0,-5580.7
4423,8200,64556,0,820.0,6455.6,0.0,-5635.6
4424,10350,65323,0,1035.0,6532.3,0.0,-5497.3
4425,15400,63056,0,1540.0,6305.6,0.0,-4765.6
4426,10810,64693,0,1081.0,6469.3,0.0,-5388.3
4427,10350,63830,0,1035.0,6383.0,0.0,-5348.0
4428,7030,63861,0,703.0,6386.1,0.0,-5683.1
4429,8610,63820,0,861.0,6382.0,0.0,-5521.0
4430,10350,65799,0,1035.0,6579.9,0.0,-5544.9
4431,5610,62426,0,561.0,6242.6,0.0,-5681.6
4432,10350,63659,0,1035.0,6365.9,0.0,-5330.9
4433,10350,63582,0,1035.0,6358.2,0.0,-5323.2
4434,11760,65176,0,1176.0,6517.6,0.0,-5341.6
4435,11280,65929,0,1128.0,6592.9,0.0,-5464.9
4436,7410,63436,0,741.0,6343.6,0.0,-5602.6
4437,16530,66131,0,1653.0,6613.1,0.0,-4960.1
4438,9460,63809,0,946.0,6380.9,0.0,-5434.9
4439,19530,66352,0,1953.0,6635.2,0.0,-4682.2
4440,21450,66912,0,2145.0,6691.2,0.0,-4546.2
4441,11280,64337,0,1128.0,6433.7,0.0,-5305.7
4442,10810,65631,0,1081.0,6563.1,0.0,-5482.1
4443,9900,63696,0,990.0,6369.6,0.0,-5379.6
4444,12750,64968,0,1275.0,6496.8,0.0,-5221.8
4445,19530,66912,0,1953.0,6691.2,0.0,-4738.2
4446,14310,65590,0,1431.0,6559.0,0.0,-5128.0
4447,4960,61748,0,496.0,6174.8,0.0,-5678.8
4448,11760,63647,0,1176.0,6364.7,0.0,-5188.7
4449,11760,65293,0,1176.0,6529.3,0.0,-5353.3
4450,5280,62577,0,528.0,6257.7,0.0,-5729.7
4451,12750,66293,0,1275.0,6629.3,0.0,-5354.3
4452,9030,64190,0,903.0,6419.0,0.0,-5516.0
4453,9460,64482,0,946.0,6448.2,0.0,-5502.2
4454,10810,64848,0,1081.0,6484.8,0.0,-5403.8
4455,12250,65562,0,1225.0,6556.2,0.0,-5331.2
4456,18300,66955,0,1830.0,6695.5,0.0,-4865.5
4457,13260,64544,0,1326.0,6454.4,0.0,-5128.4
4458,9460,65206,0,946.0,6520.6,0.0,-5574.6
4459,14850,66166,0,1485.0,6616.6,0.0,-5131.6
4460,19530,67373,0,1953.0,6737.3,0.0,-4784.3
4461,13780,66080,0,1378.0,6608.0,0.0,-5230.0
4462,8610,64316,0,861.0,6431.6,0.0,-5570.6
4463,8200,64725,0,820.0,6472.5,0.0,-5652.5
4464,14310,67653,0,1431.0,6765.3,0.0,-5334.3
4465,8200,63897,0,820.0,6389.7,0.0,-5569.7
4466,10810,64006,0,1081.0,6400.6,0.0,-5319.6
4467,11280,64770,0,1128.0,6477.0,0.0,-5349.0
4468,10350,63931,0,1035.0,6393.1,0.0,-5358.1
4469,9030,64207,0,903.0,6420.7,0.0,-5517.7
4470,8610,63759,0,861.0,6375.9,0.0,-5514.9
4471,7410,63094,0,741.0,6309.4,0.0,-5568.4
4472,7030,63383,0,703.0,6338.3,0.0,-5635.3
4473,4650,62067,0,465.0,6206.7,0.0,-5741.7
4474,8200,63992,0,820.0,6399.2,0.0,-5579.2
4475,9900,64883,0,990.0,6488.3,0.0,-5498.3
4476,10810,64659,0,1081.0,6465.9,0.0,-5384.9
4477,9460,64295,0,946.0,6429.5,0.0,-5483.5
4478,7410,63921,0,741.0,6392.1,0.0,-5651.1
4479,8610,64555,0,861.0,6455.5,0.0,-5594.5
4480,17700,66187,0,1770.0,6618.7,0.0,-4848.7
4481,10350,64261,0,1035.0,6426.1,0.0,-5391.1
4482,9900,64108,0,990.0,6410.8,0.0,-5420.8
4483,12250,65410,0,1225.0,6541.0,0.0,-5316.0
4484,15400,65325,0,1540.0,6532.5,0.0,-4992.5
4485,17110,65775,0,1711.0,6577.5,0.0,-4866.5
4486,4650,61786,0,465.0,6178.6,0.0,-5713.6
4487,14310,66498,0,1431.0,6649.8,0.0,-5218.8
4488,11760,65457,0,1176.0,6545.7,0.0,-5369.7
4489,10810,66080,0,1081.0,6608.0,0.0,-5527.0
4490,15960,66217,0,1596.0,6621.7,0.0,-5025.7
4491,20800,65428,0,2080.0,6542.8,0.0,-4462.8
4492,12750,64671,0,1275.0,6467.1,0.0,-5192.1
4493,10810,65699,0,1081.0,6569.9,0.0,-5488.9
4494,10810,65633,0,1081.0,6563.3,0.0,-5482.3
4495,13260,65212,0,1326.0,6521.2,0.0,-5195.2
4496,14310,64129,0,1431.0,6412.9,0.0,-4981.9
4497,9460,63848,0,946.0,6384.8,0.0,-5438.8
4498,10810,64183,0,1081.0,6418.3,0.0,-5337.3
4499,8610,62188,0,861.0,6218.8,0.0,-5357.8
4500,13780,63989,0,1378.0,6398.9,0.0,-5020.9
4501,9460,62709,0,946.0,6270.9,0.0,-5324.9
4502,10350,64920,0,1035.0,6492.0,0.0,-5457.0
4503,10810,64094,0,1081.0,6409.4,0.0,-5328.4
4504,7410,62581,0,741.0,6258.1,0.0,-5517.1
4505,9900,64605,0,990.0,6460.5,0.0,-5470.5
4506,8610,64144,0,861.0,6414.4,0.0,-5553.4
4507,4350,61845,0,435.0,6184.5,0.0,-5749.5
4508,8200,64158,0,820.0,6415.8,0.0,-5595.8
4509,15960,66726,0,1596.0,6672.6,0.0,-5076.6
4510,7410,63439,0,741.0,6343.9,0.0,-5602.9
4511,15960,65155,0,1596.0,6515.5,0.0,-4919.5
4512,6300,63299,0,630.0,6329.9,0.0,-5699.9
4513,17110,65203,0,1711.0,6520.3,0.0,-4809.3
4514,7410,63307,0,741.0,6330.7,0.0,-5589.7
4515,20800,67568,0,2080.0,6756.8,0.0,-4676.8
4516,10810,63022,0,1081.0,6302.2,0.0,-5221.2
4517,7800,63704,0,780.0,6370.4,0.0,-5590.4
4518,9030,64699,0,903.0,6469.9,0.0,-5566.9
4519,12250,65252,0,1225.0,6525.2,0.0,-5300.2
4520,8610,63793,0,861.0,6379.3,0.0,-5518.3
4521,19530,67127,0,1953.0,6712.7,0.0,-4759.7
4522,5950,62938,0,595.0,6293.8,0.0,-5698.8
4523,18300,65204,0,1830.0,6520.4,0.0,-4690.4
4524,22110,66484,0,2211.0,6648.4,0.0,-4437.4
4525,7410,64357,0,741.0,6435.7,0.0,-5694.7
4526,7410,74311,0,741.0,7431.1,0.0,-6690.1
4527,23460,68138,0,2346.0,6813.8,0.0,-4467.8
4528,18910,67440,0,1891.0,6744.0,0.0,-4853.0
4529,9030,65210,0,903.0,6521.0,0.0,-5618.0
4530,11760,63837,0,1176.0,6383.7,0.0,-5207.7
4531,14310,66532,0,1431.0,6653.2,0.0,-5222.2
4532,12750,65597,0,1275.0,6559.7,0.0,-5284.7
4533,13260,66029,0,1326.0,6602.9,0.0,-5276.9
4534,11280,64342,0,1128.0,6434.2,0.0,-5306.2
4535,9900,64259,0,990.0,6425.9,0.0,-5435.9
4536,17110,65363,0,1711.0,6536.3,0.0,-4825.3
4537,10350,68016,0,1035.0,6801.6,0.0,-5766.6
4538,14310,65025,0,1431.0,6502.5,0.0,-5071.5
4539,10810,65183,0,1081.0,6518.3,0.0,-5437.3
4540,7030,63229,0,703.0,6322.9,0.0,-5619.9
4541,11760,64412,0,1176.0,6441.2,0.0,-5265.2
4542,9460,64669,0,946.0,6466.9,0.0,-5520.9
4543,12750,64800,0,1275.0,6480.0,0.0,-5205.0
4544,6300,63202,0,630.0,6320.2,0.0,-5690.2
4545,9900,64274,0,990.0,6427.4,0.0,-5437.4
4546,10810,64062,0,1081.0,6406.2,0.0,-5325.2
4547,7800,63711,0,780.0,6371.1,0.0,-5591.1
4548,10350,64202,0,1035.0,6420.2,0.0,-5385.2
4549,15960,66085,0,1596.0,6608.5,0.0,-5012.5
4550,9900,64117,0,990.0,6411.7,0.0,-5421.7
4551,10350,64224,0,1035.0,6422.4,0.0,-5387.4
4552,7800,62238,0,780.0,6223.8,0.0,-5443.8
4553,8610,62918,0,861.0,6291.8,0.0,-5430.8
4554,16530,65902,0,1653.0,6590.2,0.0,-4937.2
4555,14310,65490,0,1431.0,6549.0,0.0,-5118.0
4556,16530,65343,0,1653.0,6534.3,0.0,-4881.3
4557,10350,64421,0,1035.0,6442.1,0.0,-5407.1
4558,6660,64159,0,666.0,6415.9,0.0,-5749.9
4559,10350,63063,0,1035.0,6306.3,0.0,-5271.3
4560,11280,64833,0,1128.0,6483.3,0.0,-5355.3
4561,13780,66344,0,1378.0,6634.4,0.0,-5256.4
4562,8610,64143,0,861.0,6414.3,0.0,-5553.3
4563,24150,66546,0,2415.0,6654.6,0.0,-4239.6
4564,8610,64196,0,861.0,6419.6,0.0,-5558.6
4565,9030,63217,0,903.0,6321.7,0.0,-5418.7
4566,14310,65354,0,1431.0,6535.4,0.0,-5104.4
4567,15960,66112,0,1596.0,6611.2,0.0,-5015.2
4568,8610,63893,0,861.0,6389.3,0.0,-5528.3
4569,14850,65275,0,1485.0,6527.5,0.0,-5042.5
4570,13260,65851,0,1326.0,6585.1,0.0,-5259.1
4571,10350,63533,0,1035.0,6353.3,0.0,-5318.3
4572,15960,65536,0,1596.0,6553.6,0.0,-4957.6
4573,12250,64115,0,1225.0,6411.5,0.0,-5186.5
4574,11280,62965,0,1128.0,6296.5,0.0,-5168.5
4575,10810,64660,0,1081.0,6466.0,0.0,-5385.0
4576,9460,63955,0,946.0,6395.5,0.0,-5449.5
4577,4650,62249,0,465.0,6224.9,0.0,-5759.9
4578,7030,63246,0,703.0,6324.6,0.0,-5621.6
4579,13780,65757,0,1378.0,6575.7,0.0,-5197.7
4580,18300,66842,0,1830.0,6684.2,0.0,-4854.2
4581,15960,65153,0,1596.0,6515.3,0.0,-4919.3
4582,9030,64294,0,903.0,6429.4,0.0,-5526.4
4583,4960,62421,0,496.0,6242.1,0.0,-5746.1
4584,9900,63719,0,990.0,6371.9,0.0,-5381.9
4585,11280,65821,0,1128.0,6582.1,0.0,-5454.1
4586,12250,64310,0,1225.0,6431.0,0.0,-5206.0
4587,5280,62047,0,528.0,6204.7,0.0,-5676.7
4588,15400,66552,0,1540.0,6655.2,0.0,-5115.2
4589,13780,64904,0,1378.0,6490.4,0.0,-5112.4
4590,14310,66222,0,1431.0,6622.2,0.0,-5191.2
4591,16530,70151,0,1653.0,7015.1,0.0,-5362.1
4592,8200,63455,0,820.0,6345.5,0.0,-5525.5
4593,10350,64014,0,1035.0,6401.4,0.0,-5366.4
4594,9030,64078,0,903.0,6407.8,0.0,-5504.8
4595,25560,68770,0,2556.0,6877.0,0.0,-4321.0
4596,20160,66500,0,2016.0,6650.0,0.0,-4634.0
4597,18300,66598,0,1830.0,6659.8,0.0,-4829.8
4598,9030,63628,0,903.0,6362.8,0.0,-5459.8
4599,14850,64453,0,1485.0,6445.3,0.0,-4960.3
4600,11760,65449,0,1176.0,6544.9,0.0,-5368.9
4601,8200,64082,0,820.0,6408.2,0.0,-5588.2
4602,14310,65202,0,1431.0,6520.2,0.0,-5089.2
4603,20160,67925,0,2016.0,6792.5,0.0,-4776.5
4604,11280,64397,0,1128.0,6439.7,0.0,-5311.7
4605,7030,64163,0,703.0,6416.3,0.0,-5713.3
4606,10350,64711,0,1035.0,6471.1,0.0,-5436.1
4607,15960,65431,0,1596.0,6543.1,0.0,-4947.1
4608,7410,63631,0,741.0,6363.1,0.0,-5622.1
4609,7030,63189,0,703.0,6318.9,0.0,-5615.9
4610,6660,63586,0,666.0,6358.6,0.0,-5692.6
4611,10350,63995,0,1035.0,6399.5,0.0,-5364.5
4612,17700,66538,0,1770.0,6653.8,0.0,-4883.8
4613,12750,65906,0,1275.0,6590.6,0.0,-5315.6
4614,18300,66624,0,1830.0,6662.4,0.0,-4832.4
4615,4060,60690,0,406.0,6069.0,0.0,-5663.0
4616,6660,62964,0,666.0,6296.4,0.0,-5630.4
4617,13260,65614,0,1326.0,6561.4,0.0,-5235.4
4618,5280,63718,0,528.0,6371.8,0.0,-5843.8
4619,11280,65922,0,1128.0,6592.2,0.0,-5464.2
4620,14310,64685,0,1431.0,6468.5,0.0,-5037.5
4621,8200,70552,0,820.0,7055.2,0.0,-6235.2
4622,12250,64246,0,1225.0,6424.6,0.0,-5199.6
4623,9030,64905,0,903.0,6490.5,0.0,-5587.5
4624,6660,63604,0,666.0,6360.4,0.0,-5694.4
4625,9030,63789,0,903.0,6378.9,0.0,-5475.9
4626,17700,67176,0,1770.0,6717.6,0.0,-4947.6
4627,12250,64489,0,1225.0,6448.9,0.0,-5223.9
4628,10350,65492,0,1035.0,6549.2,0.0,-5514.2
4629,6300,62732,0,630.0,6273.2,0.0,-5643.2
4630,6300,63176,0,630.0,6317.6,0.0,-5687.6
4631,8610,62598,0,861.0,6259.8,0.0,-5398.8
4632,11760,64409,0,1176.0,6440.9,0.0,-5264.9
4633,10810,65431,0,1081.0,6543.1,0.0,-5462.1
4634,11280,65200,0,1128.0,6520.0,0.0,-5392.0
4635,8200,64541,0,820.0,6454.1,0.0,-5634.1
4636,11760,65549,0,1176.0,6554.9,0.0,-5378.9
4637,12750,65460,0,1275.0,6546.0,0.0,-5271.0
4638,13260,66407,0,1326.0,6640.7,0.0,-5314.7
4639,8610,64546,0,861.0,6454.6,0.0,-5593.6
4640,8610,63432,0,861.0,6343.2,0.0,-5482.2
4641,9030,63304,0,903.0,6330.4,0.0,-5427.4
4642,12750,65621,0,1275.0,6562.1,0.0,-5287.1
4643,6660,63096,0,666.0,6309.6,0.0,-5643.6
4644,15960,96539,0,1596.0,9653.9,0.0,-8057.9
4645,24150,67634,0,2415.0,6763.4,0.0,-4348.4
4646,12750,64752,0,1275.0,6475.2,0.0,-5200.2
4647,13780,65857,0,1378.0,6585.7,0.0,-5207.7
4648,11760,64672,0,1176.0,6467.2,0.0,-5291.2
4649,8610,63839,0,861.0,6383.9,0.0,-5522.9
4650,13260,66440,0,1326.0,6644.0,0.0,-5318.0
4651,15400,66063,0,1540.0,6606.3,0.0,-5066.3
4652,7030,63344,0,703.0,6334.4,0.0,-5631.4
4653,7800,63860,0,780.0,6386.0,0.0,-5606.0
4654,14850,65755,0,1485.0,6575.5,0.0,-5090.5
4655,17110,66171,0,1711.0,6617.1,0.0,-4906.1
4656,19530,67515,0,1953.0,6751.5,0.0,-4798.5
4657,13780,66031,0,1378.0,6603.1,0.0,-5225.1
4658,10350,63354,0,1035.0,6335.4,0.0,-5300.4
4659,7030,64319,0,703.0,6431.9,0.0,-5728.9
4660,12250,65077,0,1225.0,6507.7,0.0,-5282.7
4661,9030,64600,0,903.0,6460.0,0.0,-5557.0
4662,7410,62934,0,741.0,6293.4,0.0,-5552.4
4663,9900,63620,0,990.0,6362.0,0.0,-5372.0
4664,11280,64087,0,1128.0,6408.7,0.0,-5280.7
4665,13780,66824,0,1378.0,6682.4,0.0,-5304.4
4666,7410,63165,0,741.0,6316.5,0.0,-5575.5
4667,8610,64193,0,861.0,6419.3,0.0,-5558.3
4668,5610,63827,0,561.0,6382.7,0.0,-5821.7
4669,6660,63820,0,666.0,6382.0,0.0,-5716.0
4670,9900,64900,0,990.0,6490.0,0.0,-5500.0
4671,12250,65967,0,1225.0,6596.7,0.0,-5371.7
4672,12750,65919,0,1275.0,6591.9,0.0,-5316.9
4673,18300,64407,0,1830.0,6440.7,0.0,-4610.7
4674,12750,64515,0,1275.0,6451.5,0.0,-5176.5
4675,9460,64332,0,946.0,6433.2,0.0,-5487.2
4676,4960,62735,0,496.0,6273.5,0.0,-5777.5
4677,7030,64134,0,703.0,6413.4,0.0,-5710.4
4678,19530,68153,0,1953.0,6815.3,0.0,-4862.3
4679,14850,65831,0,1485.0,6583.1,0.0,-5098.1
4680,18300,65565,0,1830.0,6556.5,0.0,-4726.5
4681,11760,64554,0,1176.0,6455.4,0.0,-5279.4
4682,10350,63842,0,1035.0,6384.2,0.0,-5349.2
4683,12750,64646,0,1275.0,6464.6,0.0,-5189.6
4684,51510,71931,0,5151.0,7193.1,0.0,-2042.1
4685,8200,63371,0,820.0,6337.1,0.0,-5517.1
4686,11280,64732,0,1128.0,6473.2,0.0,-5345.2
4687,13260,66228,0,1326.0,6622.8,0.0,-5296.8
4688,12250,66009,0,1225.0,6600.9,0.0,-5375.9
4689,6300,62937,0,630.0,6293.7,0.0,-5663.7
4690,7800,63751,0,780.0,6375.1,0.0,-5595.1
4691,8200,63938,0,820.0,6393.8,0.0,-5573.8
4692,17110,65712,0,1711.0,6571.2,0.0,-4860.2
4693,10810,63831,0,1081.0,6383.1,0.0,-5302.1
4694,9030,64825,0,903.0,6482.5,0.0,-5579.5
4695,8200,64119,0,820.0,6411.9,0.0,-5591.9
4696,10810,64551,0,1081.0,6455.1,0.0,-5374.1
4697,22110,67064,0,2211.0,6706.4,0.0,-4495.4
4698,14850,65472,0,1485.0,6547.2,0.0,-5062.2
4699,12250,64917,0,1225.0,6491.7,0.0,-5266.7
4700,13780,66591,0,1378.0,6659.1,0.0,-5281.1
4701,12250,65769,0,1225.0,6576.9,0.0,-5351.9
4702,10350,65989,0,1035.0,6598.9,0.0,-5563.9
4703,9460,63598,0,946.0,6359.8,0.0,-5413.8
4704,9900,63948,0,990.0,6394.8,0.0,-5404.8
4705,9030,65609,0,903.0,6560.9,0.0,-5657.9
4706,10350,64896,0,1035.0,6489.6,0.0,-5454.6
4707,5610,63176,0,561.0,6317.6,0.0,-5756.6
4708,11760,63662,0,1176.0,6366.2,0.0,-5190.2
4709,14850,85003,0,1485.0,8500.3,0.0,-7015.3
4710,12250,66009,0,1225.0,6600.9,0.0,-5375.9
4711,5610,62108,0,561.0,6210.8,0.0,-5649.8
4712,5610,63133,0,561.0,6313.3,0.0,-5752.3
4713,13780,70525,0,1378.0,7052.5,0.0,-5674.5
4714,9900,64486,0,990.0,6448.6,0.0,-5458.6
4715,16530,67877,0,1653.0,6787.7,0.0,-5134.7
4716,7800,64013,0,780.0,6401.3,0.0,-5621.3
4717,20160,67171,0,2016.0,6717.1,0.0,-4701.1
4718,9900,64817,0,990.0,6481.7,0.0,-5491.7
4719,19530,67232,0,1953.0,6723.2,0.0,-4770.2
4720,7030,63885,0,703.0,6388.5,0.0,-5685.5
4721,11760,64707,0,1176.0,6470.7,0.0,-5294.7
4722,10810,64937,0,1081.0,6493.7,0.0,-5412.7
4723,9900,63383,0,990.0,6338.3,0.0,-5348.3
4724,8610,63837,0,861.0,6383.7,0.0,-5522.7
4725,7030,63205,0,703.0,6320.5,0.0,-5617.5
4726,13780,65989,0,1378.0,6598.9,0.0,-5220.9
4727,13780,64955,0,1378.0,6495.5,0.0,-5117.5
4728,8200,64536,0,820.0,6453.6,0.0,-5633.6
4729,9900,65017,0,990.0,6501.7,0.0,-5511.7
4730,7410,62570,0,741.0,6257.0,0.0,-5516.0
4731,10350,65112,0,1035.0,6511.2,0.0,-5476.2
4732,22110,68704,0,2211.0,6870.4,0.0,-4659.4
4733,9900,64356,0,990.0,6435.6,0.0,-5445.6
4734,9900,63726,0,990.0,6372.6,0.0,-5382.6
4735,11760,65251,0,1176.0,6525.1,0.0,-5349.1
4736,7410,63829,0,741.0,6382.9,0.0,-5641.9
4737,12250,65032,0,1225.0,6503.2,0.0,-5278.2
4738,11280,64585,0,1128.0,6458.5,0.0,-5330.5
4739,12750,64982,0,1275.0,6498.2,0.0,-5223.2
4740,15960,64841,0,1596.0,6484.1,0.0,-4888.1
4741,4960,61603,0,496.0,6160.3,0.0,-5664.3
4742,9460,64659,0,946.0,6465.9,0.0,-5519.9
4743,11280,65157,0,1128.0,6515.7,0.0,-5387.7
4744,22110,67358,0,2211.0,6735.8,0.0,-4524.8
4745,12750,65905,0,1275.0,6590.5,0.0,-5315.5
4746,7410,64064,0,741.0,6406.4,0.0,-5665.4
4747,9900,64518,0,990.0,6451.8,0.0,-5461.8
4748,19530,66849,0,1953.0,6684.9,0.0,-4731.9
4749,5280,62276,0,528.0,6227.6,0.0,-5699.6
4750,5950,62957,0,595.0,6295.7,0.0,-5700.7
4751,10350,65069,0,1035.0,6506.9,0.0,-5471.9
4752,9900,65411,0,990.0,6541.1,0.0,-5551.1
4753,10810,64229,0,1081.0,6422.9,0.0,-5341.9
4754,12250,66195,0,1225.0,6619.5,0.0,-5394.5
4755,11760,64799,0,1176.0,6479.9,0.0,-5303.9
4756,14850,67936,0,1485.0,6793.6,0.0,-5308.6
4757,15960,66268,0,1596.0,6626.8,0.0,-5030.8
4758,10350,64070,0,1035.0,6407.0,0.0,-5372.0
4759,8610,63655,0,861.0,6365.5,0.0,-5504.5
4760,3510,60760,0,351.0,6076.0,0.0,-5725.0
4761,14310,64735,0,1431.0,6473.5,0.0,-5042.5
4762,12250,65710,0,1225.0,6571.0,0.0,-5346.0
4763,9900,64633,0,990.0,6463.3,0.0,-5473.3
4764,9030,63834,0,903.0,6383.4,0.0,-5480.4
4765,9030,64627,0,903.0,6462.7,0.0,-5559.7
4766,9900,64956,0,990.0,6495.6,0.0,-5505.6
4767,16530,66025,0,1653.0,6602.5,0.0,-4949.5
4768,15960,66190,0,1596.0,6619.0,0.0,-5023.0
4769,12750,65874,0,1275.0,6587.4,0.0,-5312.4
4770,9460,63588,0,946.0,6358.8,0.0,-5412.8
4771,5610,62086,0,561.0,6208.6,0.0,-5647.6
4772,6300,63295,0,630.0,6329.5,0.0,-5699.5
4773,11280,65499,0,1128.0,6549.9,0.0,-5421.9
4774,13780,65333,0,1378.0,6533.3,0.0,-5155.3
4775,5610,62790,0,561.0,6279.0,0.0,-5718.0
4776,12750,65810,0,1275.0,6581.0,0.0,-5306.0
4777,5950,62249,0,595.0,6224.9,0.0,-5629.9
4778,12750,64772,0,1275.0,6477.2,0.0,-5202.2
4779,13780,65569,0,1378.0,6556.9,0.0,-5178.9
4780,12250,65449,0,1225.0,6544.9,0.0,-5319.9
4781,5610,63155,0,561.0,6315.5,0.0,-5754.5
4782,6300,62748,0,630.0,6274.8,0.0,-5644.8
4783,6300,62422,0,630.0,6242.2,0.0,-5612.2
4784,11280,63265,0,1128.0,6326.5,0.0,-5198.5
4785,13780,64850,0,1378.0,6485.0,0.0,-5107.0
4786,19530,68740,0,1953.0,6874.0,0.0,-4921.0
4787,9900,65289,0,990.0,6528.9,0.0,-5538.9
4788,6300,62675,0,630.0,6267.5,0.0,-5637.5
4789,6660,63703,0,666.0,6370.3,0.0,-5704.3
4790,13260,64611,0,1326.0,6461.1,0.0,-5135.1
4791,8610,65414,0,861.0,6541.4,0.0,-5680.4
4792,10810,64107,0,1081.0,6410.7,0.0,-5329.7
4793,10810,64627,0,1081.0,6462.7,0.0,-5381.7
4794,9460,65107,0,946.0,6510.7,0.0,-5564.7
4795,5950,63936,0,595.0,6393.6,0.0,-5798.6
4796,11280,64455,0,1128.0,6445.5,0.0,-5317.5
4797,6300,62459,0,630.0,6245.9,0.0,-5615.9
4798,7410,63894,0,741.0,6389.4,0.0,-5648.4
4799,17700,66763,0,1770.0,6676.3,0.0,-4906.3
4800,6660,63984,0,666.0,6398.4,0.0,-5732.4
4801,11280,65215,0,1128.0,6521.5,0.0,-5393.5
4802,9460,64577,0,946.0,6457.7,0.0,-5511.7
4803,10810,65897,0,1081.0,6589.7,0.0,-5508.7
4804,4350,62449,0,435.0,6244.9,0.0,-5809.9
4805,14310,65209,0,1431.0,6520.9,0.0,-5089.9
4806,9460,64594,0,946.0,6459.4,0.0,-5513.4
4807,7800,63055,0,780.0,6305.5,0.0,-5525.5
4808,8610,63726,0,861.0,6372.6,0.0,-5511.6
4809,12750,64897,0,1275.0,6489.7,0.0,-5214.7
4810,7030,64175,0,703.0,6417.5,0.0,-5714.5
4811,8610,64509,0,861.0,6450.9,0.0,-5589.9
4812,17700,65749,0,1770.0,6574.9,0.0,-4804.9
4813,15400,65899,0,1540.0,6589.9,0.0,-5049.9
4814,7030,63331,0,703.0,6333.1,0.0,-5630.1
4815,7030,62512,0,703.0,6251.2,0.0,-5548.2
4816,7800,64130,0,780.0,6413.0,0.0,-5633.0
4817,17700,67585,0,1770.0,6758.5,0.0,-4988.5
4818,9460,63835,0,946.0,6383.5,0.0,-5437.5
4819,12750,65980,0,1275.0,6598.0,0.0,-5323.0
4820,15400,66146,0,1540.0,6614.6,0.0,-5074.6
4821,5610,62892,0,561.0,6289.2,0.0,-5728.2
4822,9900,65430,0,990.0,6543.0,0.0,-5553.0
4823,20800,66740,0,2080.0,6674.0,0.0,-4594.0
4824,19530,75581,0,1953.0,7558.1,0.0,-5605.1
4825,7800,62732,0,780.0,6273.2,0.0,-5493.2
4826,11280,66299,0,1128.0,6629.9,0.0,-5501.9
4827,13780,66556,0,1378.0,6655.6,0.0,-5277.6
4828,5950,63064,0,595.0,6306.4,0.0,-5711.4
4829,11760,63657,0,1176.0,6365.7,0.0,-5189.7
4830,17700,66357,0,1770.0,6635.7,0.0,-4865.7
4831,10350,63368,0,1035.0,6336.8,0.0,-5301.8
4832,9030,63449,0,903.0,6344.9,0.0,-5441.9
4833,12250,65547,0,1225.0,6554.7,0.0,-5329.7
4834,9460,64674,0,946.0,6467.4,0.0,-5521.4
4835,5610,63392,0,561.0,6339.2,0.0,-5778.2
4836,9030,64166,0,903.0,6416.6,0.0,-5513.6
4837,10810,64431,0,1081.0,6443.1,0.0,-5362.1
4838,4060,60905,0,406.0,6090.5,0.0,-5684.5
4839,9460,63168,0,946.0,6316.8,0.0,-5370.8
4840,13780,65102,0,1378.0,6510.2,0.0,-5132.2
4841,4960,63349,0,496.0,6334.9,0.0,-5838.9
4842,14310,65576,0,1431.0,6557.6,0.0,-5126.6
4843,7030,63943,0,703.0,6394.3,0.0,-5691.3
4844,11280,63596,0,1128.0,6359.6,0.0,-5231.6
4845,5280,62816,0,528.0,6281.6,0.0,-5753.6
4846,6660,62047,0,666.0,6204.7,0.0,-5538.7
4847,11280,64797,0,1128.0,6479.7,0.0,-5351.7
4848,6660,63160,0,666.0,6316.0,0.0,-5650.0
4849,9460,64355,0,946.0,6435.5,0.0,-5489.5
4850,4960,61618,0,496.0,6161.8,0.0,-5665.8
4851,12750,65721,0,1275.0,6572.1,0.0,-5297.1
4852,9460,65075,0,946.0,6507.5,0.0,-5561.5
4853,25560,67461,0,2556.0,6746.1,0.0,-4190.1
4854,9030,62929,0,903.0,6292.9,0.0,-5389.9
4855,11760,64817,0,1176.0,6481.7,0.0,-5305.7
4856,27010,68227,0,2701.0,6822.7,0.0,-4121.7
4857,11760,69034,0,1176.0,6903.4,0.0,-5727.4
4858,5950,62326,0,595.0,6232.6,0.0,-5637.6
4859,9030,64349,0,903.0,6434.9,0.0,-5531.9
4860,5610,63058,0,561.0,6305.8,0.0,-5744.8
4861,13780,65002,0,1378.0,6500.2,0.0,-5122.2
4862,17700,66231,0,1770.0,6623.1,0.0,-4853.1
4863,9900,106045,0,990.0,10604.5,0.0,-9614.5
4864,15960,66056,0,1596.0,6605.6,0.0,-5009.6
4865,23460,67506,0,2346.0,6750.6,0.0,-4404.6
4866,1200,56661,0,120.0,5666.1,0.0,-5546.1
4867,14310,66518,0,1431.0,6651.8,0.0,-5220.8
4868,9460,62911,0,946.0,6291.1,0.0,-5345.1
4869,10350,65425,0,1035.0,6542.5,0.0,-5507.5
4870,7030,63008,0,703.0,6300.8,0.0,-5597.8
4871,9460,64872,0,946.0,6487.2,0.0,-5541.2
4872,10810,63368,0,1081.0,6336.8,0.0,-5255.8
4873,21450,68178,0,2145.0,6817.8,0.0,-4672.8
4874,7800,62904,0,780.0,6290.4,0.0,-5510.4
4875,17110,67073,0,1711.0,6707.3,0.0,-4996.3
4876,17110,65502,0,1711.0,6550.2,0.0,-4839.2
4877,14310,65348,0,1431.0,6534.8,0.0,-5103.8
4878,18300,66085,0,1830.0,6608.5,0.0,-4778.5
4879,15960,63827,0,1596.0,6382.7,0.0,-4786.7
4880,9030,64063,0,903.0,6406.3,0.0,-5503.3
4881,8200,63573,0,820.0,6357.3,0.0,-5537.3
4882,10350,65458,0,1035.0,6545.8,0.0,-5510.8
4883,12250,65030,0,1225.0,6503.0,0.0,-5278.0
4884,11280,63222,0,1128.0,6322.2,0.0,-5194.2
4885,8200,63900,0,820.0,6390.0,0.0,-5570.0
4886,4960,62641,0,496.0,6264.1,0.0,-5768.1
4887,6660,63623,0,666.0,6362.3,0.0,-5696.3
4888,15400,66412,0,1540.0,6641.2,0.0,-5101.2
4889,10350,64204,0,1035.0,6420.4,0.0,-5385.4
4890,13260,66210,0,1326.0,6621.0,0.0,-5295.0
4891,5280,62617,0,528.0,6261.7,0.0,-5733.7
4892,10350,65767,0,1035.0,6576.7,0.0,-5541.7
4893,8610,64332,0,861.0,6433.2,0.0,-5572.2
4894,9900,65270,0,990.0,6527.0,0.0,-5537.0
4895,4650,60787,0,465.0,6078.7,0.0,-5613.7
4896,18300,65867,0,1830.0,6586.7,0.0,-4756.7
4897,18300,67644,0,1830.0,6764.4,0.0,-4934.4
4898,1530,57758,0,153.0,5775.8,0.0,-5622.8
4899,10350,63091,0,1035.0,6309.1,0.0,-5274.1
4900,11280,64674,0,1128.0,6467.4,0.0,-5339.4
4901,8200,63449,0,820.0,6344.9,0.0,-5524.9
4902,10810,65974,0,1081.0,6597.4,0.0,-5516.4
4903,8610,64746,0,861.0,6474.6,0.0,-5613.6
4904,9030,64091,0,903.0,6409.1,0.0,-5506.1
4905,34860,68669,0,3486.0,6866.9,0.0,-3380.9
4906,12250,65827,0,1225.0,6582.7,0.0,-5357.7
4907,14850,65820,0,1485.0,6582.0,0.0,-5097.0
4908,5280,61987,0,528.0,6198.7,0.0,-5670.7
4909,5950,63543,0,595.0,6354.3,0.0,-5759.3
4910,7800,64024,0,780.0,6402.4,0.0,-5622.4
4911,9460,64700,0,946.0,6470.0,0.0,-5524.0
4912,20800,66772,0,2080.0,6677.2,0.0,-4597.2
4913,17700,65839,0,1770.0,6583.9,0.0,-4813.9
4914,21450,66880,0,2145.0,6688.0,0.0,-4543.0
4915,9030,64073,0,903.0,6407.3,0.0,-5504.3
4916,10350,65141,0,1035.0,6514.1,0.0,-5479.1
4917,7410,63140,0,741.0,6314.0,0.0,-5573.0
4918,12750,65857,0,1275.0,6585.7,0.0,-5310.7
4919,10350,65019,0,1035.0,6501.9,0.0,-5466.9
4920,9030,64538,0,903.0,6453.8,0.0,-5550.8
4921,5610,63105,0,561.0,6310.5,0.0,-5749.5
4922,11280,61880,0,1128.0,6188.0,0.0,-5060.0
4923,10810,64659,0,1081.0,6465.9,0.0,-5384.9
4924,12250,64435,0,1225.0,6443.5,0.0,-5218.5
4925,7030,62131,0,703.0,6213.1,0.0,-5510.1
4926,16530,65135,0,1653.0,6513.5,0.0,-4860.5
4927,7800,63403,0,780.0,6340.3,0.0,-5560.3
4928,12750,65657,0,1275.0,6565.7,0.0,-5290.7
4929,9900,63809,0,990.0,6380.9,0.0,-5390.9
4930,9900,64288,0,990.0,6428.8,0.0,-5438.8
4931,13780,65595,0,1378.0,6559.5,0.0,-5181.5
4932,18300,66211,0,1830.0,6621.1,0.0,-4791.1
4933,14310,65665,0,1431.0,6566.5,0.0,-5135.5
4934,12750,65538,0,1275.0,6553.8,0.0,-5278.8
4935,13780,66478,0,1378.0,6647.8,0.0,-5269.8
4936,17110,66289,0,1711.0,6628.9,0.0,-4917.9
4937,17110,65654,0,1711.0,6565.4,0.0,-4854.4
4938,10350,64858,0,1035.0,6485.8,0.0,-5450.8
4939,11760,65473,0,1176.0,6547.3,0.0,-5371.3
4940,8610,63928,0,861.0,6392.8,0.0,-5531.8
4941,15400,66568,0,1540.0,6656.8,0.0,-5116.8
4942,17110,65507,0,1711.0,6550.7,0.0,-4839.7
4943,5950,62199,0,595.0,6219.9,0.0,-5624.9
4944,15960,67273,0,1596.0,6727.3,0.0,-5131.3
4945,9030,64215,0,903.0,6421.5,0.0,-5518.5
4946,11760,65506,0,1176.0,6550.6,0.0,-5374.6
4947,15960,65467,0,1596.0,6546.7,0.0,-4950.7
4948,7030,63021,0,703.0,6302.1,0.0,-5599.1
4949,9460,64587,0,946.0,6458.7,0.0,-5512.7
4950,10810,64476,0,1081.0,6447.6,0.0,-5366.6
4951,9030,64989,0,903.0,6498.9,0.0,-5595.9
4952,13260,65523,0,1326.0,6552.3,0.0,-5226.3
4953,11280,65040,0,1128.0,6504.0,0.0,-5376.0
4954,5950,62363,0,595.0,6236.3,0.0,-5641.3
4955,20800,66659,0,2080.0,6665.9,0.0,-4585.9
4956,7800,65099,0,780.0,6509.9,0.0,-5729.9
4957,6660,63623,0,666.0,6362.3,0.0,-5696.3
4958,9900,62862,0,990.0,6286.2,0.0,-5296.2
4959,10810,64254,0,1081.0,6425.4,0.0,-5344.4
4960,7410,63740,0,741.0,6374.0,0.0,-5633.0
4961,7800,64158,0,780.0,6415.8,0.0,-5635.8
4962,8610,64718,0,861.0,6471.8,0.0,-5610.8
4963,19530,68101,0,1953.0,6810.1,0.0,-4857.1
4964,12250,73820,0,1225.0,7382.0,0.0,-6157.0
4965,7800,64570,0,780.0,6457.0,0.0,-5677.0
4966,14310,66605,0,1431.0,6660.5,0.0,-5229.5
4967,8610,64050,0,861.0,6405.0,0.0,-5544.0
4968,18910,69020,0,1891.0,6902.0,0.0,-5011.0
4969,11280,64355,0,1128.0,6435.5,0.0,-5307.5
4970,14850,65365,0,1485.0,6536.5,0.0,-5051.5
4971,7800,62687,0,780.0,6268.7,0.0,-5488.7
4972,7800,64488,0,780.0,6448.8,0.0,-5668.8
4973,11760,64674,0,1176.0,6467.4,0.0,-5291.4
4974,12750,65295,0,1275.0,6529.5,0.0,-5254.5
4975,10350,64699,0,1035.0,6469.9,0.0,-5434.9
4976,9900,64385,0,990.0,6438.5,0.0,-5448.5
4977,14310,66111,0,1431.0,6611.1,0.0,-5180.1
4978,7030,63945,0,703.0,6394.5,0.0,-5691.5
4979,4060,62367,0,406.0,6236.7,0.0,-5830.7
4980,10810,65148,0,1081.0,6514.8,0.0,-5433.8
4981,17700,67322,0,1770.0,6732.2,0.0,-4962.2
4982,6660,62862,0,666.0,6286.2,0.0,-5620.2
4983,7800,64308,0,780.0,6430.8,0.0,-5650.8
4984,4350,61987,0,435.0,6198.7,0.0,-5763.7
4985,5950,62301,0,595.0,6230.1,0.0,-5635.1
4986,22110,67500,0,2211.0,6750.0,0.0,-4539.0
4987,12750,64366,0,1275.0,6436.6,0.0,-5161.6
4988,19530,67395,0,1953.0,6739.5,0.0,-4786.5
4989,7410,63401,0,741.0,6340.1,0.0,-5599.1
4990,9030,63868,0,903.0,6386.8,0.0,-5483.8
4991,20160,67871,0,2016.0,6787.1,0.0,-4771.1
4992,8610,63771,0,861.0,6377.1,0.0,-5516.1
4993,15960,65717,0,1596.0,6571.7,0.0,-4975.7
4994,5950,63205,0,595.0,6320.5,0.0,-5725.5
4995,10810,64997,0,1081.0,6499.7,0.0,-5418.7
4996,14310,64622,0,1431.0,6462.2,0.0,-5031.2
4997,9460,63829,0,946.0,6382.9,0.0,-5436.9
4998,17110,65928,0,1711.0,6592.8,0.0,-4881.8
4999,27750,67932,0,2775.0,6793.2,0.0,-4018.2
5000,10350,65524,0,1035.0,6552.4,0.0,-5517.4
5001,12750,66893,0,1275.0,6689.3,0.0,-5414.3
5002,9900,64748,0,990.0,6474.8,0.0,-5484.8
5003,11280,63367,0,1128.0,6336.7,0.0,-5208.7
5004,11760,64233,0,1176.0,6423.3,0.0,-5247.3
5005,10810,65420,0,1081.0,6542.0,0.0,-5461.0
5006,10810,65440,0,1081.0,6544.0,0.0,-5463.0
5007,10350,63626,0,1035.0,6362.6,0.0,-5327.6
5008,13260,65332,0,1326.0,6533.2,0.0,-5207.2
5009,11760,65568,0,1176.0,6556.8,0.0,-5380.8
5010,6660,62753,0,666.0,6275.3,0.0,-5609.3
5011,7410,64255,0,741.0,6425.5,0.0,-5684.5
5012,17110,65792,0,1711.0,6579.2,0.0,-4868.2
5013,16530,66526,0,1653.0,6652.6,0.0,-4999.6
5014,13260,66939,0,1326.0,6693.9,0.0,-5367.9
5015,10350,64666,0,1035.0,6466.6,0.0,-5431.6
5016,9460,64421,0,946.0,6442.1,0.0,-5496.1
5017,11760,65019,0,1176.0,6501.9,0.0,-5325.9
5018,9900,64442,0,990.0,6444.2,0.0,-5454.2
5019,6300,62063,0,630.0,6206.3,0.0,-5576.3
5020,9900,64016,0,990.0,6401.6,0.0,-5411.6
5021,11280,66013,0,1128.0,6601.3,0.0,-5473.3
5022,13260,65860,0,1326.0,6586.0,0.0,-5260.0
5023,33210,69652,0,3321.0,6965.2,0.0,-3644.2
5024,10350,66261,0,1035.0,6626.1,0.0,-5591.1
5025,3250,61236,0,325.0,6123.6,0.0,-5798.6
5026,10810,65291,0,1081.0,6529.1,0.0,-5448.1
5027,10810,64663,0,1081.0,6466.3,0.0,-5385.3
5028,12250,65759,0,1225.0,6575.9,0.0,-5350.9
5029,13780,65938,0,1378.0,6593.8,0.0,-5215.8
5030,9460,64790,0,946.0,6479.0,0.0,-5533.0
5031,9460,63860,0,946.0,6386.0,0.0,-5440.0
5032,6660,63940,0,666.0,6394.0,0.0,-5728.0
5033,10350,65196,0,1035.0,6519.6,0.0,-5484.6
5034,4650,61700,0,465.0,6170.0,0.0,-5705.0
5035,7030,63082,0,703.0,6308.2,0.0,-5605.2
5036,5610,63318,0,561.0,6331.8,0.0,-5770.8
5037,8200,64696,0,820.0,6469.6,0.0,-5649.6
5038,6660,63202,0,666.0,6320.2,0.0,-5654.2
5039,26280,67270,0,2628.0,6727.0,0.0,-4099.0
5040,12250,66667,0,1225.0,6666.7,0.0,-5441.7
5041,9030,64099,0,903.0,6409.9,0.0,-5506.9
5042,12750,66276,0,1275.0,6627.6,0.0,-5352.6
5043,9030,63630,0,903.0,6363.0,0.0,-5460.0
5044,16530,66920,0,1653.0,6692.0,0.0,-5039.0
5045,10810,65031,0,1081.0,6503.1,0.0,-5422.1
5046,13780,65648,0,1378.0,6564.8,0.0,-5186.8
5047,15400,65626,0,1540.0,6562.6,0.0,-5022.6
5048,14850,66020,0,1485.0,6602.0,0.0,-5117.0
5049,9460,65572,0,946.0,6557.2,0.0,-5611.2
5050,10350,65274,0,1035.0,6527.4,0.0,-5492.4
5051,7030,63479,0,703.0,6347.9,0.0,-5644.9
5052,6660,62917,0,666.0,6291.7,0.0,-5625.7
5053,4960,62096,0,496.0,6209.6,0.0,-5713.6
5054,7800,63439,0,780.0,6343.9,0.0,-5563.9
5055,13260,65918,0,1326.0,6591.8,0.0,-5265.8
5056,9900,64725,0,990.0,6472.5,0.0,-5482.5
5057,10350,64808,0,1035.0,6480.8,0.0,-5445.8
5058,24150,66566,0,2415.0,6656.6,0.0,-4241.6
5059,6660,64004,0,666.0,6400.4,0.0,-5734.4
5060,13260,65229,0,1326.0,6522.9,0.0,-5196.9
5061,10350,64673,0,1035.0,6467.3,0.0,-5432.3
5062,10810,64900,0,1081.0,6490.0,0.0,-5409.0
5063,10350,65054,0,1035.0,6505.4,0.0,-5470.4
5064,9030,64708,0,903.0,6470.8,0.0,-5567.8
5065,9460,65228,0,946.0,6522.8,0.0,-5576.8
5066,20800,66979,0,2080.0,6697.9,0.0,-4617.9
5067,8610,63922,0,861.0,6392.2,0.0,-5531.2
5068,8610,63891,0,861.0,6389.1,0.0,-5528.1
5069,12750,64671,0,1275.0,6467.1,0.0,-5192.1
5070,11760,64015,0,1176.0,6401.5,0.0,-5225.5
5071,7030,63296,0,703.0,6329.6,0.0,-5626.6
5072,10810,64668,0,1081.0,6466.8,0.0,-5385.8
5073,9460,67358,0,946.0,6735.8,0.0,-5789.8
5074,5280,62611,0,528.0,6261.1,0.0,-5733.1
5075,7410,63791,0,741.0,6379.1,0.0,-5638.1
5076,12750,64347,0,1275.0,6434.7,0.0,-5159.7
5077,7030,63974,0,703.0,6397.4,0.0,-5694.4
5078,20160,66903,0,2016.0,6690.3,0.0,-4674.3
5079,8200,63426,0,820.0,6342.6,0.0,-5522.6
5080,9030,64595,0,903.0,6459.5,0.0,-5556.5
5081,14310,65397,0,1431.0,6539.7,0.0,-5108.7
5082,11760,64923,0,1176.0,6492.3,0.0,-5316.3
5083,9030,64314,0,903.0,6431.4,0.0,-5528.4
5084,10810,64607,0,1081.0,6460.7,0.0,-5379.7
5085,7410,63092,0,741.0,6309.2,0.0,-5568.2
5086,9900,64202,0,990.0,6420.2,0.0,-5430.2
5087,9460,64366,0,946.0,6436.6,0.0,-5490.6
5088,6660,62755,0,666.0,6275.5,0.0,-5609.5
5089,7410,63984,0,741.0,6398.4,0.0,-5657.4
5090,9030,64940,0,903.0,6494.0,0.0,-5591.0
5091,17110,66931,0,1711.0,6693.1,0.0,-4982.1
5092,8610,76198,0,861.0,7619.8,0.0,-6758.8
5093,20160,66630,0,2016.0,6663.0,0.0,-4647.0
5094,11760,64724,0,1176.0,6472.4,0.0,-5296.4
5095,2310,60073,0,231.0,6007.3,0.0,-5776.3
5096,12750,66455,0,1275.0,6645.5,0.0,-5370.5
5097,20160,67400,0,2016.0,6740.0,0.0,-4724.0
5098,14310,66783,0,1431.0,6678.3,0.0,-5247.3
5099,8610,62978,0,861.0,6297.8,0.0,-5436.8
5100,9030,63803,0,903.0,6380.3,0.0,-5477.3
5101,10350,64891,0,1035.0,6489.1,0.0,-5454.1
5102,8610,64614,0,861.0,6461.4,0.0,-5600.4
5103,11280,64128,0,1128.0,6412.8,0.0,-5284.8
5104,15400,65792,0,1540.0,6579.2,0.0,-5039.2
5105,11760,65055,0,1176.0,6505.5,0.0,-5329.5
5106,10350,63812,0,1035.0,6381.2,0.0,-5346.2
5107,18910,67695,0,1891.0,6769.5,0.0,-4878.5
5108,12750,63535,0,1275.0,6353.5,0.0,-5078.5
5109,9030,63991,0,903.0,6399.1,0.0,-5496.1
5110,10810,64685,0,1081.0,6468.5,0.0,-5387.5
5111,9900,65024,0,990.0,6502.4,0.0,-5512.4
5112,11280,64515,0,1128.0,6451.5,0.0,-5323.5
5113,19530,68538,0,1953.0,6853.8,0.0,-4900.8
5114,10810,65472,0,1081.0,6547.2,0.0,-5466.2
5115,12250,65509,0,1225.0,6550.9,0.0,-5325.9
5116,5950,62954,0,595.0,6295.4,0.0,-5700.4
5117,11280,66127,0,1128.0,6612.7,0.0,-5484.7
5118,6660,62971,0,666.0,6297.1,0.0,-5631.1
5119,9030,63446,0,903.0,6344.6,0.0,-5441.6
5120,13780,65853,0,1378.0,6585.3,0.0,-5207.3
5121,20800,66294,0,2080.0,6629.4,0.0,-4549.4
5122,9460,64613,0,946.0,6461.3,0.0,-5515.3
5123,12250,65991,0,1225.0,6599.1,0.0,-5374.1
5124,10810,65150,0,1081.0,6515.0,0.0,-5434.0
5125,9030,78245,0,903.0,7824.5,0.0,-6921.5
5126,8200,63658,0,820.0,6365.8,0.0,-5545.8
5127,13260,65038,0,1326.0,6503.8,0.0,-5177.8
5128,13780,66943,0,1378.0,6694.3,0.0,-5316.3
5129,7030,63392,0,703.0,6339.2,0.0,-5636.2
5130,10810,64199,0,1081.0,6419.9,0.0,-5338.9
5131,14850,64969,0,1485.0,6496.9,0.0,-5011.9
5132,15400,67048,0,1540.0,6704.8,0.0,-5164.8
5133,8610,63094,0,861.0,6309.4,0.0,-5448.4
5134,13260,66138,0,1326.0,6613.8,0.0,-5287.8
5135,8610,64120,0,861.0,6412.0,0.0,-5551.0
5136,7800,64522,0,780.0,6452.2,0.0,-5672.2
5137,17110,66191,0,1711.0,6619.1,0.0,-4908.1
5138,12250,65337,0,1225.0,6533.7,0.0,-5308.7
5139,6660,62466,0,666.0,6246.6,0.0,-5580.6
5140,17110,65991,0,1711.0,6599.1,0.0,-4888.1
5141,15400,66493,0,1540.0,6649.3,0.0,-5109.3
5142,3510,60216,0,351.0,6021.6,0.0,-5670.6
5143,14310,65731,0,1431.0,6573.1,0.0,-5142.1
5144,13780,65363,0,1378.0,6536.3,0.0,-5158.3
5145,7030,64580,0,703.0,6458.0,0.0,-5755.0
5146,9900,65357,0,990.0,6535.7,0.0,-5545.7
5147,11280,65617,0,1128.0,6561.7,0.0,-5433.7
5148,12750,65148,0,1275.0,6514.8,0.0,-5239.8
5149,13260,64901,0,1326.0,6490.1,0.0,-5164.1
5150,9030,63089,0,903.0,6308.9,0.0,-5405.9
5151,9030,64102,0,903.0,6410.2,0.0,-5507.2
5152,9900,63764,0,990.0,6376.4,0.0,-5386.4
5153,14850,65391,0,1485.0,6539.1,0.0,-5054.1
5154,4960,62317,0,496.0,6231.7,0.0,-5735.7
5155,13780,65620,0,1378.0,6562.0,0.0,-5184.0
5156,5610,63231,0,561.0,6323.1,0.0,-5762.1
5157,9900,64346,0,990.0,6434.6,0.0,-5444.6
5158,7410,63123,0,741.0,6312.3,0.0,-5571.3
5159,5950,63460,0,595.0,6346.0,0.0,-5751.0
5160,4960,61495,0,496.0,6149.5,0.0,-5653.5
5161,13780,65351,0,1378.0,6535.1,0.0,-5157.1
5162,9900,64185,0,990.0,6418.5,0.0,-5428.5
5163,7800,63997,0,780.0,6399.7,0.0,-5619.7
5164,6660,63191,0,666.0,6319.1,0.0,-5653.1
5165,13780,64506,0,1378.0,6450.6,0.0,-5072.6
5166,13260,64352,0,1326.0,6435.2,0.0,-5109.2
5167,12250,65592,0,1225.0,6559.2,0.0,-5334.2
5168,8200,63288,0,820.0,6328.8,0.0,-5508.8
5169,14850,67005,0,1485.0,6700.5,0.0,-5215.5
5170,14850,65819,0,1485.0,6581.9,0.0,-5096.9
5171,9460,64893,0,946.0,6489.3,0.0,-5543.3
5172,9030,64004,0,903.0,6400.4,0.0,-5497.4
5173,15960,66173,0,1596.0,6617.3,0.0,-5021.3
5174,7800,63452,0,780.0,6345.2,0.0,-5565.2
5175,10350,66011,0,1035.0,6601.1,0.0,-5566.1
5176,18300,66876,0,1830.0,6687.6,0.0,-4857.6
5177,23460,66681,0,2346.0,6668.1,0.0,-4322.1
5178,10350,62440,0,1035.0,6244.0,0.0,-5209.0
5179,10350,64379,0,1035.0,6437.9,0.0,-5402.9
5180,9460,64724,0,946.0,6472.4,0.0,-5526.4
5181,9030,65341,0,903.0,6534.1,0.0,-5631.1
5182,10810,64358,0,1081.0,6435.8,0.0,-5354.8
5183,11760,65192,0,1176.0,6519.2,0.0,-5343.2
5184,16530,70604,0,1653.0,7060.4,0.0,-5407.4
5185,4650,61071,0,465.0,6107.1,0.0,-5642.1
5186,12750,64906,0,1275.0,6490.6,0.0,-5215.6
5187,9460,64759,0,946.0,6475.9,0.0,-5529.9
5188,10350,64173,0,1035.0,6417.3,0.0,-5382.3
5189,9900,64331,0,990.0,6433.1,0.0,-5443.1
5190,9900,65065,0,990.0,6506.5,0.0,-5516.5
5191,5610,62161,0,561.0,6216.1,0.0,-5655.1
5192,14850,66486,0,1485.0,6648.6,0.0,-5163.6
5193,14850,65164,0,1485.0,6516.4,0.0,-5031.4
5194,11760,65036,0,1176.0,6503.6,0.0,-5327.6
5195,14310,64910,0,1431.0,6491.0,0.0,-5060.0
5196,17700,67764,0,1770.0,6776.4,0.0,-5006.4
5197,9030,64373,0,903.0,6437.3,0.0,-5534.3
5198,14310,66460,0,1431.0,6646.0,0.0,-5215.0
5199,9900,64712,0,990.0,6471.2,0.0,-5481.2
5200,13780,65729,0,1378.0,6572.9,0.0,-5194.9
5201,11760,64136,0,1176.0,6413.6,0.0,-5237.6
5202,9460,64811,0,946.0,6481.1,0.0,-5535.1
5203,6660,63808,0,666.0,6380.8,0.0,-5714.8
5204,29260,67336,0,2926.0,6733.6,0.0,-3807.6
5205,13260,64589,0,1326.0,6458.9,0.0,-5132.9
5206,8610,64910,0,861.0,6491.0,0.0,-5630.0
5207,10350,64652,0,1035.0,6465.2,0.0,-5430.2
5208,14850,65803,0,1485.0,6580.3,0.0,-5095.3
5209,12750,66878,0,1275.0,6687.8,0.0,-5412.8
5210,9900,64480,0,990.0,6448.0,0.0,-5458.0
5211,12750,65116,0,1275.0,6511.6,0.0,-5236.6
5212,6660,63643,0,666.0,6364.3,0.0,-5698.3
5213,12750,63750,0,1275.0,6375.0,0.0,-5100.0
5214,5950,65149,0,595.0,6514.9,0.0,-5919.9
5215,11280,64917,0,1128.0,6491.7,0.0,-5363.7
5216,14310,66719,0,1431.0,6671.9,0.0,-5240.9
5217,14850,66778,0,1485.0,6677.8,0.0,-5192.8
5218,13260,65169,0,1326.0,6516.9,0.0,-5190.9
5219,11280,65774,0,1128.0,6577.4,0.0,-5449.4
5220,7030,64346,0,703.0,6434.6,0.0,-5731.6
5221,13260,66093,0,1326.0,6609.3,0.0,-5283.3
5222,8200,63652,0,820.0,6365.2,0.0,-5545.2
5223,7030,63977,0,703.0,6397.7,0.0,-5694.7
5224,18300,67252,0,1830.0,6725.2,0.0,-4895.2
5225,12250,65317,0,1225.0,6531.7,0.0,-5306.7
5226,17110,67213,0,1711.0,6721.3,0.0,-5010.3
5227,7030,63602,0,703.0,6360.2,0.0,-5657.2
5228,10350,65217,0,1035.0,6521.7,0.0,-5486.7
5229,17700,67342,0,1770.0,6734.2,0.0,-4964.2
5230,11760,65692,0,1176.0,6569.2,0.0,-5393.2
5231,7410,63767,0,741.0,6376.7,0.0,-5635.7
5232,12250,65255,0,1225.0,6525.5,0.0,-5300.5
5233,10350,64692,0,1035.0,6469.2,0.0,-5434.2
5234,6300,63776,0,630.0,6377.6,0.0,-5747.6
5235,9030,63554,0,903.0,6355.4,0.0,-5452.4
5236,17110,65952,0,1711.0,6595.2,0.0,-4884.2
5237,11280,65950,0,1128.0,6595.0,0.0,-5467.0
5238,22110,67967,0,2211.0,6796.7,0.0,-4585.7
5239,7800,63591,0,780.0,6359.1,0.0,-5579.1
5240,13780,66228,0,1378.0,6622.8,0.0,-5244.8
5241,13260,66258,0,1326.0,6625.8,0.0,-5299.8
5242,9030,63982,0,903.0,6398.2,0.0,-5495.2
5243,14310,67313,0,1431.0,6731.3,0.0,-5300.3
5244,10810,65017,0,1081.0,6501.7,0.0,-5420.7
5245,13780,66400,0,1378.0,6640.0,0.0,-5262.0
5246,13780,65121,0,1378.0,6512.1,0.0,-5134.1
5247,12750,65431,0,1275.0,6543.1,0.0,-5268.1
5248,5610,62488,0,561.0,6248.8,0.0,-5687.8
5249,9460,64005,0,946.0,6400.5,0.0,-5454.5
5250,14310,65302,0,1431.0,6530.2,0.0,-5099.2
5251,14850,66637,0,1485.0,6663.7,0.0,-5178.7
5252,9030,63633,0,903.0,6363.3,0.0,-5460.3
5253,7410,63973,0,741.0,6397.3,0.0,-5656.3
5254,10810,65821,0,1081.0,6582.1,0.0,-5501.1
5255,6300,62575,0,630.0,6257.5,0.0,-5627.5
5256,12750,65366,0,1275.0,6536.6,0.0,-5261.6
5257,8200,64226,0,820.0,6422.6,0.0,-5602.6
5258,7030,62913,0,703.0,6291.3,0.0,-5588.3
5259,9900,64859,0,990.0,6485.9,0.0,-5495.9
5260,9030,63973,0,903.0,6397.3,0.0,-5494.3
5261,9900,70929,0,990.0,7092.9,0.0,-6102.9
5262,20800,67543,0,2080.0,6754.3,0.0,-4674.3
5263,8610,64494,0,861.0,6449.4,0.0,-5588.4
5264,12250,66102,0,1225.0,6610.2,0.0,-5385.2
5265,16530,66244,0,1653.0,6624.4,0.0,-4971.4
5266,13260,64126,0,1326.0,6412.6,0.0,-5086.6
5267,12750,65153,0,1275.0,6515.3,0.0,-5240.3
5268,10350,65812,0,1035.0,6581.2,0.0,-5546.2
5269,9900,65566,0,990.0,6556.6,0.0,-5566.6
5270,7410,63941,0,741.0,6394.1,0.0,-5653.1
5271,8200,64251,0,820.0,6425.1,0.0,-5605.1
5272,15960,66432,0,1596.0,6643.2,0.0,-5047.2
5273,16530,65400,0,1653.0,6540.0,0.0,-4887.0
5274,6660,63344,0,666.0,6334.4,0.0,-5668.4
5275,13260,66023,0,1326.0,6602.3,0.0,-5276.3
5276,11280,63806,0,1128.0,6380.6,0.0,-5252.6
5277,8610,64673,0,861.0,6467.3,0.0,-5606.3
5278,6660,63292,0,666.0,6329.2,0.0,-5663.2
5279,8200,64171,0,820.0,6417.1,0.0,-5597.1
5280,5950,62868,0,595.0,6286.8,0.0,-5691.8
5281,16530,65624,0,1653.0,6562.4,0.0,-4909.4
5282,27750,67191,0,2775.0,6719.1,0.0,-3944.1
5283,14310,65031,0,1431.0,6503.1,0.0,-5072.1
5284,7030,64849,0,703.0,6484.9,0.0,-5781.9
5285,10810,64565,0,1081.0,6456.5,0.0,-5375.5
5286,14310,65664,0,1431.0,6566.4,0.0,-5135.4
5287,5950,63028,0,595.0,6302.8,0.0,-5707.8
5288,8610,63852,0,861.0,6385.2,0.0,-5524.2
5289,6300,62639,0,630.0,6263.9,0.0,-5633.9
5290,13260,65730,0,1326.0,6573.0,0.0,-5247.0
5291,10810,65186,0,1081.0,6518.6,0.0,-5437.6
5292,18910,67666,0,1891.0,6766.6,0.0,-4875.6
5293,8610,64172,0,861.0,6417.2,0.0,-5556.2
5294,5950,62677,0,595.0,6267.7,0.0,-5672.7
5295,8200,64114,0,820.0,6411.4,0.0,-5591.4
5296,11280,65114,0,1128.0,6511.4,0.0,-5383.4
5297,10350,65308,0,1035.0,6530.8,0.0,-5495.8
5298,21450,67591,0,2145.0,6759.1,0.0,-4614.1
5299,10350,64742,0,1035.0,6474.2,0.0,-5439.2
5300,14310,65302,0,1431.0,6530.2,0.0,-5099.2
5301,6660,62970,0,666.0,6297.0,0.0,-5631.0
5302,7800,63618,0,780.0,6361.8,0.0,-5581.8
5303,8200,62060,0,820.0,6206.0,0.0,-5386.0
5304,12250,65669,0,1225.0,6566.9,0.0,-5341.9
5305,14310,65689,0,1431.0,6568.9,0.0,-5137.9
5306,10810,66174,0,1081.0,6617.4,0.0,-5536.4
5307,16530,66998,0,1653.0,6699.8,0.0,-5046.8
5308,14850,66543,0,1485.0,6654.3,0.0,-5169.3
5309,7800,63781,0,780.0,6378.1,0.0,-5598.1
5310,10350,64014,0,1035.0,6401.4,0.0,-5366.4
5311,13780,66331,0,1378.0,6633.1,0.0,-5255.1
5312,11760,64562,0,1176.0,6456.2,0.0,-5280.2
5313,9460,63237,0,946.0,6323.7,0.0,-5377.7
5314,15400,65876,0,1540.0,6587.6,0.0,-5047.6
5315,11280,64489,0,1128.0,6448.9,0.0,-5320.9
5316,15400,65962,0,1540.0,6596.2,0.0,-5056.2
5317,14850,66044,0,1485.0,6604.4,0.0,-5119.4
5318,10350,64773,0,1035.0,6477.3,0.0,-5442.3
5319,5280,63257,0,528.0,6325.7,0.0,-5797.7
5320,10810,64177,0,1081.0,6417.7,0.0,-5336.7
5321,10810,64959,0,1081.0,6495.9,0.0,-5414.9
5322,10810,65389,0,1081.0,6538.9,0.0,-5457.9
5323,12250,64869,0,1225.0,6486.9,0.0,-5261.9
5324,9030,62876,0,903.0,6287.6,0.0,-5384.6
5325,20800,65613,0,2080.0,6561.3,0.0,-4481.3
5326,9900,65297,0,990.0,6529.7,0.0,-5539.7
5327,17700,65330,0,1770.0,6533.0,0.0,-4763.0
5328,10350,65197,0,1035.0,6519.7,0.0,-5484.7
5329,11280,64972,0,1128.0,6497.2,0.0,-5369.2
5330,6660,62634,0,666.0,6263.4,0.0,-5597.4
5331,12250,66260,0,1225.0,6626.0,0.0,-5401.0
5332,9460,63654,0,946.0,6365.4,0.0,-5419.4
5333,9030,65252,0,903.0,6525.2,0.0,-5622.2
5334,10350,64547,0,1035.0,6454.7,0.0,-5419.7
5335,15960,65743,0,1596.0,6574.3,0.0,-4978.3
5336,6300,63227,0,630.0,6322.7,0.0,-5692.7
5337,17700,67231,0,1770.0,6723.1,0.0,-4953.1
5338,10810,64468,0,1081.0,6446.8,0.0,-5365.8
5339,14310,64753,0,1431.0,6475.3,0.0,-5044.3
5340,11280,64690,0,1128.0,6469.0,0.0,-5341.0
5341,7800,64552,0,780.0,6455.2,0.0,-5675.2
5342,13260,64679,0,1326.0,6467.9,0.0,-5141.9
5343,14310,67122,0,1431.0,6712.2,0.0,-5281.2
5344,17700,65825,0,1770.0,6582.5,0.0,-4812.5
5345,14310,64432,0,1431.0,6443.2,0.0,-5012.2
5346,9460,65170,0,946.0,6517.0,0.0,-5571.0
5347,8610,64053,0,861.0,6405.3,0.0,-5544.3
5348,9900,65065,0,990.0,6506.5,0.0,-5516.5
5349,18910,66186,0,1891.0,6618.6,0.0,-4727.6
5350,14310,65139,0,1431.0,6513.9,0.0,-5082.9
5351,10810,65228,0,1081.0,6522.8,0.0,-5441.8
5352,14850,65357,0,1485.0,6535.7,0.0,-5050.7
5353,13780,65971,0,1378.0,6597.1,0.0,-5219.1
5354,10810,65086,0,1081.0,6508.6,0.0,-5427.6
5355,12750,67211,0,1275.0,6721.1,0.0,-5446.1
5356,9030,63945,0,903.0,6394.5,0.0,-5491.5
5357,4960,61959,0,496.0,6195.9,0.0,-5699.9
5358,9030,64304,0,903.0,6430.4,0.0,-5527.4
5359,9030,64688,0,903.0,6468.8,0.0,-5565.8
5360,8200,62759,0,820.0,6275.9,0.0,-5455.9
5361,20160,67676,0,2016.0,6767.6,0.0,-4751.6
5362,11760,64838,0,1176.0,6483.8,0.0,-5307.8
5363,15400,65484,0,1540.0,6548.4,0.0,-5008.4
5364,8610,64737,0,861.0,6473.7,0.0,-5612.7
5365,18300,65963,0,1830.0,6596.3,0.0,-4766.3
5366,8610,64477,0,861.0,6447.7,0.0,-5586.7
5367,6300,63753,0,630.0,6375.3,0.0,-5745.3
5368,8200,64212,0,820.0,6421.2,0.0,-5601.2
5369,10810,65619,0,1081.0,6561.9,0.0,-5480.9
5370,16530,66499,0,1653.0,6649.9,0.0,-4996.9
5371,9030,63677,0,903.0,6367.7,0.0,-5464.7
5372,8610,63243,0,861.0,6324.3,0.0,-5463.3
5373,7800,63222,0,780.0,6322.2,0.0,-5542.2
5374,11760,65531,0,1176.0,6553.1,0.0,-5377.1
5375,9030,64547,0,903.0,6454.7,0.0,-5551.7
5376,11760,65534,0,1176.0,6553.4,0.0,-5377.4
5377,15960,66869,0,1596.0,6686.9,0.0,-5090.9
5378,12750,64870,0,1275.0,6487.0,0.0,-5212.0
5379,10350,64879,0,1035.0,6487.9,0.0,-5452.9
5380,22110,66972,0,2211.0,6697.2,0.0,-4486.2
5381,11280,64675,0,1128.0,6467.5,0.0,-5339.5
5382,17110,65770,0,1711.0,6577.0,0.0,-4866.0
5383,15960,66966,0,1596.0,6696.6,0.0,-5100.6
5384,9030,64706,0,903.0,6470.6,0.0,-5567.6
5385,4960,61894,0,496.0,6189.4,0.0,-5693.4
5386,11760,65763,0,1176.0,6576.3,0.0,-5400.3
5387,10810,65298,0,1081.0,6529.8,0.0,-5448.8
5388,9460,63727,0,946.0,6372.7,0.0,-5426.7
5389,15400,66025,0,1540.0,6602.5,0.0,-5062.5
5390,7030,62247,0,703.0,6224.7,0.0,-5521.7
5391,9030,63439,0,903.0,6343.9,0.0,-5440.9
5392,7800,63016,0,780.0,6301.6,0.0,-5521.6
5393,7410,63500,0,741.0,6350.0,0.0,-5609.0
5394,15960,67082,0,1596.0,6708.2,0.0,-5112.2
5395,14850,65620,0,1485.0,6562.0,0.0,-5077.0
5396,21450,65526,0,2145.0,6552.6,0.0,-4407.6
5397,8610,63461,0,861.0,6346.1,0.0,-5485.1
5398,12250,66038,0,1225.0,6603.8,0.0,-5378.8
5399,8610,63421,0,861.0,6342.1,0.0,-5481.1
5400,11760,64874,0,1176.0,6487.4,0.0,-5311.4
5401,11760,65633,0,1176.0,6563.3,0.0,-5387.3
5402,5950,63081,0,595.0,6308.1,0.0,-5713.1
5403,12250,65373,0,1225.0,6537.3,0.0,-5312.3
5404,15960,65623,0,1596.0,6562.3,0.0,-4966.3
5405,13780,64240,0,1378.0,6424.0,0.0,-5046.0
5406,7030,62918,0,703.0,6291.8,0.0,-5588.8
5407,6660,62726,0,666.0,6272.6,0.0,-5606.6
5408,18300,66418,0,1830.0,6641.8,0.0,-4811.8
5409,22110,67382,0,2211.0,6738.2,0.0,-4527.2
5410,9900,64403,0,990.0,6440.3,0.0,-5450.3
5411,24850,66790,0,2485.0,6679.0,0.0,-4194.0
5412,12750,64495,0,1275.0,6449.5,0.0,-5174.5
5413,9030,63752,0,903.0,6375.2,0.0,-5472.2
5414,8200,63112,0,820.0,6311.2,0.0,-5491.2
5415,19530,67056,0,1953.0,6705.6,0.0,-4752.6
5416,9030,64194,0,903.0,6419.4,0.0,-5516.4
5417,10810,65816,0,1081.0,6581.6,0.0,-5500.6
5418,5950,62882,0,595.0,6288.2,0.0,-5693.2
5419,7030,62801,0,703.0,6280.1,0.0,-5577.1
5420,7410,63251,0,741.0,6325.1,0.0,-5584.1
5421,15960,65201,0,1596.0,6520.1,0.0,-4924.1
5422,9460,64720,0,946.0,6472.0,0.0,-5526.0
5423,10350,63949,0,1035.0,6394.9,0.0,-5359.9
5424,9460,64510,0,946.0,6451.0,0.0,-5505.0
5425,4650,62166,0,465.0,6216.6,0.0,-5751.6
5426,11280,64893,0,1128.0,6489.3,0.0,-5361.3
5427,5950,61530,0,595.0,6153.0,0.0,-5558.0
5428,12250,65751,0,1225.0,6575.1,0.0,-5350.1
5429,14850,66052,0,1485.0,6605.2,0.0,-5120.2
5430,13260,65716,0,1326.0,6571.6,0.0,-5245.6
5431,15400,66340,0,1540.0,6634.0,0.0,-5094.0
5432,14850,65955,0,1485.0,6595.5,0.0,-5110.5
5433,10810,65084,0,1081.0,6508.4,0.0,-5427.4
5434,13260,64961,0,1326.0,6496.1,0.0,-5170.1
5435,12750,65609,0,1275.0,6560.9,0.0,-5285.9
5436,7410,62957,0,741.0,6295.7,0.0,-5554.7
5437,12250,65287,0,1225.0,6528.7,0.0,-5303.7
5438,14850,66136,0,1485.0,6613.6,0.0,-5128.6
5439,10810,65802,0,1081.0,6580.2,0.0,-5499.2
5440,10350,64600,0,1035.0,6460.0,0.0,-5425.0
5441,14850,65961,0,1485.0,6596.1,0.0,-5111.1
5442,10350,76249,0,1035.0,7624.9,0.0,-6589.9
5443,9030,64533,0,903.0,6453.3,0.0,-5550.3
5444,7030,62747,0,703.0,6274.7,0.0,-5571.7
5445,15960,65087,0,1596.0,6508.7,0.0,-4912.7
5446,11760,65105,0,1176.0,6510.5,0.0,-5334.5
5447,13260,65850,0,1326.0,6585.0,0.0,-5259.0
5448,9900,63847,0,990.0,6384.7,0.0,-5394.7
5449,15400,65567,0,1540.0,6556.7,0.0,-5016.7
5450,11280,65869,0,1128.0,6586.9,0.0,-5458.9
5451,14310,65997,0,1431.0,6599.7,0.0,-5168.7
5452,19530,66626,0,1953.0,6662.6,0.0,-4709.6
5453,28500,68624,0,2850.0,6862.4,0.0,-4012.4
5454,13260,66821,0,1326.0,6682.1,0.0,-5356.1
5455,13780,66176,0,1378.0,6617.6,0.0,-5239.6
5456,5950,62668,0,595.0,6266.8,0.0,-5671.8
5457,11760,63929,0,1176.0,6392.9,0.0,-5216.9
5458,7800,62553,0,780.0,6255.3,0.0,-5475.3
5459,6300,61937,0,630.0,6193.7,0.0,-5563.7
5460,11280,65081,0,1128.0,6508.1,0.0,-5380.1
5461,11280,65560,0,1128.0,6556.0,0.0,-5428.0
5462,6300,63586,0,630.0,6358.6,0.0,-5728.6
5463,18300,66363,0,1830.0,6636.3,0.0,-4806.3
5464,10810,64088,0,1081.0,6408.8,0.0,-5327.8
5465,9030,63470,0,903.0,6347.0,0.0,-5444.0
5466,8200,64117,0,820.0,6411.7,0.0,-5591.7
5467,11760,65165,0,1176.0,6516.5,0.0,-5340.5
5468,11760,66463,0,1176.0,6646.3,0.0,-5470.3
5469,6300,61948,0,630.0,6194.8,0.0,-5564.8
5470,7800,62855,0,780.0,6285.5,0.0,-5505.5
5471,7800,63652,0,780.0,6365.2,0.0,-5585.2
5472,11760,64067,0,1176.0,6406.7,0.0,-5230.7
5473,18300,67812,0,1830.0,6781.2,0.0,-4951.2
5474,12250,65263,0,1225.0,6526.3,0.0,-5301.3
5475,4060,60425,0,406.0,6042.5,0.0,-5636.5
5476,19530,67073,0,1953.0,6707.3,0.0,-4754.3
5477,4650,62645,0,465.0,6264.5,0.0,-5799.5
5478,15400,65856,0,1540.0,6585.6,0.0,-5045.6
5479,15400,66624,0,1540.0,6662.4,0.0,-5122.4
5480,12750,65122,0,1275.0,6512.2,0.0,-5237.2
5481,7410,63525,0,741.0,6352.5,0.0,-5611.5
5482,11760,65113,0,1176.0,6511.3,0.0,-5335.3
5483,5280,62699,0,528.0,6269.9,0.0,-5741.9
5484,9460,64423,0,946.0,6442.3,0.0,-5496.3
5485,10350,64152,0,1035.0,6415.2,0.0,-5380.2
5486,10810,65025,0,1081.0,6502.5,0.0,-5421.5
5487,6660,63209,0,666.0,6320.9,0.0,-5654.9
5488,17110,65950,0,1711.0,6595.0,0.0,-4884.0
5489,8200,64272,0,820.0,6427.2,0.0,-5607.2
5490,11280,64838,0,1128.0,6483.8,0.0,-5355.8
5491,11280,65343,0,1128.0,6534.3,0.0,-5406.3
5492,17110,66493,0,1711.0,6649.3,0.0,-4938.3
5493,6300,62426,0,630.0,6242.6,0.0,-5612.6
5494,14310,65743,0,1431.0,6574.3,0.0,-5143.3
5495,9460,64561,0,946.0,6456.1,0.0,-5510.1
5496,10350,64186,0,1035.0,6418.6,0.0,-5383.6
5497,10350,65070,0,1035.0,6507.0,0.0,-5472.0
5498,19530,67809,0,1953.0,6780.9,0.0,-4827.9
5499,8200,63483,0,820.0,6348.3,0.0,-5528.3
5500,12750,64593,0,1275.0,6459.3,0.0,-5184.3
5501,5610,61894,0,561.0,6189.4,0.0,-5628.4
5502,8200,63994,0,820.0,6399.4,0.0,-5579.4
5503,13260,64426,0,1326.0,6442.6,0.0,-5116.6
5504,6660,63404,0,666.0,6340.4,0.0,-5674.4
5505,10350,65070,0,1035.0,6507.0,0.0,-5472.0
5506,11760,64966,0,1176.0,6496.6,0.0,-5320.6
5507,13260,65885,0,1326.0,6588.5,0.0,-5262.5
5508,12250,65213,0,1225.0,6521.3,0.0,-5296.3
5509,11760,65412,0,1176.0,6541.2,0.0,-5365.2
5510,7410,63543,0,741.0,6354.3,0.0,-5613.3
5511,16530,67307,0,1653.0,6730.7,0.0,-5077.7
5512,9030,64427,0,903.0,6442.7,0.0,-5539.7
5513,13260,65569,0,1326.0,6556.9,0.0,-5230.9
5514,10350,63195,0,1035.0,6319.5,0.0,-5284.5
5515,10350,64786,0,1035.0,6478.6,0.0,-5443.6
5516,14310,65774,0,1431.0,6577.4,0.0,-5146.4
5517,9460,63287,0,946.0,6328.7,0.0,-5382.7
5518,5280,62520,0,528.0,6252.0,0.0,-5724.0
5519,9460,64666,0,946.0,6466.6,0.0,-5520.6
5520,15960,65514,0,1596.0,6551.4,0.0,-4955.4
5521,14310,65040,0,1431.0,6504.0,0.0,-5073.0
5522,22110,67270,0,2211.0,6727.0,0.0,-4516.0
5523,9900,65030,0,990.0,6503.0,0.0,-5513.0
5524,8200,63643,0,820.0,6364.3,0.0,-5544.3
5525,8200,64194,0,820.0,6419.4,0.0,-5599.4
5526,9900,65377,0,990.0,6537.7,0.0,-5547.7
5527,12250,64964,0,1225.0,6496.4,0.0,-5271.4
5528,13780,65600,0,1378.0,6560.0,0.0,-5182.0
5529,9460,64123,0,946.0,6412.3,0.0,-5466.3
5530,14310,66922,0,1431.0,6692.2,0.0,-5261.2
5531,8610,65174,0,861.0,6517.4,0.0,-5656.4
5532,5280,62638,0,528.0,6263.8,0.0,-5735.8
5533,16530,66584,0,1653.0,6658.4,0.0,-5005.4
5534,8200,64455,0,820.0,6445.5,0.0,-5625.5
5535,11760,64985,0,1176.0,6498.5,0.0,-5322.5
5536,11760,66242,0,1176.0,6624.2,0.0,-5448.2
5537,7800,64198,0,780.0,6419.8,0.0,-5639.8
5538,17700,66637,0,1770.0,6663.7,0.0,-4893.7
5539,7800,63923,0,780.0,6392.3,0.0,-5612.3
5540,4960,62119,0,496.0,6211.9,0.0,-5715.9
5541,4350,61084,0,435.0,6108.4,0.0,-5673.4
5542,11280,65747,0,1128.0,6574.7,0.0,-5446.7
5543,14850,65384,0,1485.0,6538.4,0.0,-5053.4
5544,14310,66320,0,1431.0,6632.0,0.0,-5201.0
5545,10350,64305,0,1035.0,6430.5,0.0,-5395.5
5546,10350,62767,0,1035.0,6276.7,0.0,-5241.7
5547,7800,70589,0,780.0,7058.9,0.0,-6278.9
5548,12250,64800,0,1225.0,6480.0,0.0,-5255.0
5549,10350,64627,0,1035.0,6462.7,0.0,-5427.7
5550,33210,68592,0,3321.0,6859.2,0.0,-3538.2
5551,11760,66388,0,1176.0,6638.8,0.0,-5462.8
5552,9460,63286,0,946.0,6328.6,0.0,-5382.6
5553,13780,64121,0,1378.0,6412.1,0.0,-5034.1
5554,5610,61609,0,561.0,6160.9,0.0,-5599.9
5555,11760,65610,0,1176.0,6561.0,0.0,-5385.0
5556,12250,65322,0,1225.0,6532.2,0.0,-5307.2
5557,12750,63772,0,1275.0,6377.2,0.0,-5102.2
5558,9900,64945,0,990.0,6494.5,0.0,-5504.5
5559,8610,63643,0,861.0,6364.3,0.0,-5503.3
5560,34030,70256,0,3403.0,7025.6,0.0,-3622.6
5561,7030,62952,0,703.0,6295.2,0.0,-5592.2
5562,14310,66124,0,1431.0,6612.4,0.0,-5181.4
5563,8200,63608,0,820.0,6360.8,0.0,-5540.8
5564,10810,65206,0,1081.0,6520.6,0.0,-5439.6
5565,10350,64732,0,1035.0,6473.2,0.0,-5438.2
5566,9900,62864,0,990.0,6286.4,0.0,-5296.4
5567,11280,65423,0,1128.0,6542.3,0.0,-5414.3
5568,18300,66727,0,1830.0,6672.7,0.0,-4842.7
5569,9900,64412,0,990.0,6441.2,0.0,-5451.2
5570,10810,64008,0,1081.0,6400.8,0.0,-5319.8
5571,11760,68767,0,1176.0,6876.7,0.0,-5700.7
5572,10810,64554,0,1081.0,6455.4,0.0,-5374.4
5573,14310,65620,0,1431.0,6562.0,0.0,-5131.0
5574,9030,63044,0,903.0,6304.4,0.0,-5401.4
5575,7410,62418,0,741.0,6241.8,0.0,-5500.8
5576,4060,61356,0,406.0,6135.6,0.0,-5729.6
5577,14310,64909,0,1431.0,6490.9,0.0,-5059.9
5578,8610,64035,0,861.0,6403.5,0.0,-5542.5
5579,10810,63826,0,1081.0,6382.6,0.0,-5301.6
5580,10810,63666,0,1081.0,6366.6,0.0,-5285.6
5581,24850,66498,0,2485.0,6649.8,0.0,-4164.8
5582,13780,65218,0,1378.0,6521.8,0.0,-5143.8
5583,12750,65827,0,1275.0,6582.7,0.0,-5307.7
5584,7800,64123,0,780.0,6412.3,0.0,-5632.3
5585,33210,69752,0,3321.0,6975.2,0.0,-3654.2
5586,11760,65498,0,1176.0,6549.8,0.0,-5373.8
5587,8200,64187,0,820.0,6418.7,0.0,-5598.7
5588,28500,69642,0,2850.0,6964.2,0.0,-4114.2
5589,8200,64308,0,820.0,6430.8,0.0,-5610.8
5590,4960,61837,0,496.0,6183.7,0.0,-5687.7
5591,9030,63560,0,903.0,6356.0,0.0,-5453.0
5592,13780,65374,0,1378.0,6537.4,0.0,-5159.4
5593,13780,65891,0,1378.0,6589.1,0.0,-5211.1
5594,11280,65056,0,1128.0,6505.6,0.0,-5377.6
5595,17110,66293,0,1711.0,6629.3,0.0,-4918.3
5596,12250,65302,0,1225.0,6530.2,0.0,-5305.2
5597,9460,64644,0,946.0,6464.4,0.0,-5518.4
5598,14850,65634,0,1485.0,6563.4,0.0,-5078.4
5599,13780,64111,0,1378.0,6411.1,0.0,-5033.1
5600,14850,67265,0,1485.0,6726.5,0.0,-5241.5
5601,7030,64157,0,703.0,6415.7,0.0,-5712.7
5602,11280,65823,0,1128.0,6582.3,0.0,-5454.3
5603,19530,67471,0,1953.0,6747.1,0.0,-4794.1
5604,9900,65041,0,990.0,6504.1,0.0,-5514.1
5605,17700,65707,0,1770.0,6570.7,0.0,-4800.7
5606,9460,64291,0,946.0,6429.1,0.0,-5483.1
5607,9460,65006,0,946.0,6500.6,0.0,-5554.6
5608,5610,61875,0,561.0,6187.5,0.0,-5626.5
5609,10810,62244,0,1081.0,6224.4,0.0,-5143.4
5610,14310,65139,0,1431.0,6513.9,0.0,-5082.9
5611,13260,65014,0,1326.0,6501.4,0.0,-5175.4
5612,8610,65151,0,861.0,6515.1,0.0,-5654.1
5613,7410,63160,0,741.0,6316.0,0.0,-5575.0
5614,14850,65744,0,1485.0,6574.4,0.0,-5089.4
5615,9030,64017,0,903.0,6401.7,0.0,-5498.7
5616,15960,66385,0,1596.0,6638.5,0.0,-5042.5
5617,14310,65297,0,1431.0,6529.7,0.0,-5098.7
5618,13780,66620,0,1378.0,6662.0,0.0,-5284.0
5619,18300,66163,0,1830.0,6616.3,0.0,-4786.3
5620,9460,63988,0,946.0,6398.8,0.0,-5452.8
5621,12750,64223,0,1275.0,6422.3,0.0,-5147.3
5622,11280,64333,0,1128.0,6433.3,0.0,-5305.3
5623,8200,62709,0,820.0,6270.9,0.0,-5450.9
5624,14850,66706,0,1485.0,6670.6,0.0,-5185.6
5625,8610,64962,0,861.0,6496.2,0.0,-5635.2
5626,18300,67224,0,1830.0,6722.4,0.0,-4892.4
5627,9460,63133,0,946.0,6313.3,0.0,-5367.3
5628,15960,66836,0,1596.0,6683.6,0.0,-5087.6
5629,7800,63966,0,780.0,6396.6,0.0,-5616.6
5630,10810,64171,0,1081.0,6417.1,0.0,-5336.1
5631,19530,67284,0,1953.0,6728.4,0.0,-4775.4
5632,9460,64279,0,946.0,6427.9,0.0,-5481.9
5633,6660,64275,0,666.0,6427.5,0.0,-5761.5
5634,9900,64005,0,990.0,6400.5,0.0,-5410.5
5635,13260,66121,0,1326.0,6612.1,0.0,-5286.1
5636,7800,63948,0,780.0,6394.8,0.0,-5614.8
5637,8610,62973,0,861.0,6297.3,0.0,-5436.3
5638,13780,66474,0,1378.0,6647.4,0.0,-5269.4
5639,18300,66693,0,1830.0,6669.3,0.0,-4839.3
5640,9030,64610,0,903.0,6461.0,0.0,-5558.0
5641,7800,61824,0,780.0,6182.4,0.0,-5402.4
5642,9030,63229,0,903.0,6322.9,0.0,-5419.9
5643,11760,65097,0,1176.0,6509.7,0.0,-5333.7
5644,5950,63204,0,595.0,6320.4,0.0,-5725.4
5645,6660,62548,0,666.0,6254.8,0.0,-5588.8
5646,7030,63368,0,703.0,6336.8,0.0,-5633.8
5647,9030,64127,0,903.0,6412.7,0.0,-5509.7
5648,15960,66902,0,1596.0,6690.2,0.0,-5094.2
5649,18910,66622,0,1891.0,6662.2,0.0,-4771.2
5650,9030,63289,0,903.0,6328.9,0.0,-5425.9
5651,11280,64744,0,1128.0,6474.4,0.0,-5346.4
5652,7410,63288,0,741.0,6328.8,0.0,-5587.8
5653,12750,65469,0,1275.0,6546.9,0.0,-5271.9
5654,13260,65608,0,1326.0,6560.8,0.0,-5234.8
5655,5610,63134,0,561.0,6313.4,0.0,-5752.4
5656,8200,63913,0,820.0,6391.3,0.0,-5571.3
5657,11280,64611,0,1128.0,6461.1,0.0,-5333.1
5658,11760,64998,0,1176.0,6499.8,0.0,-5323.8
5659,10350,64971,0,1035.0,6497.1,0.0,-5462.1
5660,4350,61736,0,435.0,6173.6,0.0,-5738.6
5661,13260,64988,0,1326.0,6498.8,0.0,-5172.8
5662,12250,66168,0,1225.0,6616.8,0.0,-5391.8
5663,9460,65513,0,946.0,6551.3,0.0,-5605.3
5664,17700,65779,0,1770.0,6577.9,0.0,-4807.9
5665,9030,64317,0,903.0,6431.7,0.0,-5528.7
5666,5610,63166,0,561.0,6316.6,0.0,-5755.6
5667,15960,65203,0,1596.0,6520.3,0.0,-4924.3
5668,17700,65786,0,1770.0,6578.6,0.0,-4808.6
5669,18300,66363,0,1830.0,6636.3,0.0,-4806.3
5670,7030,63244,0,703.0,6324.4,0.0,-5621.4
5671,6300,63044,0,630.0,6304.4,0.0,-5674.4
5672,14310,66101,0,1431.0,6610.1,0.0,-5179.1
5673,5950,63091,0,595.0,6309.1,0.0,-5714.1
5674,10350,64397,0,1035.0,6439.7,0.0,-5404.7
5675,9460,64713,0,946.0,6471.3,0.0,-5525.3
5676,9460,63620,0,946.0,6362.0,0.0,-5416.0
5677,13780,66738,0,1378.0,6673.8,0.0,-5295.8
5678,5950,63150,0,595.0,6315.0,0.0,-5720.0
5679,5280,61819,0,528.0,6181.9,0.0,-5653.9
5680,11280,65127,0,1128.0,6512.7,0.0,-5384.7
5681,2310,60328,0,231.0,6032.8,0.0,-5801.8
5682,15400,66169,0,1540.0,6616.9,0.0,-5076.9
5683,12750,67924,0,1275.0,6792.4,0.0,-5517.4
5684,8200,71491,0,820.0,7149.1,0.0,-6329.1
5685,7800,65058,0,780.0,6505.8,0.0,-5725.8
5686,8610,61972,0,861.0,6197.2,0.0,-5336.2
5687,7800,63945,0,780.0,6394.5,0.0,-5614.5
5688,14310,65608,0,1431.0,6560.8,0.0,-5129.8
5689,15400,66393,0,1540.0,6639.3,0.0,-5099.3
5690,10350,64830,0,1035.0,6483.0,0.0,-5448.0
5691,3780,61225,0,378.0,6122.5,0.0,-5744.5
5692,6660,62978,0,666.0,6297.8,0.0,-5631.8
5693,9900,65297,0,990.0,6529.7,0.0,-5539.7
5694,9900,63958,0,990.0,6395.8,0.0,-5405.8
5695,10350,63818,0,1035.0,6381.8,0.0,-5346.8
5696,10350,64038,0,1035.0,6403.8,0.0,-5368.8
5697,8610,63448,0,861.0,6344.8,0.0,-5483.8
5698,3250,60932,0,325.0,6093.2,0.0,-5768.2
5699,14310,65275,0,1431.0,6527.5,0.0,-5096.5
5700,20160,66989,0,2016.0,6698.9,0.0,-4682.9
5701,12250,65730,0,1225.0,6573.0,0.0,-5348.0
5702,18300,66772,0,1830.0,6677.2,0.0,-4847.2
5703,8610,63812,0,861.0,6381.2,0.0,-5520.2
5704,10810,65023,0,1081.0,6502.3,0.0,-5421.3
5705,15960,66819,0,1596.0,6681.9,0.0,-5085.9
5706,7800,64465,0,780.0,6446.5,0.0,-5666.5
5707,17110,65673,0,1711.0,6567.3,0.0,-4856.3
5708,5610,62427,0,561.0,6242.7,0.0,-5681.7
5709,7030,63851,0,703.0,6385.1,0.0,-5682.1
5710,14310,66090,0,1431.0,6609.0,0.0,-5178.0
5711,19530,67981,0,1953.0,6798.1,0.0,-4845.1
5712,6660,63573,0,666.0,6357.3,0.0,-5691.3
5713,12750,67012,0,1275.0,6701.2,0.0,-5426.2
5714,15960,67410,0,1596.0,6741.0,0.0,-5145.0
5715,12250,65086,0,1225.0,6508.6,0.0,-5283.6
5716,8200,63064,0,820.0,6306.4,0.0,-5486.4
5717,6660,62302,0,666.0,6230.2,0.0,-5564.2
5718,9460,63758,0,946.0,6375.8,0.0,-5429.8
5719,12750,65649,0,1275.0,6564.9,0.0,-5289.9
5720,9900,63894,0,990.0,6389.4,0.0,-5399.4
5721,16530,66315,0,1653.0,6631.5,0.0,-4978.5
5722,11280,64794,0,1128.0,6479.4,0.0,-5351.4
5723,14310,63622,0,1431.0,6362.2,0.0,-4931.2
5724,11280,64359,0,1128.0,6435.9,0.0,-5307.9
5725,13260,66940,0,1326.0,6694.0,0.0,-5368.0
5726,9460,65105,0,946.0,6510.5,0.0,-5564.5
5727,9030,64527,0,903.0,6452.7,0.0,-5549.7
5728,14310,65732,0,1431.0,6573.2,0.0,-5142.2
5729,9030,64703,0,903.0,6470.3,0.0,-5567.3
5730,12750,65176,0,1275.0,6517.6,0.0,-5242.6
5731,7800,76269,0,780.0,7626.9,0.0,-6846.9
5732,9900,64042,0,990.0,6404.2,0.0,-5414.2
5733,6660,64502,0,666.0,6450.2,0.0,-5784.2
5734,12250,65474,0,1225.0,6547.4,0.0,-5322.4
5735,9900,65061,0,990.0,6506.1,0.0,-5516.1
5736,5950,62840,0,595.0,6284.0,0.0,-5689.0
5737,14850,65221,0,1485.0,6522.1,0.0,-5037.1
5738,13260,73233,0,1326.0,7323.3,0.0,-5997.3
5739,10810,64576,0,1081.0,6457.6,0.0,-5376.6
5740,12250,65933,0,1225.0,6593.3,0.0,-5368.3
5741,9900,64372,0,990.0,6437.2,0.0,-5447.2
5742,9900,65907,0,990.0,6590.7,0.0,-5600.7
5743,15400,65948,0,1540.0,6594.8,0.0,-5054.8
5744,8200,64004,0,820.0,6400.4,0.0,-5580.4
5745,9900,64611,0,990.0,6461.1,0.0,-5471.1
5746,9900,64922,0,990.0,6492.2,0.0,-5502.2
5747,12250,66726,0,1225.0,6672.6,0.0,-5447.6
5748,19530,67371,0,1953.0,6737.1,0.0,-4784.1
5749,14310,64370,0,1431.0,6437.0,0.0,-5006.0
5750,7030,63110,0,703.0,6311.0,0.0,-5608.0
5751,11280,65200,0,1128.0,6520.0,0.0,-5392.0
5752,10810,63941,0,1081.0,6394.1,0.0,-5313.1
5753,8200,64069,0,820.0,6406.9,0.0,-5586.9
5754,7800,64231,0,780.0,6423.1,0.0,-5643.1
5755,12250,65773,0,1225.0,6577.3,0.0,-5352.3
5756,15400,67159,0,1540.0,6715.9,0.0,-5175.9
5757,16530,64459,0,1653.0,6445.9,0.0,-4792.9
5758,9460,65096,0,946.0,6509.6,0.0,-5563.6
5759,5280,62334,0,528.0,6233.4,0.0,-5705.4
5760,20800,67631,0,2080.0,6763.1,0.0,-4683.1
5761,8610,64260,0,861.0,6426.0,0.0,-5565.0
5762,9900,63392,0,990.0,6339.2,0.0,-5349.2
5763,14850,66643,0,1485.0,6664.3,0.0,-5179.3
5764,13780,65548,0,1378.0,6554.8,0.0,-5176.8
5765,7030,62423,0,703.0,6242.3,0.0,-5539.3
5766,8200,63359,0,820.0,6335.9,0.0,-5515.9
5767,12250,66044,0,1225.0,6604.4,0.0,-5379.4
5768,15400,66385,0,1540.0,6638.5,0.0,-5098.5
5769,5950,62685,0,595.0,6268.5,0.0,-5673.5
5770,6300,62825,0,630.0,6282.5,0.0,-5652.5
5771,10810,65247,0,1081.0,6524.7,0.0,-5443.7
5772,8200,64150,0,820.0,6415.0,0.0,-5595.0
5773,16530,67002,0,1653.0,6700.2,0.0,-5047.2
5774,8610,63679,0,861.0,6367.9,0.0,-5506.9
5775,10810,63967,0,1081.0,6396.7,0.0,-5315.7
5776,8200,64657,0,820.0,6465.7,0.0,-5645.7
5777,9900,65222,0,990.0,6522.2,0.0,-5532.2
5778,7410,63558,0,741.0,6355.8,0.0,-5614.8
5779,7800,63375,0,780.0,6337.5,0.0,-5557.5
5780,7800,62895,0,780.0,6289.5,0.0,-5509.5
5781,15960,65503,0,1596.0,6550.3,0.0,-4954.3
5782,12250,65995,0,1225.0,6599.5,0.0,-5374.5
5783,18300,67246,0,1830.0,6724.6,0.0,-4894.6
5784,12750,65307,0,1275.0,6530.7,0.0,-5255.7
5785,11760,65872,0,1176.0,6587.2,0.0,-5411.2
5786,12750,65354,0,1275.0,6535.4,0.0,-5260.4
5787,22780,66839,0,2278.0,6683.9,0.0,-4405.9
5788,13780,66576,0,1378.0,6657.6,0.0,-5279.6
5789,13260,64497,0,1326.0,6449.7,0.0,-5123.7
5790,14850,66461,0,1485.0,6646.1,0.0,-5161.1
5791,5950,62474,0,595.0,6247.4,0.0,-5652.4
5792,8610,64519,0,861.0,6451.9,0.0,-5590.9
5793,11760,65860,0,1176.0,6586.0,0.0,-5410.0
5794,5280,61954,0,528.0,6195.4,0.0,-5667.4
5795,7030,63930,0,703.0,6393.0,0.0,-5690.0
5796,7030,63481,0,703.0,6348.1,0.0,-5645.1
5797,8610,62455,0,861.0,6245.5,0.0,-5384.5
5798,12250,65298,0,1225.0,6529.8,0.0,-5304.8
5799,15400,68060,0,1540.0,6806.0,0.0,-5266.0
5800,9460,64801,0,946.0,6480.1,0.0,-5534.1
5801,11280,64176,0,1128.0,6417.6,0.0,-5289.6
5802,12750,64301,0,1275.0,6430.1,0.0,-5155.1
5803,7030,63138,0,703.0,6313.8,0.0,-5610.8
5804,11760,65544,0,1176.0,6554.4,0.0,-5378.4
5805,15960,67257,0,1596.0,6725.7,0.0,-5129.7
5806,14310,66240,0,1431.0,6624.0,0.0,-5193.0
5807,11760,65089,0,1176.0,6508.9,0.0,-5332.9
5808,5950,60837,0,595.0,6083.7,0.0,-5488.7
5809,15400,66288,0,1540.0,6628.8,0.0,-5088.8
5810,2760,60153,0,276.0,6015.3,0.0,-5739.3
5811,7410,63948,0,741.0,6394.8,0.0,-5653.8
5812,9460,65136,0,946.0,6513.6,0.0,-5567.6
5813,11760,64407,0,1176.0,6440.7,0.0,-5264.7
5814,8200,63634,0,820.0,6363.4,0.0,-5543.4
5815,8200,62215,0,820.0,6221.5,0.0,-5401.5
5816,4650,61985,0,465.0,6198.5,0.0,-5733.5
5817,7410,64730,0,741.0,6473.0,0.0,-5732.0
5818,9460,63605,0,946.0,6360.5,0.0,-5414.5
5819,5610,63396,0,561.0,6339.6,0.0,-5778.6
5820,13260,65255,0,1326.0,6525.5,0.0,-5199.5
5821,7030,62271,0,703.0,6227.1,0.0,-5524.1
5822,9460,63962,0,946.0,6396.2,0.0,-5450.2
5823,9460,63710,0,946.0,6371.0,0.0,-5425.0
5824,9460,64280,0,946.0,6428.0,0.0,-5482.0
5825,14850,66452,0,1485.0,6645.2,0.0,-5160.2
5826,10810,64280,0,1081.0,6428.0,0.0,-5347.0
5827,10810,64992,0,1081.0,6499.2,0.0,-5418.2
5828,20800,68622,0,2080.0,6862.2,0.0,-4782.2
5829,17110,66555,0,1711.0,6655.5,0.0,-4944.5
5830,24150,68682,0,2415.0,6868.2,0.0,-4453.2
5831,9900,64802,0,990.0,6480.2,0.0,-5490.2
5832,9030,65354,0,903.0,6535.4,0.0,-5632.4
5833,12750,65333,0,1275.0,6533.3,0.0,-5258.3
5834,13260,65181,0,1326.0,6518.1,0.0,-5192.1
5835,9900,64299,0,990.0,6429.9,0.0,-5439.9
5836,9030,63449,0,903.0,6344.9,0.0,-5441.9
5837,11760,65903,0,1176.0,6590.3,0.0,-5414.3
5838,8610,64510,0,861.0,6451.0,0.0,-5590.0
5839,15400,66893,0,1540.0,6689.3,0.0,-5149.3
5840,8200,63138,0,820.0,6313.8,0.0,-5493.8
5841,13260,64886,0,1326.0,6488.6,0.0,-5162.6
5842,9900,64313,0,990.0,6431.3,0.0,-5441.3
5843,21450,66683,0,2145.0,6668.3,0.0,-4523.3
5844,19530,67206,0,1953.0,6720.6,0.0,-4767.6
5845,12250,64799,0,1225.0,6479.9,0.0,-5254.9
5846,11280,65192,0,1128.0,6519.2,0.0,-5391.2
5847,11760,66388,0,1176.0,6638.8,0.0,-5462.8
5848,16530,66344,0,1653.0,6634.4,0.0,-4981.4
5849,6300,62950,0,630.0,6295.0,0.0,-5665.0
5850,8610,65151,0,861.0,6515.1,0.0,-5654.1
5851,11760,69535,0,1176.0,6953.5,0.0,-5777.5
5852,8200,64306,0,820.0,6430.6,0.0,-5610.6
5853,13260,65237,0,1326.0,6523.7,0.0,-5197.7
5854,5280,62745,0,528.0,6274.5,0.0,-5746.5
5855,12750,64724,0,1275.0,6472.4,0.0,-5197.4
5856,9460,64472,0,946.0,6447.2,0.0,-5501.2
5857,9900,63559,0,990.0,6355.9,0.0,-5365.9
5858,14310,65705,0,1431.0,6570.5,0.0,-5139.5
5859,9900,65313,0,990.0,6531.3,0.0,-5541.3
5860,11760,64340,0,1176.0,6434.0,0.0,-5258.0
5861,14310,66837,0,1431.0,6683.7,0.0,-5252.7
5862,15400,65881,0,1540.0,6588.1,0.0,-5048.1
5863,12750,65571,0,1275.0,6557.1,0.0,-5282.1
5864,11760,65602,0,1176.0,6560.2,0.0,-5384.2
5865,6660,63605,0,666.0,6360.5,0.0,-5694.5
5866,8200,63905,0,820.0,6390.5,0.0,-5570.5
5867,7410,63171,0,741.0,6317.1,0.0,-5576.1
5868,13260,64655,0,1326.0,6465.5,0.0,-5139.5
5869,12250,65672,0,1225.0,6567.2,0.0,-5342.2
5870,14850,65945,0,1485.0,6594.5,0.0,-5109.5
5871,13260,65793,0,1326.0,6579.3,0.0,-5253.3
5872,9030,63731,0,903.0,6373.1,0.0,-5470.1
5873,19530,66686,0,1953.0,6668.6,0.0,-4715.6
5874,8610,63269,0,861.0,6326.9,0.0,-5465.9
5875,8200,63945,0,820.0,6394.5,0.0,-5574.5
5876,7410,63479,0,741.0,6347.9,0.0,-5606.9
5877,7410,64873,0,741.0,6487.3,0.0,-5746.3
5878,5950,62890,0,595.0,6289.0,0.0,-5694.0
5879,14310,66061,0,1431.0,6606.1,0.0,-5175.1
5880,5950,62603,0,595.0,6260.3,0.0,-5665.3
5881,8610,63592,0,861.0,6359.2,0.0,-5498.2
5882,10810,66146,0,1081.0,6614.6,0.0,-5533.6
5883,10810,63467,0,1081.0,6346.7,0.0,-5265.7
5884,15960,66263,0,1596.0,6626.3,0.0,-5030.3
5885,9030,64459,0,903.0,6445.9,0.0,-5542.9
5886,10810,64430,0,1081.0,6443.0,0.0,-5362.0
5887,32400,66335,0,3240.0,6633.5,0.0,-3393.5
5888,19530,66565,0,1953.0,6656.5,0.0,-4703.5
5889,10810,64850,0,1081.0,6485.0,0.0,-5404.0
5890,14310,67424,0,1431.0,6742.4,0.0,-5311.4
5891,13780,66482,0,1378.0,6648.2,0.0,-5270.2
5892,7800,64432,0,780.0,6443.2,0.0,-5663.2
5893,11280,65058,0,1128.0,6505.8,0.0,-5377.8
5894,14850,65489,0,1485.0,6548.9,0.0,-5063.9
5895,13780,65132,0,1378.0,6513.2,0.0,-5135.2
5896,9460,64476,0,946.0,6447.6,0.0,-5501.6
5897,7410,63836,0,741.0,6383.6,0.0,-5642.6
5898,7410,63211,0,741.0,6321.1,0.0,-5580.1
5899,9900,64847,0,990.0,6484.7,0.0,-5494.7
5900,8200,64400,0,820.0,6440.0,0.0,-5620.0
5901,12250,64813,0,1225.0,6481.3,0.0,-5256.3
5902,11280,65068,0,1128.0,6506.8,0.0,-5378.8
5903,9460,62279,0,946.0,6227.9,0.0,-5281.9
5904,17110,66646,0,1711.0,6664.6,0.0,-4953.6
5905,18910,67776,0,1891.0,6777.6,0.0,-4886.6
5906,15960,66524,0,1596.0,6652.4,0.0,-5056.4
5907,14850,67462,0,1485.0,6746.2,0.0,-5261.2
5908,7030,63454,0,703.0,6345.4,0.0,-5642.4
5909,4960,63071,0,496.0,6307.1,0.0,-5811.1
5910,10810,64967,0,1081.0,6496.7,0.0,-5415.7
5911,9030,63834,0,903.0,6383.4,0.0,-5480.4
5912,9900,64546,0,990.0,6454.6,0.0,-5464.6
5913,14310,67474,0,1431.0,6747.4,0.0,-5316.4
5914,8610,63964,0,861.0,6396.4,0.0,-5535.4
5915,9030,63399,0,903.0,6339.9,0.0,-5436.9
5916,9900,65451,0,990.0,6545.1,0.0,-5555.1
5917,32400,67991,0,3240.0,6799.1,0.0,-3559.1
5918,9460,65221,0,946.0,6522.1,0.0,-5576.1
5919,12250,64390,0,1225.0,6439.0,0.0,-5214.0
5920,14850,66518,0,1485.0,6651.8,0.0,-5166.8
5921,8610,64477,0,861.0,6447.7,0.0,-5586.7
5922,7800,63734,0,780.0,6373.4,0.0,-5593.4
5923,14850,66836,0,1485.0,6683.6,0.0,-5198.6
5924,11280,65196,0,1128.0,6519.6,0.0,-5391.6
5925,8200,64402,0,820.0,6440.2,0.0,-5620.2
5926,9900,65293,0,990.0,6529.3,0.0,-5539.3
5927,10810,64793,0,1081.0,6479.3,0.0,-5398.3
5928,9030,64901,0,903.0,6490.1,0.0,-5587.1
5929,8610,63752,0,861.0,6375.2,0.0,-5514.2
5930,13260,65865,0,1326.0,6586.5,0.0,-5260.5
5931,22780,67459,0,2278.0,6745.9,0.0,-4467.9
5932,14310,66804,0,1431.0,6680.4,0.0,-5249.4
5933,9460,64840,0,946.0,6484.0,0.0,-5538.0
5934,27010,67122,0,2701.0,6712.2,0.0,-4011.2
5935,12750,65055,0,1275.0,6505.5,0.0,-5230.5
5936,6300,62867,0,630.0,6286.7,0.0,-5656.7
5937,9030,64632,0,903.0,6463.2,0.0,-5560.2
5938,13780,66878,0,1378.0,6687.8,0.0,-5309.8
5939,10810,64198,0,1081.0,6419.8,0.0,-5338.8
5940,8610,64270,0,861.0,6427.0,0.0,-5566.0
5941,7030,62958,0,703.0,6295.8,0.0,-5592.8
5942,14310,65342,0,1431.0,6534.2,0.0,-5103.2
5943,7410,63843,0,741.0,6384.3,0.0,-5643.3
5944,9900,65108,0,990.0,6510.8,0.0,-5520.8
5945,13780,65215,0,1378.0,6521.5,0.0,-5143.5
5946,6660,63173,0,666.0,6317.3,0.0,-5651.3
5947,9900,64182,0,990.0,6418.2,0.0,-5428.2
5948,9460,64493,0,946.0,6449.3,0.0,-5503.3
5949,10810,64578,0,1081.0,6457.8,0.0,-5376.8
5950,9460,63218,0,946.0,6321.8,0.0,-5375.8
5951,8610,64496,0,861.0,6449.6,0.0,-5588.6
5952,7410,63951,0,741.0,6395.1,0.0,-5654.1
5953,6300,63972,0,630.0,6397.2,0.0,-5767.2
5954,10350,64587,0,1035.0,6458.7,0.0,-5423.7
5955,9030,64876,0,903.0,6487.6,0.0,-5584.6
5956,8610,64063,0,861.0,6406.3,0.0,-5545.3
5957,6660,63336,0,666.0,6333.6,0.0,-5667.6
5958,14850,66221,0,1485.0,6622.1,0.0,-5137.1
5959,13260,65043,0,1326.0,6504.3,0.0,-5178.3
5960,15960,66616,0,1596.0,6661.6,0.0,-5065.6
5961,11760,64926,0,1176.0,6492.6,0.0,-5316.6
5962,10350,64873,0,1035.0,6487.3,0.0,-5452.3
5963,15960,65916,0,1596.0,6591.6,0.0,-4995.6
5964,13780,65277,0,1378.0,6527.7,0.0,-5149.7
5965,8610,64465,0,861.0,6446.5,0.0,-5585.5
5966,6660,63129,0,666.0,6312.9,0.0,-5646.9
5967,22780,67366,0,2278.0,6736.6,0.0,-4458.6
5968,17110,65040,0,1711.0,6504.0,0.0,-4793.0
5969,10810,65447,0,1081.0,6544.7,0.0,-5463.7
5970,4060,60488,0,406.0,6048.8,0.0,-5642.8
5971,8610,65006,0,861.0,6500.6,0.0,-5639.6
5972,10810,65340,0,1081.0,6534.0,0.0,-5453.0
5973,5610,63086,0,561.0,6308.6,0.0,-5747.6
5974,15400,64542,0,1540.0,6454.2,0.0,-4914.2
5975,7800,63368,0,780.0,6336.8,0.0,-5556.8
5976,11280,64629,0,1128.0,6462.9,0.0,-5334.9
5977,11760,65355,0,1176.0,6535.5,0.0,-5359.5
5978,18300,66834,0,1830.0,6683.4,0.0,-4853.4
5979,9460,64919,0,946.0,6491.9,0.0,-5545.9
5980,7030,63396,0,703.0,6339.6,0.0,-5636.6
5981,17700,67314,0,1770.0,6731.4,0.0,-4961.4
5982,9460,64411,0,946.0,6441.1,0.0,-5495.1
5983,9460,63482,0,946.0,6348.2,0.0,-5402.2
5984,9900,65244,0,990.0,6524.4,0.0,-5534.4
5985,17700,66629,0,1770.0,6662.9,0.0,-4892.9
5986,7800,63266,0,780.0,6326.6,0.0,-5546.6
5987,7800,63541,0,780.0,6354.1,0.0,-5574.1
5988,6660,62056,0,666.0,6205.6,0.0,-5539.6
5989,7410,63071,0,741.0,6307.1,0.0,-5566.1
5990,4960,63147,0,496.0,6314.7,0.0,-5818.7
5991,12250,65579,0,1225.0,6557.9,0.0,-5332.9
5992,13260,65801,0,1326.0,6580.1,0.0,-5254.1
5993,13260,65541,0,1326.0,6554.1,0.0,-5228.1
5994,20800,66617,0,2080.0,6661.7,0.0,-4581.7
5995,16530,66335,0,1653.0,6633.5,0.0,-4980.5
5996,22110,67853,0,2211.0,6785.3,0.0,-4574.3
5997,10350,64566,0,1035.0,6456.6,0.0,-5421.6
5998,9030,65745,0,903.0,6574.5,0.0,-5671.5
5999,19530,209461,0,1953.0,20946.1,0.0,-18993.1
6000,13260,64978,0,1326.0,6497.8,0.0,-5171.8
6001,8200,64882,0,820.0,6488.2,0.0,-5668.2
6002,10350,63918,0,1035.0,6391.8,0.0,-5356.8
6003,6660,63330,0,666.0,6333.0,0.0,-5667.0
6004,5610,62615,0,561.0,6261.5,0.0,-5700.5
6005,7030,62212,0,703.0,6221.2,0.0,-5518.2
6006,7410,62927,0,741.0,6292.7,0.0,-5551.7
6007,15960,65793,0,1596.0,6579.3,0.0,-4983.3
6008,9460,64265,0,946.0,6426.5,0.0,-5480.5
6009,10350,64311,0,1035.0,6431.1,0.0,-5396.1
6010,13260,65691,0,1326.0,6569.1,0.0,-5243.1
6011,11760,64977,0,1176.0,6497.7,0.0,-5321.7
6012,17700,66454,0,1770.0,6645.4,0.0,-4875.4
6013,13260,65795,0,1326.0,6579.5,0.0,-5253.5
6014,11280,65210,0,1128.0,6521.0,0.0,-5393.0
6015,4960,62290,0,496.0,6229.0,0.0,-5733.0
6016,10810,63918,0,1081.0,6391.8,0.0,-5310.8
6017,13780,65793,0,1378.0,6579.3,0.0,-5201.3
6018,17110,66844,0,1711.0,6684.4,0.0,-4973.4
6019,9460,64555,0,946.0,6455.5,0.0,-5509.5
6020,11280,64304,0,1128.0,6430.4,0.0,-5302.4
6021,15960,65969,0,1596.0,6596.9,0.0,-5000.9
6022,7410,64191,0,741.0,6419.1,0.0,-5678.1
6023,6300,63329,0,630.0,6332.9,0.0,-5702.9
6024,3780,62314,0,378.0,6231.4,0.0,-5853.4
6025,14310,65011,0,1431.0,6501.1,0.0,-5070.1
6026,10350,64172,0,1035.0,6417.2,0.0,-5382.2
6027,6300,62958,0,630.0,6295.8,0.0,-5665.8
6028,6660,63515,0,666.0,6351.5,0.0,-5685.5
6029,7800,63670,0,780.0,6367.0,0.0,-5587.0
6030,16530,67642,0,1653.0,6764.2,0.0,-5111.2
6031,12250,65116,0,1225.0,6511.6,0.0,-5286.6
6032,10810,64562,0,1081.0,6456.2,0.0,-5375.2
6033,8610,63168,0,861.0,6316.8,0.0,-5455.8
6034,15400,64697,0,1540.0,6469.7,0.0,-4929.7
6035,24150,66658,0,2415.0,6665.8,0.0,-4250.8
6036,6660,63070,0,666.0,6307.0,0.0,-5641.0
6037,10350,63791,0,1035.0,6379.1,0.0,-5344.1
6038,18300,67071,0,1830.0,6707.1,0.0,-4877.1
6039,9460,64604,0,946.0,6460.4,0.0,-5514.4
6040,9900,64532,0,990.0,6453.2,0.0,-5463.2
6041,13780,65115,0,1378.0,6511.5,0.0,-5133.5
6042,11280,64652,0,1128.0,6465.2,0.0,-5337.2
6043,5280,62778,0,528.0,6277.8,0.0,-5749.8
6044,15960,66705,0,1596.0,6670.5,0.0,-5074.5
6045,14850,65166,0,1485.0,6516.6,0.0,-5031.6
6046,7800,64105,0,780.0,6410.5,0.0,-5630.5
6047,9030,62926,0,903.0,6292.6,0.0,-5389.6
6048,8610,65029,0,861.0,6502.9,0.0,-5641.9
6049,9030,63965,0,903.0,6396.5,0.0,-5493.5
6050,6660,64128,0,666.0,6412.8,0.0,-5746.8
6051,10350,65519,0,1035.0,6551.9,0.0,-5516.9
6052,10350,65303,0,1035.0,6530.3,0.0,-5495.3
6053,10810,65439,0,1081.0,6543.9,0.0,-5462.9
6054,5610,62451,0,561.0,6245.1,0.0,-5684.1
6055,10350,64736,0,1035.0,6473.6,0.0,-5438.6
6056,11280,66259,0,1128.0,6625.9,0.0,-5497.9
6057,11280,65245,0,1128.0,6524.5,0.0,-5396.5
6058,11760,66020,0,1176.0,6602.0,0.0,-5426.0
6059,18910,67605,0,1891.0,6760.5,0.0,-4869.5
6060,9900,64483,0,990.0,6448.3,0.0,-5458.3
6061,19530,66075,0,1953.0,6607.5,0.0,-4654.5
6062,27750,68374,0,2775.0,6837.4,0.0,-4062.4
6063,11760,65593,0,1176.0,6559.3,0.0,-5383.3
6064,10810,63298,0,1081.0,6329.8,0.0,-5248.8
6065,12250,65148,0,1225.0,6514.8,0.0,-5289.8
6066,12750,65668,0,1275.0,6566.8,0.0,-5291.8
6067,15960,65214,0,1596.0,6521.4,0.0,-4925.4
6068,11280,65638,0,1128.0,6563.8,0.0,-5435.8
6069,18910,66570,0,1891.0,6657.0,0.0,-4766.0
6070,6660,62858,0,666.0,6285.8,0.0,-5619.8
6071,11280,65950,0,1128.0,6595.0,0.0,-5467.0
6072,14850,66034,0,1485.0,6603.4,0.0,-5118.4
6073,17700,66369,0,1770.0,6636.9,0.0,-4866.9
6074,10810,64799,0,1081.0,6479.9,0.0,-5398.9
6075,8200,64563,0,820.0,6456.3,0.0,-5636.3
6076,16530,67000,0,1653.0,6700.0,0.0,-5047.0
6077,13780,64741,0,1378.0,6474.1,0.0,-5096.1
6078,8200,62890,0,820.0,6289.0,0.0,-5469.0
6079,10810,64471,0,1081.0,6447.1,0.0,-5366.1
6080,12250,65658,0,1225.0,6565.8,0.0,-5340.8
6081,13780,64899,0,1378.0,6489.9,0.0,-5111.9
6082,7410,64139,0,741.0,6413.9,0.0,-5672.9
6083,9460,64673,0,946.0,6467.3,0.0,-5521.3
6084,10810,65402,0,1081.0,6540.2,0.0,-5459.2
6085,11760,64705,0,1176.0,6470.5,0.0,-5294.5
6086,16530,66504,0,1653.0,6650.4,0.0,-4997.4
6087,7410,67877,0,741.0,6787.7,0.0,-6046.7
6088,8610,63338,0,861.0,6333.8,0.0,-5472.8
6089,13780,65187,0,1378.0,6518.7,0.0,-5140.7
6090,6300,62491,0,630.0,6249.1,0.0,-5619.1
6091,7800,63632,0,780.0,6363.2,0.0,-5583.2
6092,10810,65289,0,1081.0,6528.9,0.0,-5447.9
6093,3780,61974,0,378.0,6197.4,0.0,-5819.4
6094,17700,66843,0,1770.0,6684.3,0.0,-4914.3
6095,8200,62877,0,820.0,6287.7,0.0,-5467.7
6096,10810,64955,0,1081.0,6495.5,0.0,-5414.5
6097,14310,70434,0,1431.0,7043.4,0.0,-5612.4
6098,7030,63477,0,703.0,6347.7,0.0,-5644.7
6099,6300,62582,0,630.0,6258.2,0.0,-5628.2
6100,5610,61221,0,561.0,6122.1,0.0,-5561.1
6101,22780,66916,0,2278.0,6691.6,0.0,-4413.6
6102,5280,62648,0,528.0,6264.8,0.0,-5736.8
6103,5950,62873,0,595.0,6287.3,0.0,-5692.3
6104,4060,62743,0,406.0,6274.3,0.0,-5868.3
6105,19530,67614,0,1953.0,6761.4,0.0,-4808.4
6106,17110,66119,0,1711.0,6611.9,0.0,-4900.9
6107,22110,66259,0,2211.0,6625.9,0.0,-4414.9
6108,6300,61290,0,630.0,6129.0,0.0,-5499.0
6109,11760,65686,0,1176.0,6568.6,0.0,-5392.6
6110,11280,65344,0,1128.0,6534.4,0.0,-5406.4
6111,5950,63305,0,595.0,6330.5,0.0,-5735.5
6112,9900,63029,0,990.0,6302.9,0.0,-5312.9
6113,7410,62343,0,741.0,6234.3,0.0,-5493.3
6114,6300,62674,0,630.0,6267.4,0.0,-5637.4
6115,9900,65296,0,990.0,6529.6,0.0,-5539.6
6116,15400,66315,0,1540.0,6631.5,0.0,-5091.5
6117,8200,63040,0,820.0,6304.0,0.0,-5484.0
6118,10810,66249,0,1081.0,6624.9,0.0,-5543.9
6119,10350,64746,0,1035.0,6474.6,0.0,-5439.6
6120,12250,64599,0,1225.0,6459.9,0.0,-5234.9
6121,14310,65901,0,1431.0,6590.1,0.0,-5159.1
6122,11280,65500,0,1128.0,6550.0,0.0,-5422.0
6123,4960,62327,0,496.0,6232.7,0.0,-5736.7
6124,10810,65170,0,1081.0,6517.0,0.0,-5436.0
6125,5280,64038,0,528.0,6403.8,0.0,-5875.8
6126,15400,66307,0,1540.0,6630.7,0.0,-5090.7
6127,9460,65317,0,946.0,6531.7,0.0,-5585.7
6128,8610,63789,0,861.0,6378.9,0.0,-5517.9
6129,12750,64530,0,1275.0,6453.0,0.0,-5178.0
6130,8610,64364,0,861.0,6436.4,0.0,-5575.4
6131,9030,64211,0,903.0,6421.1,0.0,-5518.1
6132,15400,67176,0,1540.0,6717.6,0.0,-5177.6
6133,10350,63519,0,1035.0,6351.9,0.0,-5316.9
6134,4960,62154,0,496.0,6215.4,0.0,-5719.4
6135,10810,64462,0,1081.0,6446.2,0.0,-5365.2
6136,10350,63314,0,1035.0,6331.4,0.0,-5296.4
6137,5280,62788,0,528.0,6278.8,0.0,-5750.8
6138,9900,64215,0,990.0,6421.5,0.0,-5431.5
6139,8610,64461,0,861.0,6446.1,0.0,-5585.1
6140,11760,65602,0,1176.0,6560.2,0.0,-5384.2
6141,8610,63905,0,861.0,6390.5,0.0,-5529.5
6142,18910,67252,0,1891.0,6725.2,0.0,-4834.2
6143,13260,66382,0,1326.0,6638.2,0.0,-5312.2
6144,13260,64963,0,1326.0,6496.3,0.0,-5170.3
6145,6660,61056,0,666.0,6105.6,0.0,-5439.6
6146,9900,65073,0,990.0,6507.3,0.0,-5517.3
6147,6660,63405,0,666.0,6340.5,0.0,-5674.5
6148,7030,63514,0,703.0,6351.4,0.0,-5648.4
6149,14310,64287,0,1431.0,6428.7,0.0,-4997.7
6150,13260,65032,0,1326.0,6503.2,0.0,-5177.2
6151,11280,65535,0,1128.0,6553.5,0.0,-5425.5
6152,14310,65258,0,1431.0,6525.8,0.0,-5094.8
6153,4350,60945,0,435.0,6094.5,0.0,-5659.5
6154,5610,63685,0,561.0,6368.5,0.0,-5807.5
6155,9030,64072,0,903.0,6407.2,0.0,-5504.2
6156,7030,62925,0,703.0,6292.5,0.0,-5589.5
6157,5280,63460,0,528.0,6346.0,0.0,-5818.0
6158,13780,65893,0,1378.0,6589.3,0.0,-5211.3
6159,13780,65675,0,1378.0,6567.5,0.0,-5189.5
6160,7800,63158,0,780.0,6315.8,0.0,-5535.8
6161,11280,64709,0,1128.0,6470.9,0.0,-5342.9
6162,9900,63653,0,990.0,6365.3,0.0,-5375.3
6163,6300,63401,0,630.0,6340.1,0.0,-5710.1
6164,14850,66447,0,1485.0,6644.7,0.0,-5159.7
6165,9900,64522,0,990.0,6452.2,0.0,-5462.2
6166,23460,68674,0,2346.0,6867.4,0.0,-4521.4
6167,7410,61623,0,741.0,6162.3,0.0,-5421.3
6168,5950,64143,0,595.0,6414.3,0.0,-5819.3
6169,11280,62785,0,1128.0,6278.5,0.0,-5150.5
6170,19530,65806,0,1953.0,6580.6,0.0,-4627.6
6171,10350,66163,0,1035.0,6616.3,0.0,-5581.3
6172,14310,65904,0,1431.0,6590.4,0.0,-5159.4
6173,9460,63369,0,946.0,6336.9,0.0,-5390.9
6174,14310,66972,0,1431.0,6697.2,0.0,-5266.2
6175,4960,62028,0,496.0,6202.8,0.0,-5706.8
6176,9460,64638,0,946.0,6463.8,0.0,-5517.8
6177,13260,65871,0,1326.0,6587.1,0.0,-5261.1
6178,7410,64327,0,741.0,6432.7,0.0,-5691.7
6179,8610,63670,0,861.0,6367.0,0.0,-5506.0
6180,15960,65585,0,1596.0,6558.5,0.0,-4962.5
6181,11760,66072,0,1176.0,6607.2,0.0,-5431.2
6182,7800,63866,0,780.0,6386.6,0.0,-5606.6
6183,18300,66380,0,1830.0,6638.0,0.0,-4808.0
6184,3780,61857,0,378.0,6185.7,0.0,-5807.7
6185,13260,65055,0,1326.0,6505.5,0.0,-5179.5
6186,12750,65834,0,1275.0,6583.4,0.0,-5308.4
6187,7410,63024,0,741.0,6302.4,0.0,-5561.4
6188,16530,66727,0,1653.0,6672.7,0.0,-5019.7
6189,3510,60707,0,351.0,6070.7,0.0,-5719.7
6190,6660,64045,0,666.0,6404.5,0.0,-5738.5
6191,22110,67248,0,2211.0,6724.8,0.0,-4513.8
6192,8200,64371,0,820.0,6437.1,0.0,-5617.1
6193,8200,63640,0,820.0,6364.0,0.0,-5544.0
6194,6660,62675,0,666.0,6267.5,0.0,-5601.5
6195,9900,65430,0,990.0,6543.0,0.0,-5553.0
6196,9460,64720,0,946.0,6472.0,0.0,-5526.0
6197,8610,64430,0,861.0,6443.0,0.0,-5582.0
6198,22110,66686,0,2211.0,6668.6,0.0,-4457.6
6199,7410,64949,0,741.0,6494.9,0.0,-5753.9
6200,5610,63334,0,561.0,6333.4,0.0,-5772.4
6201,6300,63376,0,630.0,6337.6,0.0,-5707.6
6202,22780,63146,0,2278.0,6314.6,0.0,-4036.6
6203,12750,64763,0,1275.0,6476.3,0.0,-5201.3
6204,10810,64126,0,1081.0,6412.6,0.0,-5331.6
6205,7410,62213,0,741.0,6221.3,0.0,-5480.3
6206,5280,61625,0,528.0,6162.5,0.0,-5634.5
6207,10810,64546,0,1081.0,6454.6,0.0,-5373.6
6208,10350,62895,0,1035.0,6289.5,0.0,-5254.5
6209,11280,63833,0,1128.0,6383.3,0.0,-5255.3
6210,12250,64634,0,1225.0,6463.4,0.0,-5238.4
6211,15960,67497,0,1596.0,6749.7,0.0,-5153.7
6212,11760,64259,0,1176.0,6425.9,0.0,-5249.9
6213,18300,66756,0,1830.0,6675.6,0.0,-4845.6
6214,7030,62680,0,703.0,6268.0,0.0,-5565.0
6215,8200,63440,0,820.0,6344.0,0.0,-5524.0
6216,11760,66191,0,1176.0,6619.1,0.0,-5443.1
6217,12250,66359,0,1225.0,6635.9,0.0,-5410.9
6218,12750,65449,0,1275.0,6544.9,0.0,-5269.9
6219,9030,64940,0,903.0,6494.0,0.0,-5591.0
6220,6660,63347,0,666.0,6334.7,0.0,-5668.7
6221,16530,66427,0,1653.0,6642.7,0.0,-4989.7
6222,9460,64381,0,946.0,6438.1,0.0,-5492.1
6223,7800,64105,0,780.0,6410.5,0.0,-5630.5
6224,10350,65162,0,1035.0,6516.2,0.0,-5481.2
6225,5280,63300,0,528.0,6330.0,0.0,-5802.0
6226,12250,64416,0,1225.0,6441.6,0.0,-5216.6
6227,10810,64924,0,1081.0,6492.4,0.0,-5411.4
6228,7800,64818,0,780.0,6481.8,0.0,-5701.8
6229,9460,64508,0,946.0,6450.8,0.0,-5504.8
6230,9460,65009,0,946.0,6500.9,0.0,-5554.9
6231,5280,62467,0,528.0,6246.7,0.0,-5718.7
6232,14310,66270,0,1431.0,6627.0,0.0,-5196.0
6233,22780,67173,0,2278.0,6717.3,0.0,-4439.3
6234,7030,63123,0,703.0,6312.3,0.0,-5609.3
6235,15400,66402,0,1540.0,6640.2,0.0,-5100.2
6236,8610,63519,0,861.0,6351.9,0.0,-5490.9
6237,8200,65267,0,820.0,6526.7,0.0,-5706.7
6238,14850,65705,0,1485.0,6570.5,0.0,-5085.5
6239,18300,67006,0,1830.0,6700.6,0.0,-4870.6
6240,11280,65169,0,1128.0,6516.9,0.0,-5388.9
6241,13780,64649,0,1378.0,6464.9,0.0,-5086.9
6242,15400,65682,0,1540.0,6568.2,0.0,-5028.2
6243,14310,65275,0,1431.0,6527.5,0.0,-5096.5
6244,10810,65486,0,1081.0,6548.6,0.0,-5467.6
6245,11280,64997,0,1128.0,6499.7,0.0,-5371.7
6246,16530,67992,0,1653.0,6799.2,0.0,-5146.2
6247,12250,65638,0,1225.0,6563.8,0.0,-5338.8
6248,13780,65091,0,1378.0,6509.1,0.0,-5131.1
6249,6660,62986,0,666.0,6298.6,0.0,-5632.6
6250,9900,64635,0,990.0,6463.5,0.0,-5473.5
6251,7410,64384,0,741.0,6438.4,0.0,-5697.4
6252,14310,65465,0,1431.0,6546.5,0.0,-5115.5
6253,13260,66499,0,1326.0,6649.9,0.0,-5323.9
6254,6660,62262,0,666.0,6226.2,0.0,-5560.2
6255,9460,64015,0,946.0,6401.5,0.0,-5455.5
6256,7030,63451,0,703.0,6345.1,0.0,-5642.1
6257,13260,65135,0,1326.0,6513.5,0.0,-5187.5
6258,13780,65657,0,1378.0,6565.7,0.0,-5187.7
6259,16530,65699,0,1653.0,6569.9,0.0,-4916.9
6260,8200,63230,0,820.0,6323.0,0.0,-5503.0
6261,10810,65543,0,1081.0,6554.3,0.0,-5473.3
6262,5610,62726,0,561.0,6272.6,0.0,-5711.6
6263,8200,64024,0,820.0,6402.4,0.0,-5582.4
6264,6660,62793,0,666.0,6279.3,0.0,-5613.3
6265,11760,64715,0,1176.0,6471.5,0.0,-5295.5
6266,8610,64877,0,861.0,6487.7,0.0,-5626.7
6267,12250,63771,0,1225.0,6377.1,0.0,-5152.1
6268,9460,63121,0,946.0,6312.1,0.0,-5366.1
6269,24150,69431,0,2415.0,6943.1,0.0,-4528.1
6270,7800,63414,0,780.0,6341.4,0.0,-5561.4
6271,9030,63920,0,903.0,6392.0,0.0,-5489.0
6272,7030,63458,0,703.0,6345.8,0.0,-5642.8
6273,9900,65895,0,990.0,6589.5,0.0,-5599.5
