tag_id,accept_per_round,reject_per_round,abstain_per_round,net_per_round
0,289543.0,263582.3,0.0,25960.7
1,141.0,6426.0,0.0,-6285.0
2,285943.0,260360.0,0.0,25583.0
3,30114.0,35597.1,0.0,-5483.1
4,166342.0,163962.1,0.0,2379.9
5,196754.0,188124.4,0.0,8629.6
6,466.0,6764.8,0.0,-6298.8
7,52571.0,57029.1,0.0,-4458.1
8,5788.0,12034.6,0.0,-6246.6
9,68115.0,71244.9,0.0,-3129.9
10,11190.0,17248.6,0.0,-6058.6
11,183.0,6473.0,0.0,-6290.0
12,172098.0,169067.2,0.0,3030.8
13,1938.0,8232.2,0.0,-6294.2
14,270334.0,248994.4,0.0,21339.6
15,129190.0,129468.1,0.0,-278.1
16,114559.0,116743.4,0.0,-2184.4
17,78590.0,82031.2,0.0,-3441.2
18,39655.0,44711.3,0.0,-5056.3
19,1106.0,7405.7,0.0,-6299.7
20,1303.0,7602.9,0.0,-6299.9
21,14104.0,20079.5,0.0,-5975.5
22,78002.0,80745.9,0.0,-2743.9
23,70897.0,74547.4,0.0,-3650.4
24,53362.0,58031.5,0.0,-4669.5
25,28573.0,33400.0,0.0,-4827.0
26,12969.0,19012.1,0.0,-6043.1
27,17098.0,23069.5,0.0,-5971.5
28,67305.0,71407.0,0.0,-4102.0
29,105201.0,107633.6,0.0,-2432.6
30,69805.0,73580.6,0.0,-3775.6
31,8316.0,14494.9,0.0,-6178.9
32,110900.0,113211.1,0.0,-2311.1
33,111207.0,113485.7,0.0,-2278.7
34,174192.0,168318.8,0.0,5873.2
35,89898.0,93213.8,0.0,-3315.8
36,2650.0,8951.9,0.0,-6301.9
37,21778.0,27019.0,0.0,-5241.0
38,2855.0,9150.1,0.0,-6295.1
39,27821.0,32789.4,0.0,-4968.4
40,38072.0,43247.3,0.0,-5175.3
41,16939.0,22804.7,0.0,-5865.7
42,82082.0,85540.0,0.0,-3458.0
43,4803.0,11030.3,0.0,-6227.3
44,2299.0,8593.3,0.0,-6294.3
45,195640.0,188447.4,0.0,7192.6
46,77791.0,81326.4,0.0,-3535.4
47,4947.0,11146.8,0.0,-6199.8
48,66432.0,70521.4,0.0,-4089.4
49,15782.0,21736.5,0.0,-5954.5
50,24958.0,30617.2,0.0,-5659.2
51,76340.0,80063.4,0.0,-3723.4
52,51471.0,56254.8,0.0,-4783.8
53,122213.0,123686.8,0.0,-1473.8
54,196877.0,188584.7,0.0,8292.3
55,44145.0,48983.2,0.0,-4838.2
56,6972.0,13175.4,0.0,-6203.4
57,20866.0,26665.1,0.0,-5799.1
58,39991.0,45070.9,0.0,-5079.9
59,58813.0,62877.2,0.0,-4064.2
60,3493.0,9767.9,0.0,-6274.9
61,1275.0,7578.1,0.0,-6303.1
62,49230.0,53974.4,0.0,-4744.4
63,70484.0,74483.6,0.0,-3999.6
64,5600.0,11841.7,0.0,-6241.7
65,11728.0,17581.7,0.0,-5853.7
66,69007.0,71668.1,0.0,-2661.1
67,146475.0,143967.1,0.0,2507.9
68,90753.0,93808.0,0.0,-3055.0
69,9662.0,15575.4,0.0,-5913.4
70,54428.0,58151.3,0.0,-3723.3
71,112587.0,109737.0,0.0,2850.0
72,73254.0,76785.8,0.0,-3531.8
73,17448.0,22944.5,0.0,-5496.5
74,17273.0,22772.3,0.0,-5499.3
75,68211.0,72186.9,0.0,-3975.9
76,2912.0,9163.6,0.0,-6251.6
77,95316.0,94321.5,0.0,994.5
78,18333.0,24141.3,0.0,-5808.3
79,6255.0,12397.8,0.0,-6142.8
80,50011.0,54660.2,0.0,-4649.2
81,81836.0,82750.1,0.0,-914.1
82,19522.0,25171.6,0.0,-5649.6
83,4603.0,10788.7,0.0,-6185.7
84,19021.0,24798.6,0.0,-5777.6
85,51221.0,55795.2,0.0,-4574.2
86,3411.0,9688.6,0.0,-6277.6
87,20923.0,26649.1,0.0,-5726.1
88,22394.0,28028.8,0.0,-5634.8
89,5311.0,11525.4,0.0,-6214.4
90,31762.0,37148.6,0.0,-5386.6
91,104476.0,106848.0,0.0,-2372.0
92,56010.0,60458.6,0.0,-4448.6
93,63644.0,67852.9,0.0,-4208.9
94,102685.0,105361.4,0.0,-2676.4
95,3287.0,9564.4,0.0,-6277.4
96,28949.0,34437.2,0.0,-5488.2
97,20006.0,25736.0,0.0,-5730.0
98,39976.0,44892.4,0.0,-4916.4
99,89410.0,92669.2,0.0,-3259.2
100,63930.0,67871.5,0.0,-3941.5
101,39630.0,44501.0,0.0,-4871.0
102,13819.0,19668.2,0.0,-5849.2
103,16921.0,22703.4,0.0,-5782.4
104,154.0,6440.9,0.0,-6286.9
105,18551.0,24365.8,0.0,-5814.8
106,436.0,6729.6,0.0,-6293.6
107,25156.0,30781.4,0.0,-5625.4
108,824.0,7129.8,0.0,-6305.8
109,19942.0,25752.8,0.0,-5810.8
110,4221.0,10483.9,0.0,-6262.9
111,20219.0,26009.1,0.0,-5790.1
112,12749.0,18809.5,0.0,-6060.5
113,113.0,6398.6,0.0,-6285.6
114,10134.0,15896.3,0.0,-5762.3
115,27094.0,32677.5,0.0,-5583.5
116,9788.0,15549.9,0.0,-5761.9
117,26954.0,32502.4,0.0,-5548.4
118,1932.0,8241.9,0.0,-6309.9
119,29138.0,34573.7,0.0,-5435.7
120,397.0,6697.5,0.0,-6300.5
121,9155.0,14961.7,0.0,-5806.7
122,129784.0,131397.5,0.0,-1613.5
123,27278.0,32776.9,0.0,-5498.9
124,5043.0,11248.3,0.0,-6205.3
125,623.0,6929.8,0.0,-6306.8
126,1220.0,7531.9,0.0,-6311.9
127,12272.0,18314.2,0.0,-6042.2
128,39213.0,44350.4,0.0,-5137.4
129,61157.0,65222.7,0.0,-4065.7
130,6196.0,12363.1,0.0,-6167.1
131,34571.0,39824.6,0.0,-5253.6
132,12043.0,18134.3,0.0,-6091.3
133,13637.0,19591.0,0.0,-5954.0
134,37723.0,42520.7,0.0,-4797.7
135,22082.0,27281.4,0.0,-5199.4
136,38641.0,43788.3,0.0,-5147.3
137,28390.0,33976.3,0.0,-5586.3
138,21442.0,27235.7,0.0,-5793.7
139,29315.0,34755.2,0.0,-5440.2
140,13851.0,19792.2,0.0,-5941.2
141,78676.0,82351.3,0.0,-3675.3
142,27404.0,32563.5,0.0,-5159.5
143,8959.0,15110.5,0.0,-6151.5
144,74644.0,77896.4,0.0,-3252.4
145,4502.0,10752.3,0.0,-6250.3
146,50220.0,54465.5,0.0,-4245.5
147,43169.0,47758.2,0.0,-4589.2
148,48677.0,53488.7,0.0,-4811.7
149,47692.0,51837.7,0.0,-4145.7
150,14935.0,20799.3,0.0,-5864.3
151,1883.0,8183.9,0.0,-6300.9
152,75305.0,78912.3,0.0,-3607.3
153,6713.0,12923.5,0.0,-6210.5
154,36858.0,41420.5,0.0,-4562.5
155,9717.0,15776.7,0.0,-6059.7
156,16431.0,22359.4,0.0,-5928.4
157,38351.0,43367.5,0.0,-5016.5
158,10182.0,16341.9,0.0,-6159.9
159,11301.0,17256.0,0.0,-5955.0
160,18401.0,24208.9,0.0,-5807.9
161,9960.0,16053.8,0.0,-6093.8
162,1829.0,8126.9,0.0,-6297.9
163,2890.0,9186.8,0.0,-6296.8
164,84440.0,87843.2,0.0,-3403.2
165,8451.0,14627.2,0.0,-6176.2
166,42191.0,47159.1,0.0,-4968.1
167,6077.0,12306.8,0.0,-6229.8
168,497.0,6789.8,0.0,-6292.8
169,31479.0,36883.1,0.0,-5404.1
170,2195.0,8497.6,0.0,-6302.6
171,19041.0,24891.5,0.0,-5850.5
172,9910.0,15936.1,0.0,-6026.1
173,5159.0,11388.8,0.0,-6229.8
174,3360.0,9638.4,0.0,-6278.4
175,24350.0,29990.4,0.0,-5640.4
176,56438.0,60906.7,0.0,-4468.7
177,28092.0,33533.6,0.0,-5441.6
178,6077.0,12309.5,0.0,-6232.5
179,24890.0,30316.1,0.0,-5426.1
180,18036.0,23690.3,0.0,-5654.3
181,4509.0,10789.0,0.0,-6280.0
182,39023.0,44070.0,0.0,-5047.0
183,549.0,6852.0,0.0,-6303.0
184,49455.0,54189.0,0.0,-4734.0
185,3998.0,10248.3,0.0,-6250.3
186,3064.0,9337.2,0.0,-6273.2
187,1739.0,8041.7,0.0,-6302.7
188,49467.0,53497.4,0.0,-4030.4
189,3258.0,9537.7,0.0,-6279.7
190,7303.0,13550.0,0.0,-6247.0
191,94529.0,97467.3,0.0,-2938.3
192,3399.0,9662.7,0.0,-6263.7
193,242.0,6535.2,0.0,-6293.2
194,3488.0,9757.0,0.0,-6269.0
195,46438.0,49755.1,0.0,-3317.1
196,93194.0,96399.9,0.0,-3205.9
197,1522.0,7818.9,0.0,-6296.9
198,19314.0,25152.7,0.0,-5838.7
199,49466.0,52656.9,0.0,-3190.9
200,1103.0,7416.6,0.0,-6313.6
201,39607.0,44214.5,0.0,-4607.5
202,13727.0,19748.8,0.0,-6021.8
203,384.0,6693.0,0.0,-6309.0
204,1963.0,8281.8,0.0,-6318.8
205,6518.0,12730.9,0.0,-6212.9
206,173.0,6457.2,0.0,-6284.2
207,1229.0,7537.3,0.0,-6308.3
208,537.0,6834.6,0.0,-6297.6
209,40653.0,45695.7,0.0,-5042.7
210,19195.0,25033.9,0.0,-5838.9
211,8292.0,14367.7,0.0,-6075.7
212,4155.0,10420.8,0.0,-6265.8
213,220.0,6512.6,0.0,-6292.6
214,1134.0,7444.8,0.0,-6310.8
215,2286.0,8600.6,0.0,-6314.6
216,5980.0,12078.7,0.0,-6098.7
217,790.0,7096.8,0.0,-6306.8
218,2574.0,8857.0,0.0,-6283.0
219,42668.0,47684.4,0.0,-5016.4
220,2193.0,8498.2,0.0,-6305.2
221,3111.0,9420.4,0.0,-6309.4
222,42949.0,47858.3,0.0,-4909.3
223,6448.0,12661.5,0.0,-6213.5
224,415.0,6714.2,0.0,-6299.2
225,4009.0,10278.3,0.0,-6269.3
226,698.0,7006.8,0.0,-6308.8
227,6842.0,13078.6,0.0,-6236.6
228,3568.0,9868.2,0.0,-6300.2
229,5182.0,11441.8,0.0,-6259.8
230,21275.0,27084.7,0.0,-5809.7
231,10954.0,17000.2,0.0,-6046.2
232,438.0,6738.7,0.0,-6300.7
233,7103.0,13328.0,0.0,-6225.0
234,390.0,6703.3,0.0,-6313.3
235,8123.0,14301.4,0.0,-6178.4
236,13878.0,19573.6,0.0,-5695.6
237,6361.0,12569.7,0.0,-6208.7
238,16496.0,22487.5,0.0,-5991.5
239,13913.0,19609.6,0.0,-5696.6
240,15802.0,21708.3,0.0,-5906.3
241,28823.0,33831.2,0.0,-5008.2
242,30652.0,35596.2,0.0,-4944.2
243,837.0,7150.4,0.0,-6313.4
244,1051.0,7349.8,0.0,-6298.8
245,2752.0,9027.1,0.0,-6275.1
246,4118.0,10393.3,0.0,-6275.3
247,1230.0,7537.3,0.0,-6307.3
248,1062.0,7365.3,0.0,-6303.3
249,30606.0,36046.1,0.0,-5440.1
250,6327.0,12559.2,0.0,-6232.2
251,64088.0,68165.6,0.0,-4077.6
252,48410.0,52394.5,0.0,-3984.5
253,34767.0,39268.7,0.0,-4501.7
254,9818.0,15918.2,0.0,-6100.2
255,7162.0,13283.1,0.0,-6121.1
256,8742.0,14860.9,0.0,-6118.9
257,35820.0,40935.9,0.0,-5115.9
258,31086.0,36113.9,0.0,-5027.9
259,424.0,6721.5,0.0,-6297.5
260,21225.0,26940.2,0.0,-5715.2
261,2419.0,8683.1,0.0,-6264.1
262,26467.0,32107.6,0.0,-5640.6
263,12469.0,18467.8,0.0,-5998.8
264,39519.0,44535.9,0.0,-5016.9
265,24598.0,30256.0,0.0,-5658.0
266,14041.0,20037.4,0.0,-5996.4
267,2223.0,8538.5,0.0,-6315.5
268,12090.0,18119.0,0.0,-6029.0
269,26195.0,31619.8,0.0,-5424.8
270,2136.0,8440.9,0.0,-6304.9
271,12758.0,18734.2,0.0,-5976.2
272,1083.0,7376.5,0.0,-6293.5
273,9505.0,15620.4,0.0,-6115.4
274,1603.0,7869.1,0.0,-6266.1
275,6885.0,13064.2,0.0,-6179.2
276,42.0,6322.2,0.0,-6280.2
277,7870.0,14053.9,0.0,-6183.9
278,7411.0,13604.5,0.0,-6193.5
279,7518.0,13709.9,0.0,-6191.9
280,24491.0,30042.4,0.0,-5551.4
281,29010.0,34505.5,0.0,-5495.5
282,65.0,6348.6,0.0,-6283.6
283,329.0,6626.7,0.0,-6297.7
284,4674.0,10933.7,0.0,-6259.7
285,14976.0,20309.4,0.0,-5333.4
286,3403.0,9679.7,0.0,-6276.7
287,22527.0,27924.2,0.0,-5397.2
288,5500.0,11711.7,0.0,-6211.7
289,43331.0,48043.3,0.0,-4712.3
290,15171.0,20591.6,0.0,-5420.6
291,4877.0,11100.0,0.0,-6223.0
292,6464.0,12668.4,0.0,-6204.4
293,12943.0,18459.4,0.0,-5516.4
294,9852.0,15930.8,0.0,-6078.8
295,7987.0,14135.0,0.0,-6148.0
296,11882.0,17988.4,0.0,-6106.4
297,14230.0,20206.4,0.0,-5976.4
298,186.0,6480.2,0.0,-6294.2
299,13109.0,19099.3,0.0,-5990.3
300,65.0,6348.6,0.0,-6283.6
301,421.0,6721.2,0.0,-6300.2
302,590.0,6905.1,0.0,-6315.1
303,9698.0,15796.8,0.0,-6098.8
304,17574.0,23346.9,0.0,-5772.9
305,346.0,6640.9,0.0,-6294.9
306,812.0,7115.5,0.0,-6303.5
307,22829.0,28496.7,0.0,-5667.7
308,190.0,6478.7,0.0,-6288.7
309,194.0,6483.2,0.0,-6289.2
310,96.0,6380.7,0.0,-6284.7
311,19109.0,24912.8,0.0,-5803.8
312,591.0,6888.2,0.0,-6297.2
313,3058.0,9314.2,0.0,-6256.2
314,346.0,6649.6,0.0,-6303.6
315,4798.0,11052.1,0.0,-6254.1
316,5097.0,11315.5,0.0,-6218.5
317,991.0,7307.7,0.0,-6316.7
318,27725.0,33293.3,0.0,-5568.3
319,7494.0,13709.9,0.0,-6215.9
320,6064.0,12196.1,0.0,-6132.1
321,8765.0,14937.1,0.0,-6172.1
322,3569.0,9866.6,0.0,-6297.6
323,333.0,6622.5,0.0,-6289.5
324,740.0,7046.4,0.0,-6306.4
325,1321.0,7639.9,0.0,-6318.9
326,10016.0,16205.8,0.0,-6189.8
327,1055.0,7365.8,0.0,-6310.8
328,8330.0,14464.6,0.0,-6134.6
329,153.0,6442.8,0.0,-6289.8
330,17363.0,23297.6,0.0,-5934.6
331,5715.0,11943.2,0.0,-6228.2
332,284.0,6570.5,0.0,-6286.5
333,10278.0,16411.8,0.0,-6133.8
334,14334.0,20324.8,0.0,-5990.8
335,2136.0,8445.4,0.0,-6309.4
336,19881.0,25730.4,0.0,-5849.4
337,17293.0,23191.3,0.0,-5898.3
338,12302.0,18387.7,0.0,-6085.7
339,21856.0,27642.4,0.0,-5786.4
340,33704.0,39058.0,0.0,-5354.0
341,2421.0,8726.2,0.0,-6305.2
342,201.0,6498.7,0.0,-6297.7
343,2642.0,8954.6,0.0,-6312.6
344,12494.0,18528.2,0.0,-6034.2
345,2657.0,8942.5,0.0,-6285.5
346,13207.0,19200.8,0.0,-5993.8
347,8533.0,14724.1,0.0,-6191.1
348,2741.0,8956.6,0.0,-6215.6
349,20941.0,26664.5,0.0,-5723.5
350,2594.0,8832.9,0.0,-6238.9
351,1257.0,7569.7,0.0,-6312.7
352,2515.0,8751.6,0.0,-6236.6
353,22143.0,27772.1,0.0,-5629.1
354,421.0,6718.8,0.0,-6297.8
355,4732.0,10984.3,0.0,-6252.3
356,18199.0,24029.5,0.0,-5830.5
357,12949.0,18927.5,0.0,-5978.5
358,4003.0,10224.8,0.0,-6221.8
359,3897.0,10120.6,0.0,-6223.6
360,26096.0,31712.3,0.0,-5616.3
361,4686.0,10951.9,0.0,-6265.9
362,6245.0,12481.3,0.0,-6236.3
363,4347.0,10624.5,0.0,-6277.5
364,3883.0,10190.7,0.0,-6307.7
365,5060.0,11225.4,0.0,-6165.4
366,5224.0,11478.1,0.0,-6254.1
367,23151.0,28819.1,0.0,-5668.1
368,902.0,7206.5,0.0,-6304.5
369,2043.0,8335.2,0.0,-6292.2
370,5176.0,11434.9,0.0,-6258.9
371,828.0,7136.7,0.0,-6308.7
372,7152.0,13335.9,0.0,-6183.9
373,692.0,7004.0,0.0,-6312.0
374,17575.0,23477.4,0.0,-5902.4
375,45997.0,50780.1,0.0,-4783.1
376,6285.0,12485.2,0.0,-6200.2
377,3014.0,9301.3,0.0,-6287.3
378,2997.0,9249.2,0.0,-6252.2
379,6924.0,13072.4,0.0,-6148.4
380,2908.0,9153.7,0.0,-6245.7
381,16455.0,22396.4,0.0,-5941.4
382,3113.0,9382.6,0.0,-6269.6
383,2156.0,8469.5,0.0,-6313.5
384,815.0,7120.2,0.0,-6305.2
385,8312.0,14423.4,0.0,-6111.4
386,2231.0,8539.2,0.0,-6308.2
387,4965.0,11250.4,0.0,-6285.4
388,1907.0,8214.8,0.0,-6307.8
389,18389.0,24262.6,0.0,-5873.6
390,966.0,7260.8,0.0,-6294.8
391,8505.0,14701.5,0.0,-6196.5
392,10245.0,16388.3,0.0,-6143.3
393,3112.0,9406.7,0.0,-6294.7
394,2633.0,8947.0,0.0,-6314.0
395,1081.0,7380.1,0.0,-6299.1
396,1392.0,7701.8,0.0,-6309.8
397,2098.0,8396.4,0.0,-6298.4
398,5723.0,11927.9,0.0,-6204.9
399,1935.0,8243.6,0.0,-6308.6
400,370.0,6672.8,0.0,-6302.8
401,9426.0,15471.7,0.0,-6045.7
402,14020.0,19941.0,0.0,-5921.0
403,3792.0,10075.3,0.0,-6283.3
404,2682.0,8972.1,0.0,-6290.1
405,2333.0,8619.3,0.0,-6286.3
406,10129.0,16234.3,0.0,-6105.3
407,41.0,6321.0,0.0,-6280.0
408,42305.0,47277.8,0.0,-4972.8
409,4978.0,11235.2,0.0,-6257.2
410,18496.0,24290.9,0.0,-5794.9
411,7352.0,13543.3,0.0,-6191.3
412,3233.0,9521.3,0.0,-6288.3
413,2071.0,8375.4,0.0,-6304.4
414,4507.0,10548.6,0.0,-6041.6
415,4507.0,10548.6,0.0,-6041.6
416,4423.0,10470.8,0.0,-6047.8
417,14111.0,19805.4,0.0,-5694.4
418,43229.0,48149.7,0.0,-4920.7
419,13378.0,19097.6,0.0,-5719.6
420,1847.0,8175.5,0.0,-6328.5
421,22541.0,28229.9,0.0,-5688.9
422,1548.0,7844.9,0.0,-6296.9
423,976.0,7275.9,0.0,-6299.9
424,4167.0,10451.9,0.0,-6284.9
425,39811.0,44615.0,0.0,-4804.0
426,1399.0,7715.5,0.0,-6316.5
427,1936.0,8251.7,0.0,-6315.7
428,972.0,7277.4,0.0,-6305.4
429,3820.0,10086.6,0.0,-6266.6
430,908.0,7210.0,0.0,-6302.0
431,33592.0,38946.8,0.0,-5354.8
432,755.0,7041.8,0.0,-6286.8
433,515.0,6795.8,0.0,-6280.8
434,515.0,6795.8,0.0,-6280.8
435,18684.0,24507.3,0.0,-5823.3
436,5600.0,11874.3,0.0,-6274.3
437,10615.0,16701.8,0.0,-6086.8
438,1075.0,7383.5,0.0,-6308.5
439,2595.0,8886.9,0.0,-6291.9
440,11536.0,17631.4,0.0,-6095.4
441,308.0,6603.6,0.0,-6295.6
442,7668.0,13858.6,0.0,-6190.6
443,5257.0,11499.6,0.0,-6242.6
444,2184.0,8427.7,0.0,-6243.7
445,24553.0,30125.4,0.0,-5572.4
446,2777.0,8989.6,0.0,-6212.6
447,17287.0,23154.2,0.0,-5867.2
448,11751.0,17800.9,0.0,-6049.9
449,12076.0,18105.1,0.0,-6029.1
450,1273.0,7588.9,0.0,-6315.9
451,8082.0,14205.9,0.0,-6123.9
452,7616.0,13764.4,0.0,-6148.4
453,1456.0,7744.8,0.0,-6288.8
454,1696.0,7988.1,0.0,-6292.1
455,54.0,6335.1,0.0,-6281.1
456,9377.0,15481.9,0.0,-6104.9
457,2875.0,9156.4,0.0,-6281.4
458,54.0,6335.1,0.0,-6281.1
459,1475.0,7774.6,0.0,-6299.6
460,199.0,6489.8,0.0,-6290.8
461,931.0,7249.0,0.0,-6318.0
462,1742.0,8046.4,0.0,-6304.4
463,823.0,7135.3,0.0,-6312.3
464,423.0,6724.1,0.0,-6301.1
465,5436.0,11649.6,0.0,-6213.6
466,410.0,6706.4,0.0,-6296.4
467,963.0,7261.0,0.0,-6298.0
468,22454.0,28185.7,0.0,-5731.7
469,19972.0,25748.2,0.0,-5776.2
470,431.0,6734.8,0.0,-6303.8
471,1401.0,7714.7,0.0,-6313.7
472,151.0,6442.7,0.0,-6291.7
473,2113.0,8415.8,0.0,-6302.8
474,1955.0,8245.3,0.0,-6290.3
475,36.0,6314.8,0.0,-6278.8
476,15440.0,21374.9,0.0,-5934.9
477,1682.0,7987.0,0.0,-6305.0
478,222.0,6517.0,0.0,-6295.0
479,263.0,6556.8,0.0,-6293.8
480,1872.0,8159.6,0.0,-6287.6
481,5612.0,11794.1,0.0,-6182.1
482,10469.0,16558.4,0.0,-6089.4
483,5109.0,11328.6,0.0,-6219.6
484,30656.0,36033.9,0.0,-5377.9
485,955.0,7263.4,0.0,-6308.4
486,1346.0,7631.4,0.0,-6285.4
487,1386.0,7669.4,0.0,-6283.4
488,8569.0,14732.3,0.0,-6163.3
489,1032.0,7325.2,0.0,-6293.2
490,1761.0,8058.1,0.0,-6297.1
491,2704.0,8983.9,0.0,-6279.9
492,11482.0,17421.1,0.0,-5939.1
493,3667.0,9889.8,0.0,-6222.8
494,3711.0,9986.1,0.0,-6275.1
495,17315.0,23161.2,0.0,-5846.2
496,2404.0,8656.2,0.0,-6252.2
497,3884.0,10176.2,0.0,-6292.2
498,21057.0,26825.1,0.0,-5768.1
499,11725.0,17736.6,0.0,-6011.6
500,4286.0,10538.7,0.0,-6252.7
501,409.0,6706.6,0.0,-6297.6
502,21638.0,27400.2,0.0,-5762.2
503,1470.0,7748.6,0.0,-6278.6
504,16170.0,22148.3,0.0,-5978.3
505,288.0,6584.6,0.0,-6296.6
506,4461.0,10702.8,0.0,-6241.8
507,2235.0,8509.4,0.0,-6274.4
508,10660.0,16727.7,0.0,-6067.7
509,18784.0,24640.5,0.0,-5856.5
510,1429.0,7737.5,0.0,-6308.5
511,5384.0,11615.6,0.0,-6231.6
512,12166.0,18278.5,0.0,-6112.5
513,8146.0,14304.2,0.0,-6158.2
514,8480.0,14617.3,0.0,-6137.3
515,3423.0,9677.4,0.0,-6254.4
516,6011.0,12254.4,0.0,-6243.4
517,4850.0,11104.5,0.0,-6254.5
518,1473.0,7792.7,0.0,-6319.7
519,4200.0,10461.5,0.0,-6261.5
520,298.0,6548.1,0.0,-6250.1
521,774.0,7052.3,0.0,-6278.3
522,4059.0,10307.9,0.0,-6248.9
523,298.0,6548.1,0.0,-6250.1
524,702.0,7009.7,0.0,-6307.7
525,427.0,6702.0,0.0,-6275.0
526,1263.0,7558.3,0.0,-6295.3
527,125.0,6407.4,0.0,-6282.4
528,7075.0,13305.3,0.0,-6230.3
529,68.0,6341.2,0.0,-6273.2
530,68.0,6341.2,0.0,-6273.2
531,19927.0,25729.4,0.0,-5802.4
532,12830.0,18876.3,0.0,-6046.3
533,4758.0,10960.1,0.0,-6202.1
534,8621.0,14772.6,0.0,-6151.6
535,3306.0,9573.0,0.0,-6267.0
536,6264.0,12435.7,0.0,-6171.7
537,17456.0,23322.3,0.0,-5866.3
538,672.0,6979.6,0.0,-6307.6
539,4418.0,10673.7,0.0,-6255.7
540,1508.0,7811.4,0.0,-6303.4
541,619.0,6920.9,0.0,-6301.9
542,3745.0,10027.6,0.0,-6282.6
543,8293.0,14469.9,0.0,-6176.9
544,306.0,6596.9,0.0,-6290.9
545,14880.0,20880.6,0.0,-6000.6
546,16874.0,22838.2,0.0,-5964.2
547,8533.0,14710.7,0.0,-6177.7
548,47305.0,52008.1,0.0,-4703.1
549,129.0,6414.2,0.0,-6285.2
550,4142.0,10406.1,0.0,-6264.1
551,1315.0,7607.9,0.0,-6292.9
552,7560.0,13549.6,0.0,-5989.6
553,221.0,6514.5,0.0,-6293.5
554,6053.0,12074.4,0.0,-6021.4
555,1067.0,7372.3,0.0,-6305.3
556,1501.0,7814.8,0.0,-6313.8
557,419.0,6720.0,0.0,-6301.0
558,6219.0,12230.0,0.0,-6011.0
559,847.0,7144.7,0.0,-6297.7
560,86.0,6368.7,0.0,-6282.7
561,789.0,7089.3,0.0,-6300.3
562,417.0,6708.8,0.0,-6291.8
563,3924.0,10168.1,0.0,-6244.1
564,20025.0,25798.7,0.0,-5773.7
565,617.0,6919.2,0.0,-6302.2
566,7665.0,13790.0,0.0,-6125.0
567,6018.0,12237.2,0.0,-6219.2
568,5047.0,11187.0,0.0,-6140.0
569,207.0,6495.8,0.0,-6288.8
570,286.0,6577.0,0.0,-6291.0
571,3481.0,9730.6,0.0,-6249.6
572,3711.0,9987.7,0.0,-6276.7
573,224.0,6518.7,0.0,-6294.7
574,3154.0,9377.4,0.0,-6223.4
575,8962.0,15111.5,0.0,-6149.5
576,5063.0,11299.6,0.0,-6236.6
577,4622.0,10858.3,0.0,-6236.3
578,10238.0,16307.3,0.0,-6069.3
579,21040.0,26751.9,0.0,-5711.9
580,835.0,7125.0,0.0,-6290.0
581,2732.0,9011.5,0.0,-6279.5
582,174.0,6462.0,0.0,-6288.0
583,3159.0,9442.5,0.0,-6283.5
584,8487.0,14663.7,0.0,-6176.7
585,74.0,6356.2,0.0,-6282.2
586,5934.0,12171.5,0.0,-6237.5
587,10713.0,16718.9,0.0,-6005.9
588,9830.0,15855.6,0.0,-6025.6
589,4623.0,10863.1,0.0,-6240.1
590,880.0,7188.1,0.0,-6308.1
591,412.0,6717.4,0.0,-6305.4
592,212.0,6503.8,0.0,-6291.8
593,2647.0,8963.7,0.0,-6316.7
594,4061.0,10289.5,0.0,-6228.5
595,38.0,6317.4,0.0,-6279.4
596,3545.0,9798.3,0.0,-6253.3
597,585.0,6886.0,0.0,-6301.0
598,3848.0,10048.9,0.0,-6200.9
599,2977.0,9263.7,0.0,-6286.7
600,6960.0,13202.6,0.0,-6242.6
601,7461.0,13565.9,0.0,-6104.9
602,1973.0,8256.1,0.0,-6283.1
603,3313.0,9526.7,0.0,-6213.7
604,5850.0,12096.5,0.0,-6246.5
605,536.0,6836.4,0.0,-6300.4
606,102.0,6387.5,0.0,-6285.5
607,944.0,7247.2,0.0,-6303.2
608,2105.0,8384.4,0.0,-6279.4
609,2706.0,8995.1,0.0,-6289.1
610,6421.0,12594.0,0.0,-6173.0
611,1419.0,7708.9,0.0,-6289.9
612,4239.0,10469.8,0.0,-6230.8
613,401.0,6701.7,0.0,-6300.7
614,5861.0,12095.3,0.0,-6234.3
615,11445.0,17489.9,0.0,-6044.9
616,7387.0,13566.5,0.0,-6179.5
617,6286.0,12436.3,0.0,-6150.3
618,6508.0,12653.0,0.0,-6145.0
619,617.0,6924.0,0.0,-6307.0
620,673.0,6977.6,0.0,-6304.6
621,6788.0,12928.9,0.0,-6140.9
622,497.0,6796.3,0.0,-6299.3
623,7038.0,13176.6,0.0,-6138.6
624,7795.0,13972.6,0.0,-6177.6
625,12719.0,18658.9,0.0,-5939.9
626,4680.0,10933.3,0.0,-6253.3
627,988.0,7314.1,0.0,-6326.1
628,94.0,6377.8,0.0,-6283.8
629,1679.0,7976.9,0.0,-6297.9
630,4642.0,10889.9,0.0,-6247.9
631,6383.0,12574.5,0.0,-6191.5
632,925.0,7225.6,0.0,-6300.6
633,152.0,6438.7,0.0,-6286.7
634,268.0,6564.3,0.0,-6296.3
635,374.0,6675.9,0.0,-6301.9
636,1731.0,8014.2,0.0,-6283.2
637,5948.0,12185.5,0.0,-6237.5
638,5154.0,11402.4,0.0,-6248.4
639,224.0,6515.4,0.0,-6291.4
640,1699.0,7995.8,0.0,-6296.8
641,37.0,6316.2,0.0,-6279.2
642,7938.0,14113.7,0.0,-6175.7
643,1274.0,7570.1,0.0,-6296.1
644,494.0,6797.9,0.0,-6303.9
645,3844.0,10136.7,0.0,-6292.7
646,609.0,6906.3,0.0,-6297.3
647,4223.0,10451.9,0.0,-6228.9
648,3970.0,10244.8,0.0,-6274.8
649,10068.0,16160.5,0.0,-6092.5
650,8939.0,15091.6,0.0,-6152.6
651,24600.0,30332.0,0.0,-5732.0
652,8048.0,14231.6,0.0,-6183.6
653,2913.0,9228.9,0.0,-6315.9
654,3508.0,9825.3,0.0,-6317.3
655,4033.0,10301.6,0.0,-6268.6
656,864.0,7155.4,0.0,-6291.4
657,146.0,6434.6,0.0,-6288.6
658,80.0,6362.2,0.0,-6282.2
659,5729.0,11970.7,0.0,-6241.7
660,754.0,7053.1,0.0,-6299.1
661,51.0,6330.5,0.0,-6279.5
662,2034.0,8352.3,0.0,-6318.3
663,605.0,6921.8,0.0,-6316.8
664,51.0,6330.5,0.0,-6279.5
665,7516.0,13729.5,0.0,-6213.5
666,4333.0,10621.6,0.0,-6288.6
667,1097.0,7416.8,0.0,-6319.8
668,272.0,6573.9,0.0,-6301.9
669,6153.0,12337.7,0.0,-6184.7
670,51.0,6330.5,0.0,-6279.5
671,3061.0,9333.3,0.0,-6272.3
672,285.0,6582.5,0.0,-6297.5
673,817.0,7120.9,0.0,-6303.9
674,1052.0,7363.1,0.0,-6311.1
675,662.0,6978.3,0.0,-6316.3
676,911.0,7215.2,0.0,-6304.2
677,922.0,7233.6,0.0,-6311.6
678,527.0,6838.1,0.0,-6311.1
679,4308.0,10604.1,0.0,-6296.1
680,2154.0,8451.0,0.0,-6297.0
681,128.0,6415.2,0.0,-6287.2
682,15725.0,21653.3,0.0,-5928.3
683,90.0,6375.4,0.0,-6285.4
684,3945.0,10211.3,0.0,-6266.3
685,42.0,6322.0,0.0,-6280.0
686,539.0,6842.7,0.0,-6303.7
687,7251.0,13308.4,0.0,-6057.4
688,1210.0,7508.8,0.0,-6298.8
689,19495.0,25346.1,0.0,-5851.1
690,1878.0,8190.3,0.0,-6312.3
691,1809.0,8127.7,0.0,-6318.7
692,605.0,6909.4,0.0,-6304.4
693,2252.0,8549.2,0.0,-6297.2
694,19505.0,25289.9,0.0,-5784.9
695,8767.0,14915.2,0.0,-6148.2
696,1079.0,7374.7,0.0,-6295.7
697,1564.0,7889.0,0.0,-6325.0
698,1383.0,7687.9,0.0,-6304.9
699,3455.0,9731.4,0.0,-6276.4
700,8423.0,14553.6,0.0,-6130.6
701,3663.0,9929.3,0.0,-6266.3
702,7087.0,13265.7,0.0,-6178.7
703,1086.0,7390.4,0.0,-6304.4
704,271.0,6568.9,0.0,-6297.9
705,291.0,6594.2,0.0,-6303.2
706,61.0,6342.6,0.0,-6281.6
707,3164.0,9393.6,0.0,-6229.6
708,3673.0,9883.7,0.0,-6210.7
709,5129.0,10974.2,0.0,-5845.2
710,2949.0,9194.0,0.0,-6245.0
711,2256.0,8526.2,0.0,-6270.2
712,2989.0,9312.6,0.0,-6323.6
713,7651.0,13841.9,0.0,-6190.9
714,4200.0,10117.9,0.0,-5917.9
715,4889.0,10719.8,0.0,-5830.8
716,3102.0,9382.9,0.0,-6280.9
717,5394.0,11314.2,0.0,-5920.2
718,4845.0,10675.6,0.0,-5830.6
719,61.0,6342.6,0.0,-6281.6
720,1052.0,7355.9,0.0,-6303.9
721,9152.0,15174.9,0.0,-6022.9
722,851.0,7153.2,0.0,-6302.2
723,1951.0,8235.4,0.0,-6284.4
724,4740.0,10907.3,0.0,-6167.3
725,551.0,6859.5,0.0,-6308.5
726,61.0,6342.6,0.0,-6281.6
727,5047.0,11302.7,0.0,-6255.7
728,1359.0,7664.0,0.0,-6305.0
729,77.0,6358.0,0.0,-6281.0
730,2495.0,8798.3,0.0,-6303.3
731,9936.0,16040.4,0.0,-6104.4
732,8221.0,14324.0,0.0,-6103.0
733,6500.0,12668.6,0.0,-6168.6
734,7863.0,13966.2,0.0,-6103.2
735,7754.0,13939.6,0.0,-6185.6
736,3378.0,9679.3,0.0,-6301.3
737,126.0,6412.5,0.0,-6286.5
738,7539.0,13730.9,0.0,-6191.9
739,2393.0,8675.7,0.0,-6282.7
740,1402.0,7721.2,0.0,-6319.2
741,4263.0,10526.3,0.0,-6263.3
742,4931.0,11193.6,0.0,-6262.6
743,4467.0,10737.7,0.0,-6270.7
744,8855.0,15023.1,0.0,-6168.1
745,7378.0,13590.2,0.0,-6212.2
746,10512.0,16595.6,0.0,-6083.6
747,5901.0,12113.6,0.0,-6212.6
748,5612.0,11885.6,0.0,-6273.6
749,3584.0,9877.9,0.0,-6293.9
750,66.0,6350.7,0.0,-6284.7
751,790.0,7101.7,0.0,-6311.7
752,137.0,6430.5,0.0,-6293.5
753,417.0,6720.4,0.0,-6303.4
754,4682.0,10952.0,0.0,-6270.0
755,810.0,7114.4,0.0,-6304.4
756,183.0,6478.2,0.0,-6295.2
757,579.0,6882.8,0.0,-6303.8
758,6002.0,12261.1,0.0,-6259.1
759,6126.0,12339.8,0.0,-6213.8
760,2664.0,8952.6,0.0,-6288.6
761,3874.0,10134.9,0.0,-6260.9
762,1379.0,7670.3,0.0,-6291.3
763,268.0,6566.1,0.0,-6298.1
764,3535.0,9801.3,0.0,-6266.3
765,2030.0,8335.4,0.0,-6305.4
766,91.0,6373.8,0.0,-6282.8
767,296.0,6580.3,0.0,-6284.3
768,4076.0,10337.8,0.0,-6261.8
769,242.0,6524.5,0.0,-6282.5
770,86.0,6369.2,0.0,-6283.2
771,889.0,7199.4,0.0,-6310.4
772,777.0,7085.0,0.0,-6308.0
773,1771.0,8081.7,0.0,-6310.7
774,1336.0,7638.0,0.0,-6302.0
775,194.0,6486.6,0.0,-6292.6
776,188.0,6479.2,0.0,-6291.2
777,2172.0,8476.9,0.0,-6304.9
778,1837.0,8153.3,0.0,-6316.3
779,969.0,7282.8,0.0,-6313.8
780,2701.0,8996.0,0.0,-6295.0
781,1208.0,7536.0,0.0,-6328.0
782,67.0,6350.8,0.0,-6283.8
783,132.0,6424.2,0.0,-6292.2
784,5838.0,12061.3,0.0,-6223.3
785,67.0,6350.8,0.0,-6283.8
786,289.0,6576.7,0.0,-6287.7
787,1384.0,7699.7,0.0,-6315.7
788,4178.0,10472.6,0.0,-6294.6
789,342.0,6629.3,0.0,-6287.3
790,187.0,6480.4,0.0,-6293.4
791,149.0,6438.6,0.0,-6289.6
792,549.0,6840.8,0.0,-6291.8
793,5718.0,11958.9,0.0,-6240.9
794,1371.0,7665.9,0.0,-6294.9
795,777.0,7074.3,0.0,-6297.3
796,232.0,6520.5,0.0,-6288.5
797,10041.0,16147.9,0.0,-6106.9
798,5227.0,11470.1,0.0,-6243.1
799,3475.0,9739.9,0.0,-6264.9
800,3409.0,9670.0,0.0,-6261.0
801,189.0,6477.0,0.0,-6288.0
802,240.0,6531.8,0.0,-6291.8
803,783.0,7096.5,0.0,-6313.5
804,5328.0,11527.7,0.0,-6199.7
805,296.0,6592.0,0.0,-6296.0
806,534.0,6839.3,0.0,-6305.3
807,1507.0,7807.9,0.0,-6300.9
808,1401.0,7699.5,0.0,-6298.5
809,2324.0,8655.4,0.0,-6331.4
810,920.0,7224.7,0.0,-6304.7
811,197.0,6492.1,0.0,-6295.1
812,2618.0,8893.1,0.0,-6275.1
813,17258.0,23114.4,0.0,-5856.4
814,1341.0,7654.2,0.0,-6313.2
815,78.0,6362.0,0.0,-6284.0
816,1416.0,7734.4,0.0,-6318.4
817,4131.0,10395.7,0.0,-6264.7
818,1432.0,7748.2,0.0,-6316.2
819,2730.0,9010.3,0.0,-6280.3
820,2133.0,8422.7,0.0,-6289.7
821,1899.0,8188.5,0.0,-6289.5
822,325.0,6612.1,0.0,-6287.1
823,231.0,6523.2,0.0,-6292.2
824,816.0,7120.3,0.0,-6304.3
825,311.0,6608.6,0.0,-6297.6
826,3140.0,9423.9,0.0,-6283.9
827,4663.0,10904.9,0.0,-6241.9
828,1645.0,7950.3,0.0,-6305.3
829,517.0,6812.3,0.0,-6295.3
830,2170.0,8479.1,0.0,-6309.1
831,7588.0,13727.5,0.0,-6139.5
832,299.0,6598.0,0.0,-6299.0
833,957.0,7261.8,0.0,-6304.8
834,2165.0,8468.1,0.0,-6303.1
835,82.0,6365.2,0.0,-6283.2
836,169.0,6457.5,0.0,-6288.5
837,141.0,6431.3,0.0,-6290.3
838,73.0,6353.4,0.0,-6280.4
839,905.0,7187.7,0.0,-6282.7
840,50.0,6331.8,0.0,-6281.8
841,4942.0,11190.6,0.0,-6248.6
842,537.0,6830.9,0.0,-6293.9
843,1178.0,7483.4,0.0,-6305.4
844,2738.0,9042.6,0.0,-6304.6
845,412.0,6711.7,0.0,-6299.7
846,3864.0,10080.2,0.0,-6216.2
847,143.0,6431.4,0.0,-6288.4
848,758.0,7053.5,0.0,-6295.5
849,409.0,6709.3,0.0,-6300.3
850,2818.0,9100.0,0.0,-6282.0
851,742.0,7041.0,0.0,-6299.0
852,4685.0,10943.1,0.0,-6258.1
853,3944.0,9884.7,0.0,-5940.7
854,130.0,6415.6,0.0,-6285.6
855,2138.0,8429.5,0.0,-6291.5
856,712.0,7017.8,0.0,-6305.8
857,486.0,6780.6,0.0,-6294.6
858,576.0,6886.0,0.0,-6310.0
859,3281.0,9345.7,0.0,-6064.7
860,372.0,6662.3,0.0,-6290.3
861,7692.0,13896.6,0.0,-6204.6
862,794.0,7107.8,0.0,-6313.8
863,225.0,6517.1,0.0,-6292.1
864,5716.0,11944.1,0.0,-6228.1
865,1092.0,7412.5,0.0,-6320.5
866,1410.0,7740.3,0.0,-6330.3
867,409.0,6701.8,0.0,-6292.8
868,2749.0,9059.8,0.0,-6310.8
869,1929.0,8228.3,0.0,-6299.3
870,296.0,6598.8,0.0,-6302.8
871,149.0,6439.4,0.0,-6290.4
872,238.0,6531.1,0.0,-6293.1
873,62.0,6346.2,0.0,-6284.2
874,6350.0,12577.0,0.0,-6227.0
875,1864.0,8165.9,0.0,-6301.9
876,503.0,6801.8,0.0,-6298.8
877,174.0,6467.5,0.0,-6293.5
878,580.0,6881.0,0.0,-6301.0
879,148.0,6424.4,0.0,-6276.4
880,201.0,6482.2,0.0,-6281.2
881,150.0,6426.9,0.0,-6276.9
882,226.0,6510.6,0.0,-6284.6
883,3159.0,9427.9,0.0,-6268.9
884,160.0,6438.5,0.0,-6278.5
885,541.0,6844.2,0.0,-6303.2
886,2058.0,8345.8,0.0,-6287.8
887,1477.0,7751.1,0.0,-6274.1
888,843.0,7142.5,0.0,-6299.5
889,1902.0,8212.5,0.0,-6310.5
890,1718.0,7994.0,0.0,-6276.0
891,543.0,6833.8,0.0,-6290.8
892,1116.0,7408.2,0.0,-6292.2
893,1159.0,7455.5,0.0,-6296.5
894,840.0,7134.6,0.0,-6294.6
895,3251.0,9520.3,0.0,-6269.3
896,5663.0,11892.8,0.0,-6229.8
897,633.0,6934.1,0.0,-6301.1
898,3552.0,9806.7,0.0,-6254.7
899,421.0,6723.2,0.0,-6302.2
900,164.0,6451.5,0.0,-6287.5
901,1776.0,8068.7,0.0,-6292.7
902,294.0,6594.3,0.0,-6300.3
903,4678.0,10945.4,0.0,-6267.4
904,338.0,6627.6,0.0,-6289.6
905,65.0,6349.7,0.0,-6284.7
906,3824.0,10038.9,0.0,-6214.9
907,730.0,7035.2,0.0,-6305.2
908,3221.0,9506.4,0.0,-6285.4
909,1117.0,7433.9,0.0,-6316.9
910,552.0,6845.6,0.0,-6293.6
911,340.0,6636.4,0.0,-6296.4
912,127.0,6414.2,0.0,-6287.2
913,768.0,7056.4,0.0,-6288.4
914,1138.0,7405.3,0.0,-6267.3
915,1060.0,7338.1,0.0,-6278.1
916,643.0,6951.1,0.0,-6308.1
917,543.0,6852.8,0.0,-6309.8
918,169.0,6459.3,0.0,-6290.3
919,1084.0,7352.6,0.0,-6268.6
920,931.0,7231.5,0.0,-6300.5
921,246.0,6543.4,0.0,-6297.4
922,1351.0,7660.8,0.0,-6309.8
923,287.0,6585.7,0.0,-6298.7
924,1466.0,7757.5,0.0,-6291.5
925,251.0,6538.2,0.0,-6287.2
926,2622.0,8922.3,0.0,-6300.3
927,1806.0,8101.0,0.0,-6295.0
928,3550.0,9824.5,0.0,-6274.5
929,890.0,7196.6,0.0,-6306.6
930,1629.0,7927.0,0.0,-6298.0
931,2473.0,8713.1,0.0,-6240.1
932,2122.0,8371.9,0.0,-6249.9
933,2113.0,8363.9,0.0,-6250.9
934,12729.0,18803.7,0.0,-6074.7
935,146.0,6434.7,0.0,-6288.7
936,2174.0,8467.5,0.0,-6293.5
937,6479.0,12695.0,0.0,-6216.0
938,1687.0,7979.1,0.0,-6292.1
939,1557.0,7850.7,0.0,-6293.7
940,652.0,6955.2,0.0,-6303.2
941,6212.0,12442.2,0.0,-6230.2
942,448.0,6751.2,0.0,-6303.2
943,781.0,7092.3,0.0,-6311.3
944,1797.0,8118.5,0.0,-6321.5
945,4136.0,10408.2,0.0,-6272.2
946,7331.0,13511.1,0.0,-6180.1
947,90.0,6375.2,0.0,-6285.2
948,4101.0,10350.8,0.0,-6249.8
949,4279.0,10538.5,0.0,-6259.5
950,491.0,6795.4,0.0,-6304.4
951,7792.0,13988.6,0.0,-6196.6
952,1566.0,7865.5,0.0,-6299.5
953,801.0,7101.4,0.0,-6300.4
954,871.0,7168.2,0.0,-6297.2
955,1974.0,8275.0,0.0,-6301.0
956,106.0,6393.6,0.0,-6287.6
957,608.0,6907.5,0.0,-6299.5
958,9024.0,15168.8,0.0,-6144.8
959,221.0,6513.3,0.0,-6292.3
960,2295.0,8602.2,0.0,-6307.2
961,1201.0,7502.2,0.0,-6301.2
962,35.0,6313.8,0.0,-6278.8
963,761.0,7064.7,0.0,-6303.7
964,1120.0,7434.7,0.0,-6314.7
965,3952.0,10225.7,0.0,-6273.7
966,1139.0,7451.1,0.0,-6312.1
967,46.0,6326.9,0.0,-6280.9
968,5394.0,11615.8,0.0,-6221.8
969,855.0,7170.6,0.0,-6315.6
970,368.0,6661.5,0.0,-6293.5
971,407.0,6702.9,0.0,-6295.9
972,716.0,7008.0,0.0,-6292.0
973,2737.0,9039.5,0.0,-6302.5
974,898.0,7196.8,0.0,-6298.8
975,761.0,7055.5,0.0,-6294.5
976,1121.0,7428.4,0.0,-6307.4
977,11928.0,17939.6,0.0,-6011.6
978,1008.0,7311.4,0.0,-6303.4
979,93.0,6378.4,0.0,-6285.4
980,174.0,6462.4,0.0,-6288.4
981,4548.0,10803.4,0.0,-6255.4
982,447.0,6736.0,0.0,-6289.0
983,2834.0,9107.3,0.0,-6273.3
984,5595.0,11829.8,0.0,-6234.8
985,2423.0,8711.6,0.0,-6288.6
986,6416.0,12608.8,0.0,-6192.8
987,490.0,6780.4,0.0,-6290.4
988,52.0,6334.2,0.0,-6282.2
989,188.0,6477.1,0.0,-6289.1
990,1260.0,7555.6,0.0,-6295.6
991,4727.0,10978.0,0.0,-6251.0
992,207.0,6503.0,0.0,-6296.0
993,8436.0,14598.1,0.0,-6162.1
994,10236.0,16355.0,0.0,-6119.0
995,2833.0,9104.5,0.0,-6271.5
996,5819.0,12084.9,0.0,-6265.9
997,6524.0,12746.7,0.0,-6222.7
998,814.0,7117.1,0.0,-6303.1
999,1643.0,7933.6,0.0,-6290.6
1000,1617.0,7920.0,0.0,-6303.0
1001,3579.0,9830.6,0.0,-6251.6
1002,1506.0,7834.0,0.0,-6328.0
1003,3393.0,9680.4,0.0,-6287.4
1004,3796.0,10079.4,0.0,-6283.4
1005,7141.0,13284.7,0.0,-6143.7
1006,2132.0,8430.5,0.0,-6298.5
1007,3984.0,10222.4,0.0,-6238.4
1008,46.0,6325.4,0.0,-6279.4
1009,46.0,6325.4,0.0,-6279.4
1010,225.0,6517.8,0.0,-6292.8
1011,88.0,6372.8,0.0,-6284.8
1012,753.0,7055.7,0.0,-6302.7
1013,926.0,7241.5,0.0,-6315.5
1014,836.0,7145.5,0.0,-6309.5
1015,557.0,6860.2,0.0,-6303.2
1016,457.0,6753.4,0.0,-6296.4
1017,486.0,6790.5,0.0,-6304.5
1018,1114.0,7428.1,0.0,-6314.1
1019,90.0,6374.8,0.0,-6284.8
1020,2957.0,9252.1,0.0,-6295.1
1021,2150.0,8447.8,0.0,-6297.8
1022,6475.0,12552.6,0.0,-6077.6
1023,534.0,6830.8,0.0,-6296.8
1024,201.0,6496.4,0.0,-6295.4
1025,2611.0,8931.5,0.0,-6320.5
1026,4351.0,10605.1,0.0,-6254.1
1027,708.0,7020.5,0.0,-6312.5
1028,733.0,7040.5,0.0,-6307.5
1029,475.0,6776.9,0.0,-6301.9
1030,46.0,6327.0,0.0,-6281.0
1031,2936.0,9252.6,0.0,-6316.6
1032,3589.0,9890.0,0.0,-6301.0
1033,225.0,6522.4,0.0,-6297.4
1034,3424.0,9718.0,0.0,-6294.0
1035,459.0,6764.1,0.0,-6305.1
1036,597.0,6907.4,0.0,-6310.4
1037,2117.0,8442.0,0.0,-6325.0
1038,1174.0,7487.5,0.0,-6313.5
1039,291.0,6593.6,0.0,-6302.6
1040,1891.0,8196.3,0.0,-6305.3
1041,643.0,6946.8,0.0,-6303.8
1042,1231.0,7534.1,0.0,-6303.1
1043,223.0,6511.7,0.0,-6288.7
1044,819.0,7124.3,0.0,-6305.3
1045,2163.0,8456.7,0.0,-6293.7
1046,3260.0,9533.3,0.0,-6273.3
1047,1176.0,7476.0,0.0,-6300.0
1048,4520.0,10773.7,0.0,-6253.7
1049,662.0,6967.2,0.0,-6305.2
1050,200.0,6490.8,0.0,-6290.8
1051,547.0,6851.8,0.0,-6304.8
1052,311.0,6602.4,0.0,-6291.4
1053,819.0,7128.4,0.0,-6309.4
1054,81.0,6365.2,0.0,-6284.2
1055,2172.0,8483.9,0.0,-6311.9
1056,1597.0,7897.9,0.0,-6300.9
1057,974.0,7273.8,0.0,-6299.8
1058,567.0,6868.4,0.0,-6301.4
1059,1924.0,8221.7,0.0,-6297.7
1060,3745.0,9989.0,0.0,-6244.0
1061,1614.0,7922.2,0.0,-6308.2
1062,57.0,6340.2,0.0,-6283.2
1063,751.0,7055.7,0.0,-6304.7
1064,2142.0,8453.5,0.0,-6311.5
1065,3512.0,9720.7,0.0,-6208.7
1066,6440.0,12635.5,0.0,-6195.5
1067,2700.0,8994.7,0.0,-6294.7
1068,2045.0,8360.8,0.0,-6315.8
1069,740.0,7039.9,0.0,-6299.9
1070,454.0,6765.4,0.0,-6311.4
1071,946.0,7255.1,0.0,-6309.1
1072,3640.0,9895.9,0.0,-6255.9
1073,122.0,6409.4,0.0,-6287.4
1074,651.0,6961.2,0.0,-6310.2
1075,2854.0,9169.7,0.0,-6315.7
1076,50.0,6328.8,0.0,-6278.8
1077,745.0,7058.7,0.0,-6313.7
1078,546.0,6850.6,0.0,-6304.6
1079,88.0,6372.8,0.0,-6284.8
1080,277.0,6570.2,0.0,-6293.2
1081,99.0,6383.1,0.0,-6284.1
1082,50.0,6328.8,0.0,-6278.8
1083,393.0,6699.1,0.0,-6306.1
1084,936.0,7243.1,0.0,-6307.1
1085,99.0,6383.1,0.0,-6284.1
1086,50.0,6328.8,0.0,-6278.8
1087,2526.0,8846.5,0.0,-6320.5
1088,178.0,6467.8,0.0,-6289.8
1089,51.0,6331.8,0.0,-6280.8
1090,51.0,6331.8,0.0,-6280.8
1091,2588.0,8879.7,0.0,-6291.7
1092,508.0,6805.9,0.0,-6297.9
1093,546.0,6850.4,0.0,-6304.4
1094,3596.0,9803.9,0.0,-6207.9
1095,3111.0,9332.9,0.0,-6221.9
1096,3147.0,9419.0,0.0,-6272.0
1097,887.0,7175.0,0.0,-6288.0
1098,62.0,6345.8,0.0,-6283.8
1099,113.0,6403.0,0.0,-6290.0
1100,1498.0,7825.1,0.0,-6327.1
1101,780.0,7088.9,0.0,-6308.9
1102,5526.0,11769.4,0.0,-6243.4
1103,654.0,6964.4,0.0,-6310.4
1104,1505.0,7811.8,0.0,-6306.8
1105,4304.0,10580.4,0.0,-6276.4
1106,1411.0,7719.6,0.0,-6308.6
1107,6623.0,12827.6,0.0,-6204.6
1108,3055.0,9334.9,0.0,-6279.9
1109,880.0,7181.2,0.0,-6301.2
1110,745.0,7040.7,0.0,-6295.7
1111,745.0,7057.8,0.0,-6312.8
1112,1485.0,7778.8,0.0,-6293.8
1113,194.0,6484.2,0.0,-6290.2
1114,202.0,6489.7,0.0,-6287.7
1115,288.0,6577.0,0.0,-6289.0
1116,4688.0,10853.7,0.0,-6165.7
1117,430.0,6736.5,0.0,-6306.5
1118,5338.0,11616.8,0.0,-6278.8
1119,5191.0,11444.7,0.0,-6253.7
1120,1494.0,7784.7,0.0,-6290.7
1121,2057.0,8352.2,0.0,-6295.2
1122,139.0,6417.4,0.0,-6278.4
1123,1795.0,8110.7,0.0,-6315.7
1124,139.0,6417.4,0.0,-6278.4
1125,418.0,6715.2,0.0,-6297.2
1126,5942.0,12159.1,0.0,-6217.1
1127,1182.0,7497.9,0.0,-6315.9
1128,4704.0,10975.7,0.0,-6271.7
1129,3012.0,9285.7,0.0,-6273.7
1130,1462.0,7776.3,0.0,-6314.3
1131,3597.0,9860.0,0.0,-6263.0
1132,2072.0,8376.7,0.0,-6304.7
1133,562.0,6866.2,0.0,-6304.2
1134,367.0,6666.3,0.0,-6299.3
1135,41.0,6319.8,0.0,-6278.8
1136,1311.0,7618.6,0.0,-6307.6
1137,41.0,6319.8,0.0,-6278.8
1138,3166.0,9446.1,0.0,-6280.1
1139,62.0,6346.2,0.0,-6284.2
1140,580.0,6888.8,0.0,-6308.8
1141,164.0,6455.8,0.0,-6291.8
1142,607.0,6915.0,0.0,-6308.0
1143,1338.0,7656.3,0.0,-6318.3
1144,244.0,6538.7,0.0,-6294.7
1145,964.0,7282.3,0.0,-6318.3
1146,844.0,7162.0,0.0,-6318.0
1147,252.0,6550.3,0.0,-6298.3
1148,1989.0,8305.2,0.0,-6316.2
1149,851.0,7169.2,0.0,-6318.2
1150,422.0,6727.9,0.0,-6305.9
1151,402.0,6703.2,0.0,-6301.2
1152,994.0,7307.3,0.0,-6313.3
1153,306.0,6606.0,0.0,-6300.0
1154,945.0,7244.4,0.0,-6299.4
1155,1202.0,7498.5,0.0,-6296.5
1156,829.0,7134.6,0.0,-6305.6
1157,1268.0,7588.0,0.0,-6320.0
1158,550.0,6838.2,0.0,-6288.2
1159,785.0,7101.4,0.0,-6316.4
1160,639.0,6928.9,0.0,-6289.9
1161,49.0,6329.4,0.0,-6280.4
1162,2376.0,8667.9,0.0,-6291.9
1163,3719.0,10025.1,0.0,-6306.1
1164,318.0,6620.3,0.0,-6302.3
1165,49.0,6329.4,0.0,-6280.4
1166,905.0,7221.6,0.0,-6316.6
1167,565.0,6850.7,0.0,-6285.7
1168,269.0,6564.0,0.0,-6295.0
1169,573.0,6875.3,0.0,-6302.3
1170,1450.0,7746.9,0.0,-6296.9
1171,219.0,6512.5,0.0,-6293.5
1172,105.0,6389.8,0.0,-6284.8
1173,668.0,6973.1,0.0,-6305.1
1174,100.0,6384.8,0.0,-6284.8
1175,3256.0,9545.4,0.0,-6289.4
1176,2408.0,8698.2,0.0,-6290.2
1177,2322.0,8608.6,0.0,-6286.6
1178,3513.0,9759.8,0.0,-6246.8
1179,1161.0,7456.1,0.0,-6295.1
1180,2694.0,8956.2,0.0,-6262.2
1181,2030.0,8301.4,0.0,-6271.4
1182,1568.0,7878.6,0.0,-6310.6
1183,619.0,6924.8,0.0,-6305.8
1184,260.0,6557.7,0.0,-6297.7
1185,2610.0,8904.7,0.0,-6294.7
1186,3862.0,10134.2,0.0,-6272.2
1187,155.0,6444.6,0.0,-6289.6
1188,492.0,6783.2,0.0,-6291.2
1189,866.0,7161.8,0.0,-6295.8
1190,176.0,6462.3,0.0,-6286.3
1191,48.0,6329.4,0.0,-6281.4
1192,6759.0,13015.6,0.0,-6256.6
1193,1326.0,7627.1,0.0,-6301.1
1194,60.0,6339.8,0.0,-6279.8
1195,464.0,6768.9,0.0,-6304.9
1196,1474.0,7781.6,0.0,-6307.6
1197,60.0,6339.8,0.0,-6279.8
1198,2676.0,8971.0,0.0,-6295.0
1199,60.0,6339.8,0.0,-6279.8
1200,3710.0,9982.3,0.0,-6272.3
1201,635.0,6948.7,0.0,-6313.7
1202,1578.0,7906.5,0.0,-6328.5
1203,294.0,6595.2,0.0,-6301.2
1204,2684.0,8988.5,0.0,-6304.5
1205,1029.0,7342.8,0.0,-6313.8
1206,60.0,6339.8,0.0,-6279.8
1207,335.0,6641.7,0.0,-6306.7
1208,121.0,6411.3,0.0,-6290.3
1209,985.0,7295.3,0.0,-6310.3
1210,806.0,7116.5,0.0,-6310.5
1211,100.0,6385.9,0.0,-6285.9
1212,273.0,6564.2,0.0,-6291.2
1213,38.0,6317.4,0.0,-6279.4
1214,825.0,7132.0,0.0,-6307.0
1215,647.0,6942.5,0.0,-6295.5
1216,6263.0,12489.2,0.0,-6226.2
1217,774.0,7082.3,0.0,-6308.3
1218,152.0,6442.2,0.0,-6290.2
1219,594.0,6893.5,0.0,-6299.5
1220,4371.0,10621.3,0.0,-6250.3
1221,1402.0,7712.7,0.0,-6310.7
1222,43.0,6323.4,0.0,-6280.4
1223,2083.0,8359.4,0.0,-6276.4
1224,2103.0,8393.1,0.0,-6290.1
1225,138.0,6428.1,0.0,-6290.1
1226,1612.0,7892.0,0.0,-6280.0
1227,2153.0,8432.8,0.0,-6279.8
1228,647.0,6946.3,0.0,-6299.3
1229,1122.0,7437.6,0.0,-6315.6
1230,1301.0,7596.5,0.0,-6295.5
1231,927.0,7235.7,0.0,-6308.7
1232,159.0,6448.9,0.0,-6289.9
1233,154.0,6443.3,0.0,-6289.3
1234,6840.0,13044.5,0.0,-6204.5
1235,4956.0,11215.3,0.0,-6259.3
1236,421.0,6711.7,0.0,-6290.7
1237,1779.0,8085.8,0.0,-6306.8
1238,157.0,6448.7,0.0,-6291.7
1239,183.0,6464.4,0.0,-6281.4
1240,183.0,6464.4,0.0,-6281.4
1241,113.0,6402.8,0.0,-6289.8
1242,183.0,6464.4,0.0,-6281.4
1243,142.0,6432.4,0.0,-6290.4
1244,707.0,6994.8,0.0,-6287.8
1245,43.0,6320.8,0.0,-6277.8
1246,276.0,6567.6,0.0,-6291.6
1247,43.0,6320.8,0.0,-6277.8
1248,83.0,6365.2,0.0,-6282.2
1249,43.0,6320.8,0.0,-6277.8
1250,4504.0,10769.6,0.0,-6265.6
1251,2182.0,8490.8,0.0,-6308.8
1252,4693.0,10980.2,0.0,-6287.2
1253,777.0,7088.4,0.0,-6311.4
1254,1143.0,7437.9,0.0,-6294.9
1255,583.0,6895.2,0.0,-6312.2
1256,3229.0,9522.3,0.0,-6293.3
1257,442.0,6745.3,0.0,-6303.3
1258,41.0,6321.0,0.0,-6280.0
1259,196.0,6487.8,0.0,-6291.8
1260,244.0,6541.0,0.0,-6297.0
1261,2262.0,8566.1,0.0,-6304.1
1262,247.0,6541.0,0.0,-6294.0
1263,256.0,6548.4,0.0,-6292.4
1264,57.0,6339.8,0.0,-6282.8
1265,278.0,6579.8,0.0,-6301.8
1266,863.0,7169.4,0.0,-6306.4
1267,2070.0,8375.2,0.0,-6305.2
1268,1522.0,7824.8,0.0,-6302.8
1269,2105.0,8395.4,0.0,-6290.4
1270,1111.0,7410.6,0.0,-6299.6
1271,3163.0,9397.4,0.0,-6234.4
1272,835.0,7124.1,0.0,-6289.1
1273,174.0,6455.2,0.0,-6281.2
1274,215.0,6497.7,0.0,-6282.7
1275,2762.0,9050.4,0.0,-6288.4
1276,469.0,6775.1,0.0,-6306.1
1277,297.0,6599.8,0.0,-6302.8
1278,1077.0,7382.2,0.0,-6305.2
1279,458.0,6766.1,0.0,-6308.1
1280,5075.0,11217.9,0.0,-6142.9
1281,1148.0,7457.8,0.0,-6309.8
1282,286.0,6583.5,0.0,-6297.5
1283,878.0,7189.5,0.0,-6311.5
1284,2015.0,8318.6,0.0,-6303.6
1285,196.0,6485.0,0.0,-6289.0
1286,564.0,6881.2,0.0,-6317.2
1287,87.0,6370.8,0.0,-6283.8
1288,654.0,6943.4,0.0,-6289.4
1289,120.0,6404.0,0.0,-6284.0
1290,1014.0,7316.2,0.0,-6302.2
1291,337.0,6632.2,0.0,-6295.2
1292,6426.0,12630.7,0.0,-6204.7
1293,1038.0,7332.6,0.0,-6294.6
1294,349.0,6643.8,0.0,-6294.8
1295,3255.0,9554.0,0.0,-6299.0
1296,94.0,6377.5,0.0,-6283.5
1297,144.0,6433.0,0.0,-6289.0
1298,198.0,6493.7,0.0,-6295.7
1299,38.0,6317.0,0.0,-6279.0
1300,402.0,6710.8,0.0,-6308.8
1301,986.0,7304.0,0.0,-6318.0
1302,159.0,6451.6,0.0,-6292.6
1303,892.0,7221.1,0.0,-6329.1
1304,905.0,7218.3,0.0,-6313.3
1305,65.0,6349.8,0.0,-6284.8
1306,241.0,6542.7,0.0,-6301.7
1307,1186.0,7487.1,0.0,-6301.1
1308,55.0,6336.5,0.0,-6281.5
1309,55.0,6336.5,0.0,-6281.5
1310,317.0,6613.2,0.0,-6296.2
1311,414.0,6710.9,0.0,-6296.9
1312,269.0,6564.8,0.0,-6295.8
1313,549.0,6855.4,0.0,-6306.4
1314,78.0,6360.8,0.0,-6282.8
1315,35.0,6313.4,0.0,-6278.4
1316,2609.0,8899.6,0.0,-6290.6
1317,1318.0,7612.3,0.0,-6294.3
1318,73.0,6354.2,0.0,-6281.2
1319,3035.0,9327.2,0.0,-6292.2
1320,1499.0,7801.9,0.0,-6302.9
1321,302.0,6603.1,0.0,-6301.1
1322,90.0,6376.1,0.0,-6286.1
1323,90.0,6373.1,0.0,-6283.1
1324,2921.0,9135.7,0.0,-6214.7
1325,1935.0,8249.8,0.0,-6314.8
1326,181.0,6471.1,0.0,-6290.1
1327,2616.0,8899.3,0.0,-6283.3
1328,56.0,6339.0,0.0,-6283.0
1329,168.0,6455.3,0.0,-6287.3
1330,541.0,6842.1,0.0,-6301.1
1331,153.0,6438.7,0.0,-6285.7
1332,323.0,6622.8,0.0,-6299.8
1333,1496.0,7803.1,0.0,-6307.1
1334,153.0,6438.7,0.0,-6285.7
1335,1789.0,8097.2,0.0,-6308.2
1336,2465.0,8781.4,0.0,-6316.4
1337,2002.0,8313.2,0.0,-6311.2
1338,4578.0,10806.8,0.0,-6228.8
1339,293.0,6587.2,0.0,-6294.2
1340,37.0,6314.9,0.0,-6277.9
1341,593.0,6880.6,0.0,-6287.6
1342,648.0,6942.8,0.0,-6294.8
1343,296.0,6595.8,0.0,-6299.8
1344,903.0,7201.6,0.0,-6298.6
1345,37.0,6314.9,0.0,-6277.9
1346,2102.0,8393.0,0.0,-6291.0
1347,1431.0,7752.5,0.0,-6321.5
1348,2607.0,8876.0,0.0,-6269.0
1349,436.0,6736.5,0.0,-6300.5
1350,218.0,6512.6,0.0,-6294.6
1351,1145.0,7461.9,0.0,-6316.9
1352,425.0,6734.7,0.0,-6309.7
1353,2089.0,8375.8,0.0,-6286.8
1354,334.0,6644.9,0.0,-6310.9
1355,587.0,6888.3,0.0,-6301.3
1356,381.0,6676.3,0.0,-6295.3
1357,1117.0,7416.5,0.0,-6299.5
1358,2627.0,8920.7,0.0,-6293.7
1359,423.0,6719.1,0.0,-6296.1
1360,373.0,6679.7,0.0,-6306.7
1361,391.0,6690.1,0.0,-6299.1
1362,320.0,6617.4,0.0,-6297.4
1363,268.0,6567.6,0.0,-6299.6
1364,221.0,6513.3,0.0,-6292.3
1365,1392.0,7704.7,0.0,-6312.7
1366,103.0,6389.2,0.0,-6286.2
1367,631.0,6934.8,0.0,-6303.8
1368,221.0,6515.0,0.0,-6294.0
1369,929.0,7240.0,0.0,-6311.0
1370,1670.0,7976.9,0.0,-6306.9
1371,686.0,6993.2,0.0,-6307.2
1372,140.0,6428.6,0.0,-6288.6
1373,2118.0,8383.7,0.0,-6265.7
1374,3078.0,9333.6,0.0,-6255.6
1375,464.0,6747.2,0.0,-6283.2
1376,592.0,6892.6,0.0,-6300.6
1377,917.0,7224.3,0.0,-6307.3
1378,1160.0,7469.8,0.0,-6309.8
1379,7729.0,13914.9,0.0,-6185.9
1380,814.0,7122.5,0.0,-6308.5
1381,576.0,6881.9,0.0,-6305.9
1382,439.0,6746.9,0.0,-6307.9
1383,607.0,6911.2,0.0,-6304.2
1384,514.0,6809.3,0.0,-6295.3
1385,307.0,6606.2,0.0,-6299.2
1386,1646.0,7951.0,0.0,-6305.0
1387,212.0,6509.4,0.0,-6297.4
1388,38.0,6317.4,0.0,-6279.4
1389,293.0,6593.0,0.0,-6300.0
1390,539.0,6849.2,0.0,-6310.2
1391,320.0,6618.6,0.0,-6298.6
1392,820.0,7141.0,0.0,-6321.0
1393,192.0,6485.4,0.0,-6293.4
1394,183.0,6475.2,0.0,-6292.2
1395,184.0,6474.4,0.0,-6290.4
1396,191.0,6488.0,0.0,-6297.0
1397,212.0,6500.4,0.0,-6288.4
1398,4656.0,10924.0,0.0,-6268.0
1399,1846.0,8136.1,0.0,-6290.1
1400,1014.0,7309.1,0.0,-6295.1
1401,1305.0,7587.1,0.0,-6282.1
1402,172.0,6458.7,0.0,-6286.7
1403,232.0,6523.1,0.0,-6291.1
1404,1260.0,7586.3,0.0,-6326.3
1405,1308.0,7610.8,0.0,-6302.8
1406,3419.0,9715.8,0.0,-6296.8
1407,549.0,6849.0,0.0,-6300.0
1408,2024.0,8337.7,0.0,-6313.7
1409,519.0,6840.9,0.0,-6321.9
1410,380.0,6676.4,0.0,-6296.4
1411,1007.0,7316.0,0.0,-6309.0
1412,1324.0,7630.9,0.0,-6306.9
1413,395.0,6693.7,0.0,-6298.7
1414,767.0,7074.4,0.0,-6307.4
1415,1572.0,7870.4,0.0,-6298.4
1416,386.0,6681.0,0.0,-6295.0
1417,296.0,6595.9,0.0,-6299.9
1418,220.0,6506.5,0.0,-6286.5
1419,220.0,6508.3,0.0,-6288.3
1420,303.0,6600.6,0.0,-6297.6
1421,882.0,7172.7,0.0,-6290.7
1422,262.0,6558.4,0.0,-6296.4
1423,970.0,7255.1,0.0,-6285.1
1424,730.0,7044.4,0.0,-6314.4
1425,615.0,6927.3,0.0,-6312.3
1426,345.0,6644.5,0.0,-6299.5
1427,1894.0,8173.3,0.0,-6279.3
1428,824.0,7124.3,0.0,-6300.3
1429,275.0,6567.6,0.0,-6292.6
1430,712.0,7020.6,0.0,-6308.6
1431,806.0,7112.6,0.0,-6306.6
1432,2305.0,8608.7,0.0,-6303.7
1433,419.0,6726.8,0.0,-6307.8
1434,116.0,6404.0,0.0,-6288.0
1435,726.0,7039.7,0.0,-6313.7
1436,284.0,6568.6,0.0,-6284.6
1437,251.0,6536.4,0.0,-6285.4
1438,772.0,7074.5,0.0,-6302.5
1439,84.0,6367.6,0.0,-6283.6
1440,868.0,7178.7,0.0,-6310.7
1441,493.0,6798.0,0.0,-6305.0
1442,45.0,6325.8,0.0,-6280.8
1443,5298.0,11524.8,0.0,-6226.8
1444,320.0,6625.1,0.0,-6305.1
1445,325.0,6610.2,0.0,-6285.2
1446,288.0,6572.5,0.0,-6284.5
1447,796.0,7102.0,0.0,-6306.0
1448,858.0,7166.0,0.0,-6308.0
1449,117.0,6400.3,0.0,-6283.3
1450,393.0,6682.7,0.0,-6289.7
1451,743.0,7056.0,0.0,-6313.0
1452,972.0,7291.3,0.0,-6319.3
1453,117.0,6400.3,0.0,-6283.3
1454,915.0,7222.4,0.0,-6307.4
1455,452.0,6753.7,0.0,-6301.7
1456,181.0,6470.4,0.0,-6289.4
1457,2335.0,8607.0,0.0,-6272.0
1458,558.0,6863.8,0.0,-6305.8
1459,100.0,6384.5,0.0,-6284.5
1460,1954.0,8277.0,0.0,-6323.0
1461,173.0,6466.0,0.0,-6293.0
1462,1865.0,8188.3,0.0,-6323.3
1463,1216.0,7535.2,0.0,-6319.2
1464,557.0,6860.6,0.0,-6303.6
1465,727.0,7036.7,0.0,-6309.7
1466,731.0,7034.4,0.0,-6303.4
1467,1750.0,8037.6,0.0,-6287.6
1468,2295.0,8557.7,0.0,-6262.7
1469,930.0,7233.0,0.0,-6303.0
1470,800.0,7105.5,0.0,-6305.5
1471,207.0,6501.8,0.0,-6294.8
1472,176.0,6470.4,0.0,-6294.4
1473,1221.0,7519.5,0.0,-6298.5
1474,33.0,6311.4,0.0,-6278.4
1475,2027.0,8269.4,0.0,-6242.4
1476,1895.0,8137.5,0.0,-6242.5
1477,93.0,6373.6,0.0,-6280.6
1478,93.0,6373.6,0.0,-6280.6
1479,3662.0,9903.9,0.0,-6241.9
1480,289.0,6578.4,0.0,-6289.4
1481,237.0,6527.8,0.0,-6290.8
1482,91.0,6373.6,0.0,-6282.6
1483,345.0,6634.2,0.0,-6289.2
1484,38.0,6317.2,0.0,-6279.2
1485,193.0,6488.6,0.0,-6295.6
1486,54.0,6336.6,0.0,-6282.6
1487,546.0,6836.9,0.0,-6290.9
1488,1993.0,8300.8,0.0,-6307.8
1489,1454.0,7748.8,0.0,-6294.8
1490,268.0,6564.6,0.0,-6296.6
1491,2511.0,8814.7,0.0,-6303.7
1492,1517.0,7826.8,0.0,-6309.8
1493,225.0,6517.4,0.0,-6292.4
1494,1729.0,8036.1,0.0,-6307.1
1495,286.0,6585.8,0.0,-6299.8
1496,3119.0,9405.0,0.0,-6286.0
1497,1745.0,8052.8,0.0,-6307.8
1498,2027.0,8331.1,0.0,-6304.1
1499,608.0,6913.7,0.0,-6305.7
1500,107.0,6393.7,0.0,-6286.7
1501,99.0,6385.1,0.0,-6286.1
1502,516.0,6821.4,0.0,-6305.4
1503,496.0,6788.3,0.0,-6292.3
1504,393.0,6680.6,0.0,-6287.6
1505,1047.0,7351.6,0.0,-6304.6
1506,207.0,6502.3,0.0,-6295.3
1507,50.0,6331.8,0.0,-6281.8
1508,2552.0,8843.4,0.0,-6291.4
1509,40.0,6319.7,0.0,-6279.7
1510,1408.0,7699.4,0.0,-6291.4
1511,2549.0,8833.1,0.0,-6284.1
1512,3331.0,9612.9,0.0,-6281.9
1513,416.0,6720.8,0.0,-6304.8
1514,273.0,6568.1,0.0,-6295.1
1515,2028.0,8347.5,0.0,-6319.5
1516,437.0,6736.7,0.0,-6299.7
1517,1444.0,7754.2,0.0,-6310.2
1518,949.0,7266.8,0.0,-6317.8
1519,2264.0,8565.7,0.0,-6301.7
1520,492.0,6788.6,0.0,-6296.6
1521,1642.0,7942.2,0.0,-6300.2
1522,371.0,6661.4,0.0,-6290.4
1523,704.0,7019.2,0.0,-6315.2
1524,2927.0,9206.2,0.0,-6279.2
1525,389.0,6691.0,0.0,-6302.0
1526,122.0,6408.9,0.0,-6286.9
1527,415.0,6722.8,0.0,-6307.8
1528,858.0,7161.8,0.0,-6303.8
1529,247.0,6543.4,0.0,-6296.4
1530,149.0,6445.5,0.0,-6296.5
1531,300.0,6602.2,0.0,-6302.2
1532,645.0,6961.4,0.0,-6316.4
1533,2001.0,8271.9,0.0,-6270.9
1534,162.0,6450.9,0.0,-6288.9
1535,265.0,6566.1,0.0,-6301.1
1536,818.0,7108.1,0.0,-6290.1
1537,172.0,6462.0,0.0,-6290.0
1538,1332.0,7628.4,0.0,-6296.4
1539,904.0,7205.2,0.0,-6301.2
1540,1127.0,7434.8,0.0,-6307.8
1541,106.0,6392.8,0.0,-6286.8
1542,726.0,7035.0,0.0,-6309.0
1543,627.0,6935.6,0.0,-6308.6
1544,53.0,6334.0,0.0,-6281.0
1545,53.0,6334.0,0.0,-6281.0
1546,704.0,7016.7,0.0,-6312.7
1547,381.0,6692.3,0.0,-6311.3
1548,795.0,7112.2,0.0,-6317.2
1549,313.0,6615.8,0.0,-6302.8
1550,102.0,6388.0,0.0,-6286.0
1551,83.0,6364.3,0.0,-6281.3
1552,288.0,6580.1,0.0,-6292.1
1553,313.0,6611.3,0.0,-6298.3
1554,46.0,6326.7,0.0,-6280.7
1555,160.0,6451.8,0.0,-6291.8
1556,195.0,6481.2,0.0,-6286.2
1557,36.0,6315.0,0.0,-6279.0
1558,511.0,6806.4,0.0,-6295.4
1559,89.0,6374.2,0.0,-6285.2
1560,1407.0,7725.3,0.0,-6318.3
1561,910.0,7208.2,0.0,-6298.2
1562,861.0,7164.6,0.0,-6303.6
1563,1135.0,7437.3,0.0,-6302.3
1564,735.0,7038.7,0.0,-6303.7
1565,55.0,6337.8,0.0,-6282.8
1566,159.0,6441.4,0.0,-6282.4
1567,159.0,6441.4,0.0,-6282.4
1568,710.0,7020.4,0.0,-6310.4
1569,739.0,7049.5,0.0,-6310.5
1570,137.0,6428.3,0.0,-6291.3
1571,370.0,6671.9,0.0,-6301.9
1572,643.0,6950.3,0.0,-6307.3
1573,158.0,6449.0,0.0,-6291.0
1574,159.0,6441.4,0.0,-6282.4
1575,1082.0,7391.2,0.0,-6309.2
1576,205.0,6497.0,0.0,-6292.0
1577,88.0,6370.2,0.0,-6282.2
1578,604.0,6912.3,0.0,-6308.3
1579,1094.0,7401.2,0.0,-6307.2
1580,814.0,7131.1,0.0,-6317.1
1581,141.0,6429.6,0.0,-6288.6
1582,249.0,6539.0,0.0,-6290.0
1583,305.0,6603.0,0.0,-6298.0
1584,254.0,6539.8,0.0,-6285.8
1585,916.0,7194.3,0.0,-6278.3
1586,861.0,7138.5,0.0,-6277.5
1587,953.0,7242.0,0.0,-6289.0
1588,198.0,6482.0,0.0,-6284.0
1589,1460.0,7757.9,0.0,-6297.9
1590,59.0,6342.6,0.0,-6283.6
1591,1001.0,7324.6,0.0,-6323.6
1592,194.0,6488.2,0.0,-6294.2
1593,392.0,6690.7,0.0,-6298.7
1594,147.0,6434.5,0.0,-6287.5
1595,210.0,6496.4,0.0,-6286.4
1596,1095.0,7395.9,0.0,-6300.9
1597,210.0,6496.4,0.0,-6286.4
1598,474.0,6773.4,0.0,-6299.4
1599,511.0,6813.2,0.0,-6302.2
1600,203.0,6492.4,0.0,-6289.4
1601,285.0,6576.6,0.0,-6291.6
1602,1728.0,8044.8,0.0,-6316.8
1603,201.0,6490.2,0.0,-6289.2
1604,103.0,6389.2,0.0,-6286.2
1605,48.0,6329.2,0.0,-6281.2
1606,148.0,6432.2,0.0,-6284.2
1607,1620.0,7919.5,0.0,-6299.5
1608,483.0,6787.8,0.0,-6304.8
1609,1601.0,7897.2,0.0,-6296.2
1610,414.0,6707.6,0.0,-6293.6
1611,830.0,7131.0,0.0,-6301.0
1612,3277.0,9582.5,0.0,-6305.5
1613,326.0,6621.9,0.0,-6295.9
1614,2436.0,8707.2,0.0,-6271.2
1615,75.0,6358.4,0.0,-6283.4
1616,275.0,6569.4,0.0,-6294.4
1617,35.0,6312.6,0.0,-6277.6
1618,35.0,6312.6,0.0,-6277.6
1619,87.0,6372.4,0.0,-6285.4
1620,94.0,6379.0,0.0,-6285.0
1621,223.0,6514.4,0.0,-6291.4
1622,51.0,6333.0,0.0,-6282.0
1623,233.0,6524.8,0.0,-6291.8
1624,677.0,6979.8,0.0,-6302.8
1625,643.0,6940.2,0.0,-6297.2
1626,146.0,6434.1,0.0,-6288.1
1627,91.0,6372.9,0.0,-6281.9
1628,405.0,6700.6,0.0,-6295.6
1629,185.0,6477.1,0.0,-6292.1
1630,45.0,6325.6,0.0,-6280.6
1631,811.0,7113.0,0.0,-6302.0
1632,432.0,6736.1,0.0,-6304.1
1633,305.0,6602.3,0.0,-6297.3
1634,579.0,6884.5,0.0,-6305.5
1635,3397.0,9682.5,0.0,-6285.5
1636,2000.0,8299.7,0.0,-6299.7
1637,280.0,6570.9,0.0,-6290.9
1638,178.0,6467.2,0.0,-6289.2
1639,177.0,6465.0,0.0,-6288.0
1640,295.0,6588.2,0.0,-6293.2
1641,42.0,6322.2,0.0,-6280.2
1642,277.0,6561.3,0.0,-6284.3
1643,226.0,6509.9,0.0,-6283.9
1644,228.0,6512.3,0.0,-6284.3
1645,588.0,6889.8,0.0,-6301.8
1646,451.0,6749.6,0.0,-6298.6
1647,147.0,6437.3,0.0,-6290.3
1648,42.0,6322.1,0.0,-6280.1
1649,1417.0,7728.1,0.0,-6311.1
1650,617.0,6923.6,0.0,-6306.6
1651,109.0,6388.9,0.0,-6279.9
1652,1263.0,7574.4,0.0,-6311.4
1653,109.0,6388.9,0.0,-6279.9
1654,109.0,6388.9,0.0,-6279.9
1655,79.0,6362.8,0.0,-6283.8
1656,109.0,6388.9,0.0,-6279.9
1657,409.0,6704.3,0.0,-6295.3
1658,222.0,6515.0,0.0,-6293.0
1659,1248.0,7545.9,0.0,-6297.9
1660,950.0,7274.4,0.0,-6324.4
1661,102.0,6386.8,0.0,-6284.8
1662,390.0,6689.8,0.0,-6299.8
1663,392.0,6690.2,0.0,-6298.2
1664,505.0,6801.7,0.0,-6296.7
1665,182.0,6467.7,0.0,-6285.7
1666,171.0,6459.5,0.0,-6288.5
1667,1937.0,8237.5,0.0,-6300.5
1668,617.0,6918.4,0.0,-6301.4
1669,702.0,7009.4,0.0,-6307.4
1670,255.0,6543.9,0.0,-6288.9
1671,119.0,6402.3,0.0,-6283.3
1672,255.0,6543.9,0.0,-6288.9
1673,307.0,6607.2,0.0,-6300.2
1674,1515.0,7819.1,0.0,-6304.1
1675,150.0,6437.0,0.0,-6287.0
1676,721.0,7022.2,0.0,-6301.2
1677,44.0,6324.5,0.0,-6280.5
1678,710.0,7013.2,0.0,-6303.2
1679,448.0,6745.3,0.0,-6297.3
1680,601.0,6897.9,0.0,-6296.9
1681,46.0,6327.0,0.0,-6281.0
1682,359.0,6660.4,0.0,-6301.4
1683,153.0,6438.3,0.0,-6285.3
1684,153.0,6442.1,0.0,-6289.1
1685,502.0,6801.6,0.0,-6299.6
1686,531.0,6827.1,0.0,-6296.1
1687,890.0,7199.7,0.0,-6309.7
1688,331.0,6618.7,0.0,-6287.7
1689,331.0,6618.7,0.0,-6287.7
1690,163.0,6452.9,0.0,-6289.9
1691,261.0,6558.6,0.0,-6297.6
1692,1059.0,7374.1,0.0,-6315.1
1693,67.0,6349.6,0.0,-6282.6
1694,166.0,6454.2,0.0,-6288.2
1695,409.0,6710.9,0.0,-6301.9
1696,67.0,6349.6,0.0,-6282.6
1697,67.0,6349.6,0.0,-6282.6
1698,510.0,6818.0,0.0,-6308.0
1699,288.0,6589.2,0.0,-6301.2
1700,109.0,6396.6,0.0,-6287.6
1701,373.0,6661.6,0.0,-6288.6
1702,373.0,6661.6,0.0,-6288.6
1703,765.0,7069.8,0.0,-6304.8
1704,187.0,6480.4,0.0,-6293.4
1705,498.0,6800.2,0.0,-6302.2
1706,356.0,6657.8,0.0,-6301.8
1707,1655.0,7959.6,0.0,-6304.6
1708,372.0,6659.3,0.0,-6287.3
1709,287.0,6570.1,0.0,-6283.1
1710,166.0,6445.0,0.0,-6279.0
1711,166.0,6445.0,0.0,-6279.0
1712,238.0,6527.1,0.0,-6289.1
1713,1756.0,8059.4,0.0,-6303.4
1714,608.0,6909.1,0.0,-6301.1
1715,951.0,7252.0,0.0,-6301.0
1716,1261.0,7571.0,0.0,-6310.0
1717,140.0,6423.5,0.0,-6283.5
1718,536.0,6836.3,0.0,-6300.3
1719,933.0,7236.0,0.0,-6303.0
1720,372.0,6682.1,0.0,-6310.1
1721,246.0,6546.5,0.0,-6300.5
1722,847.0,7159.0,0.0,-6312.0
1723,60.0,6342.4,0.0,-6282.4
1724,127.0,6417.1,0.0,-6290.1
1725,60.0,6342.4,0.0,-6282.4
1726,197.0,6489.7,0.0,-6292.7
1727,1211.0,7523.1,0.0,-6312.1
1728,161.0,6453.7,0.0,-6292.7
1729,155.0,6447.2,0.0,-6292.2
1730,591.0,6895.9,0.0,-6304.9
1731,31.0,6308.9,0.0,-6277.9
1732,849.0,7150.7,0.0,-6301.7
1733,324.0,6628.7,0.0,-6304.7
1734,349.0,6653.6,0.0,-6304.6
1735,115.0,6403.4,0.0,-6288.4
1736,836.0,7165.2,0.0,-6329.2
1737,1165.0,7483.1,0.0,-6318.1
1738,293.0,6582.6,0.0,-6289.6
1739,223.0,6522.5,0.0,-6299.5
1740,194.0,6482.7,0.0,-6288.7
1741,544.0,6842.6,0.0,-6298.6
1742,2590.0,8897.6,0.0,-6307.6
1743,681.0,6987.2,0.0,-6306.2
1744,1200.0,7525.1,0.0,-6325.1
1745,1200.0,7504.3,0.0,-6304.3
1746,63.0,6347.4,0.0,-6284.4
1747,161.0,6454.7,0.0,-6293.7
1748,933.0,7250.0,0.0,-6317.0
1749,750.0,7050.7,0.0,-6300.7
1750,152.0,6441.0,0.0,-6289.0
1751,428.0,6737.4,0.0,-6309.4
1752,484.0,6788.1,0.0,-6304.1
1753,3163.0,9463.3,0.0,-6300.3
1754,237.0,6536.6,0.0,-6299.6
1755,487.0,6780.0,0.0,-6293.0
1756,276.0,6557.6,0.0,-6281.6
1757,237.0,6532.0,0.0,-6295.0
1758,2233.0,8534.5,0.0,-6301.5
1759,530.0,6834.6,0.0,-6304.6
1760,129.0,6416.8,0.0,-6287.8
1761,263.0,6558.9,0.0,-6295.9
1762,1384.0,7695.5,0.0,-6311.5
1763,524.0,6831.5,0.0,-6307.5
1764,182.0,6476.9,0.0,-6294.9
1765,218.0,6515.9,0.0,-6297.9
1766,673.0,6983.8,0.0,-6310.8
1767,143.0,6437.0,0.0,-6294.0
1768,289.0,6591.7,0.0,-6302.7
1769,67.0,6351.6,0.0,-6284.6
1770,129.0,6420.1,0.0,-6291.1
1771,709.0,7016.3,0.0,-6307.3
1772,964.0,7273.0,0.0,-6309.0
1773,391.0,6682.0,0.0,-6291.0
1774,1494.0,7766.0,0.0,-6272.0
1775,1450.0,7748.8,0.0,-6298.8
1776,436.0,6731.2,0.0,-6295.2
1777,157.0,6444.5,0.0,-6287.5
1778,578.0,6880.3,0.0,-6302.3
1779,206.0,6495.4,0.0,-6289.4
1780,104.0,6392.0,0.0,-6288.0
1781,54.0,6333.8,0.0,-6279.8
1782,54.0,6333.8,0.0,-6279.8
1783,54.0,6333.8,0.0,-6279.8
1784,909.0,7212.3,0.0,-6303.3
1785,1237.0,7531.2,0.0,-6294.2
1786,118.0,6405.0,0.0,-6287.0
1787,1054.0,7359.9,0.0,-6305.9
1788,44.0,6324.6,0.0,-6280.6
1789,114.0,6397.0,0.0,-6283.0
1790,114.0,6397.0,0.0,-6283.0
1791,60.0,6343.4,0.0,-6283.4
1792,1218.0,7513.6,0.0,-6295.6
1793,910.0,7206.6,0.0,-6296.6
1794,42.0,6321.0,0.0,-6279.0
1795,137.0,6424.5,0.0,-6287.5
1796,42.0,6321.0,0.0,-6279.0
1797,88.0,6371.0,0.0,-6283.0
1798,1375.0,7681.4,0.0,-6306.4
1799,101.0,6382.9,0.0,-6281.9
1800,192.0,6483.9,0.0,-6291.9
1801,844.0,7150.3,0.0,-6306.3
1802,101.0,6382.9,0.0,-6281.9
1803,2052.0,8369.6,0.0,-6317.6
1804,222.0,6520.8,0.0,-6298.8
1805,756.0,7069.9,0.0,-6313.9
1806,306.0,6608.2,0.0,-6302.2
1807,877.0,7184.0,0.0,-6307.0
1808,2092.0,8402.5,0.0,-6310.5
1809,903.0,7212.6,0.0,-6309.6
1810,189.0,6481.3,0.0,-6292.3
1811,588.0,6887.8,0.0,-6299.8
1812,363.0,6661.0,0.0,-6298.0
1813,171.0,6465.4,0.0,-6294.4
1814,227.0,6528.2,0.0,-6301.2
1815,1577.0,7895.2,0.0,-6318.2
1816,414.0,6711.2,0.0,-6297.2
1817,1390.0,7692.0,0.0,-6302.0
1818,2321.0,8632.9,0.0,-6311.9
1819,139.0,6423.7,0.0,-6284.7
1820,189.0,6477.8,0.0,-6288.8
1821,193.0,6484.5,0.0,-6291.5
1822,330.0,6635.2,0.0,-6305.2
1823,264.0,6560.2,0.0,-6296.2
1824,139.0,6423.7,0.0,-6284.7
1825,313.0,6609.4,0.0,-6296.4
1826,881.0,7187.8,0.0,-6306.8
1827,66.0,6348.2,0.0,-6282.2
1828,66.0,6348.2,0.0,-6282.2
1829,66.0,6348.2,0.0,-6282.2
1830,281.0,6586.2,0.0,-6305.2
1831,804.0,7116.2,0.0,-6312.2
1832,99.0,6380.6,0.0,-6281.6
1833,3345.0,9636.3,0.0,-6291.3
1834,345.0,6647.1,0.0,-6302.1
1835,496.0,6806.6,0.0,-6310.6
1836,1466.0,7789.5,0.0,-6323.5
1837,65.0,6349.8,0.0,-6284.8
1838,2355.0,8665.3,0.0,-6310.3
1839,43.0,6323.4,0.0,-6280.4
1840,572.0,6876.5,0.0,-6304.5
1841,102.0,6386.4,0.0,-6284.4
1842,545.0,6847.7,0.0,-6302.7
1843,2275.0,8572.1,0.0,-6297.1
1844,497.0,6793.1,0.0,-6296.1
1845,497.0,6793.1,0.0,-6296.1
1846,226.0,6519.9,0.0,-6293.9
1847,49.0,6330.6,0.0,-6281.6
1848,147.0,6435.5,0.0,-6288.5
1849,422.0,6722.7,0.0,-6300.7
1850,147.0,6435.5,0.0,-6288.5
1851,394.0,6699.1,0.0,-6305.1
1852,248.0,6546.6,0.0,-6298.6
1853,874.0,7189.5,0.0,-6315.5
1854,829.0,7137.3,0.0,-6308.3
1855,232.0,6527.4,0.0,-6295.4
1856,464.0,6763.6,0.0,-6299.6
1857,632.0,6937.9,0.0,-6305.9
1858,113.0,6402.5,0.0,-6289.5
1859,268.0,6570.2,0.0,-6302.2
1860,126.0,6415.2,0.0,-6289.2
1861,302.0,6600.3,0.0,-6298.3
1862,500.0,6806.0,0.0,-6306.0
1863,997.0,7312.1,0.0,-6315.1
1864,1199.0,7490.9,0.0,-6291.9
1865,518.0,6817.5,0.0,-6299.5
1866,397.0,6689.7,0.0,-6292.7
1867,38.0,6317.4,0.0,-6279.4
1868,530.0,6830.2,0.0,-6300.2
1869,1072.0,7366.5,0.0,-6294.5
1870,931.0,7222.3,0.0,-6291.3
1871,400.0,6704.8,0.0,-6304.8
1872,559.0,6856.9,0.0,-6297.9
1873,173.0,6467.0,0.0,-6294.0
1874,879.0,7157.6,0.0,-6278.6
1875,892.0,7173.8,0.0,-6281.8
1876,602.0,6891.6,0.0,-6289.6
1877,979.0,7274.7,0.0,-6295.7
1878,448.0,6753.7,0.0,-6305.7
1879,1404.0,7691.7,0.0,-6287.7
1880,1087.0,7411.7,0.0,-6324.7
1881,218.0,6513.3,0.0,-6295.3
1882,507.0,6806.7,0.0,-6299.7
1883,569.0,6880.5,0.0,-6311.5
1884,89.0,6372.9,0.0,-6283.9
1885,1853.0,8151.9,0.0,-6298.9
1886,119.0,6406.7,0.0,-6287.7
1887,119.0,6406.7,0.0,-6287.7
1888,61.0,6344.2,0.0,-6283.2
1889,171.0,6464.3,0.0,-6293.3
1890,141.0,6429.9,0.0,-6288.9
1891,537.0,6838.6,0.0,-6301.6
1892,31.0,6307.8,0.0,-6276.8
1893,31.0,6307.8,0.0,-6276.8
1894,250.0,6546.4,0.0,-6296.4
1895,1426.0,7696.4,0.0,-6270.4
1896,2466.0,8758.9,0.0,-6292.9
1897,78.0,6360.9,0.0,-6282.9
1898,3620.0,9905.3,0.0,-6285.3
1899,604.0,6913.5,0.0,-6309.5
1900,159.0,6447.1,0.0,-6288.1
1901,99.0,6385.6,0.0,-6286.6
1902,166.0,6449.2,0.0,-6283.2
1903,488.0,6779.2,0.0,-6291.2
1904,187.0,6481.6,0.0,-6294.6
1905,34.0,6311.4,0.0,-6277.4
1906,34.0,6311.4,0.0,-6277.4
1907,340.0,6634.1,0.0,-6294.1
1908,46.0,6325.5,0.0,-6279.5
1909,46.0,6325.5,0.0,-6279.5
1910,375.0,6671.6,0.0,-6296.6
1911,100.0,6385.9,0.0,-6285.9
1912,157.0,6444.5,0.0,-6287.5
1913,361.0,6651.7,0.0,-6290.7
1914,296.0,6594.7,0.0,-6298.7
1915,247.0,6535.1,0.0,-6288.1
1916,537.0,6829.5,0.0,-6292.5
1917,92.0,6377.4,0.0,-6285.4
1918,2200.0,8509.8,0.0,-6309.8
1919,43.0,6319.8,0.0,-6276.8
1920,442.0,6737.9,0.0,-6295.9
1921,43.0,6319.8,0.0,-6276.8
1922,43.0,6319.8,0.0,-6276.8
1923,43.0,6319.8,0.0,-6276.8
1924,2797.0,9108.0,0.0,-6311.0
1925,995.0,7312.5,0.0,-6317.5
1926,545.0,6843.1,0.0,-6298.1
1927,402.0,6695.9,0.0,-6293.9
1928,581.0,6874.1,0.0,-6293.1
1929,38.0,6316.0,0.0,-6278.0
1930,75.0,6358.0,0.0,-6283.0
1931,38.0,6316.0,0.0,-6278.0
1932,531.0,6834.6,0.0,-6303.6
1933,1273.0,7584.1,0.0,-6311.1
1934,815.0,7116.5,0.0,-6301.5
1935,189.0,6479.6,0.0,-6290.6
1936,1894.0,8212.2,0.0,-6318.2
1937,49.0,6330.6,0.0,-6281.6
1938,48.0,6329.3,0.0,-6281.3
1939,835.0,7139.9,0.0,-6304.9
1940,2920.0,9230.7,0.0,-6310.7
1941,157.0,6438.3,0.0,-6281.3
1942,256.0,6556.1,0.0,-6300.1
1943,317.0,6611.6,0.0,-6294.6
1944,211.0,6504.8,0.0,-6293.8
1945,432.0,6737.1,0.0,-6305.1
1946,478.0,6788.8,0.0,-6310.8
1947,157.0,6438.3,0.0,-6281.3
1948,62.0,6345.4,0.0,-6283.4
1949,1083.0,7415.4,0.0,-6332.4
1950,115.0,6397.1,0.0,-6282.1
1951,244.0,6543.2,0.0,-6299.2
1952,528.0,6835.4,0.0,-6307.4
1953,1293.0,7596.0,0.0,-6303.0
1954,98.0,6383.4,0.0,-6285.4
1955,634.0,6935.2,0.0,-6301.2
1956,252.0,6547.9,0.0,-6295.9
1957,1266.0,7586.8,0.0,-6320.8
1958,60.0,6343.4,0.0,-6283.4
1959,1408.0,7719.4,0.0,-6311.4
1960,609.0,6912.0,0.0,-6303.0
1961,278.0,6574.7,0.0,-6296.7
1962,182.0,6473.6,0.0,-6291.6
1963,111.0,6400.4,0.0,-6289.4
1964,141.0,6427.0,0.0,-6286.0
1965,184.0,6476.4,0.0,-6292.4
1966,378.0,6668.0,0.0,-6290.0
1967,854.0,7156.6,0.0,-6302.6
1968,84.0,6367.4,0.0,-6283.4
1969,128.0,6409.6,0.0,-6281.6
1970,128.0,6409.6,0.0,-6281.6
1971,369.0,6664.3,0.0,-6295.3
1972,533.0,6837.7,0.0,-6304.7
1973,109.0,6397.2,0.0,-6288.2
1974,42.0,6322.2,0.0,-6280.2
1975,429.0,6733.5,0.0,-6304.5
1976,793.0,7094.6,0.0,-6301.6
1977,378.0,6676.9,0.0,-6298.9
1978,505.0,6803.2,0.0,-6298.2
1979,1118.0,7425.6,0.0,-6307.6
1980,443.0,6750.0,0.0,-6307.0
1981,208.0,6499.6,0.0,-6291.6
1982,892.0,7184.4,0.0,-6292.4
1983,639.0,6948.0,0.0,-6309.0
1984,214.0,6507.9,0.0,-6293.9
1985,938.0,7255.9,0.0,-6317.9
1986,47.0,6328.2,0.0,-6281.2
1987,205.0,6496.3,0.0,-6291.3
1988,567.0,6865.3,0.0,-6298.3
1989,491.0,6793.6,0.0,-6302.6
1990,48.0,6329.4,0.0,-6281.4
1991,97.0,6381.9,0.0,-6284.9
1992,44.0,6324.3,0.0,-6280.3
1993,167.0,6451.3,0.0,-6284.3
1994,235.0,6527.4,0.0,-6292.4
1995,52.0,6334.2,0.0,-6282.2
1996,97.0,6380.6,0.0,-6283.6
1997,852.0,7138.0,0.0,-6286.0
1998,141.0,6428.4,0.0,-6287.4
1999,2167.0,8491.1,0.0,-6324.1
2000,517.0,6820.8,0.0,-6303.8
2001,1274.0,7585.8,0.0,-6311.8
2002,45.0,6325.8,0.0,-6280.8
2003,927.0,7241.0,0.0,-6314.0
2004,184.0,6478.4,0.0,-6294.4
2005,580.0,6880.9,0.0,-6300.9
2006,245.0,6541.0,0.0,-6296.0
2007,51.0,6331.6,0.0,-6280.6
2008,51.0,6331.6,0.0,-6280.6
2009,107.0,6395.0,0.0,-6288.0
2010,495.0,6799.7,0.0,-6304.7
2011,649.0,6951.8,0.0,-6302.8
2012,584.0,6893.1,0.0,-6309.1
2013,938.0,7253.5,0.0,-6315.5
2014,252.0,6533.1,0.0,-6281.1
2015,252.0,6533.1,0.0,-6281.1
2016,305.0,6590.9,0.0,-6285.9
2017,1824.0,8142.8,0.0,-6318.8
2018,543.0,6844.4,0.0,-6301.4
2019,525.0,6827.0,0.0,-6302.0
2020,638.0,6939.0,0.0,-6301.0
2021,184.0,6476.2,0.0,-6292.2
2022,1418.0,7735.7,0.0,-6317.7
2023,791.0,7095.3,0.0,-6304.3
2024,123.0,6408.3,0.0,-6285.3
2025,402.0,6701.7,0.0,-6299.7
2026,450.0,6753.5,0.0,-6303.5
2027,174.0,6456.9,0.0,-6282.9
2028,174.0,6456.9,0.0,-6282.9
2029,342.0,6645.0,0.0,-6303.0
2030,1660.0,7971.9,0.0,-6311.9
2031,344.0,6636.9,0.0,-6292.9
2032,369.0,6660.8,0.0,-6291.8
2033,1779.0,8104.1,0.0,-6325.1
2034,53.0,6335.4,0.0,-6282.4
2035,399.0,6679.2,0.0,-6280.2
2036,916.0,7220.5,0.0,-6304.5
2037,312.0,6603.9,0.0,-6291.9
2038,128.0,6414.0,0.0,-6286.0
2039,358.0,6665.2,0.0,-6307.2
2040,950.0,7269.7,0.0,-6319.7
2041,1114.0,7433.4,0.0,-6319.4
2042,96.0,6380.1,0.0,-6284.1
2043,730.0,7032.2,0.0,-6302.2
2044,249.0,6545.8,0.0,-6296.8
2045,686.0,6997.0,0.0,-6311.0
2046,708.0,7004.7,0.0,-6296.7
2047,317.0,6605.1,0.0,-6288.1
2048,171.0,6457.2,0.0,-6286.2
2049,279.0,6566.5,0.0,-6287.5
2050,581.0,6872.3,0.0,-6291.3
2051,2464.0,8735.0,0.0,-6271.0
2052,39.0,6316.0,0.0,-6277.0
2053,39.0,6316.0,0.0,-6277.0
2054,130.0,6418.7,0.0,-6288.7
2055,68.0,6347.8,0.0,-6279.8
2056,39.0,6316.0,0.0,-6277.0
2057,426.0,6723.3,0.0,-6297.3
2058,1492.0,7785.5,0.0,-6293.5
2059,161.0,6455.1,0.0,-6294.1
2060,357.0,6660.0,0.0,-6303.0
2061,348.0,6644.7,0.0,-6296.7
2062,91.0,6371.3,0.0,-6280.3
2063,2277.0,8586.1,0.0,-6309.1
2064,309.0,6610.2,0.0,-6301.2
2065,91.0,6371.3,0.0,-6280.3
2066,364.0,6668.4,0.0,-6304.4
2067,91.0,6371.3,0.0,-6280.3
2068,152.0,6445.0,0.0,-6293.0
2069,92.0,6376.6,0.0,-6284.6
2070,48.0,6329.2,0.0,-6281.2
2071,94.0,6380.0,0.0,-6286.0
2072,518.0,6820.6,0.0,-6302.6
2073,627.0,6931.2,0.0,-6304.2
2074,123.0,6413.0,0.0,-6290.0
2075,922.0,7239.7,0.0,-6317.7
2076,562.0,6863.0,0.0,-6301.0
2077,744.0,7057.4,0.0,-6313.4
2078,1337.0,7653.1,0.0,-6316.1
2079,140.0,6423.9,0.0,-6283.9
2080,201.0,6495.5,0.0,-6294.5
2081,533.0,6839.1,0.0,-6306.1
2082,93.0,6374.4,0.0,-6281.4
2083,94.0,6379.1,0.0,-6285.1
2084,342.0,6636.6,0.0,-6294.6
2085,184.0,6474.7,0.0,-6290.7
2086,565.0,6867.1,0.0,-6302.1
2087,1088.0,7408.3,0.0,-6320.3
2088,93.0,6374.4,0.0,-6281.4
2089,177.0,6467.9,0.0,-6290.9
2090,58.0,6340.1,0.0,-6282.1
2091,436.0,6743.1,0.0,-6307.1
2092,191.0,6480.9,0.0,-6289.9
2093,58.0,6340.1,0.0,-6282.1
2094,88.0,6371.2,0.0,-6283.2
2095,138.0,6426.0,0.0,-6288.0
2096,534.0,6839.2,0.0,-6305.2
2097,67.0,6345.2,0.0,-6278.2
2098,777.0,7090.7,0.0,-6313.7
2099,76.0,6358.6,0.0,-6282.6
2100,137.0,6423.0,0.0,-6286.0
2101,55.0,6336.4,0.0,-6281.4
2102,55.0,6336.4,0.0,-6281.4
2103,147.0,6439.5,0.0,-6292.5
2104,135.0,6422.7,0.0,-6287.7
2105,96.0,6382.4,0.0,-6286.4
2106,165.0,6457.8,0.0,-6292.8
2107,615.0,6915.8,0.0,-6300.8
2108,533.0,6824.3,0.0,-6291.3
2109,145.0,6434.4,0.0,-6289.4
2110,522.0,6821.5,0.0,-6299.5
2111,135.0,6421.4,0.0,-6286.4
2112,285.0,6588.9,0.0,-6303.9
2113,2958.0,9253.3,0.0,-6295.3
2114,2226.0,8505.2,0.0,-6279.2
2115,1899.0,8178.1,0.0,-6279.1
2116,348.0,6649.9,0.0,-6301.9
2117,172.0,6462.8,0.0,-6290.8
2118,248.0,6543.4,0.0,-6295.4
2119,140.0,6425.8,0.0,-6285.8
2120,666.0,6976.2,0.0,-6310.2
2121,187.0,6473.6,0.0,-6286.6
2122,49.0,6329.0,0.0,-6280.0
2123,134.0,6421.0,0.0,-6287.0
2124,49.0,6329.0,0.0,-6280.0
2125,95.0,6377.9,0.0,-6282.9
2126,159.0,6446.6,0.0,-6287.6
2127,194.0,6483.0,0.0,-6289.0
2128,93.0,6378.2,0.0,-6285.2
2129,1005.0,7320.9,0.0,-6315.9
2130,49.0,6329.4,0.0,-6280.4
2131,49.0,6329.4,0.0,-6280.4
2132,1717.0,8023.0,0.0,-6306.0
2133,1034.0,7347.5,0.0,-6313.5
2134,76.0,6357.5,0.0,-6281.5
2135,296.0,6579.5,0.0,-6283.5
2136,463.0,6765.3,0.0,-6302.3
2137,118.0,6405.8,0.0,-6287.8
2138,1626.0,7928.7,0.0,-6302.7
2139,83.0,6365.2,0.0,-6282.2
2140,675.0,6984.3,0.0,-6309.3
2141,308.0,6607.5,0.0,-6299.5
2142,443.0,6738.3,0.0,-6295.3
2143,496.0,6793.3,0.0,-6297.3
2144,79.0,6359.6,0.0,-6280.6
2145,95.0,6378.0,0.0,-6283.0
2146,95.0,6378.0,0.0,-6283.0
2147,603.0,6910.2,0.0,-6307.2
2148,796.0,7109.3,0.0,-6313.3
2149,1132.0,7439.7,0.0,-6307.7
2150,558.0,6858.2,0.0,-6300.2
2151,914.0,7224.8,0.0,-6310.8
2152,79.0,6360.4,0.0,-6281.4
2153,190.0,6477.7,0.0,-6287.7
2154,60.0,6343.8,0.0,-6283.8
2155,602.0,6904.6,0.0,-6302.6
2156,430.0,6726.3,0.0,-6296.3
2157,142.0,6425.4,0.0,-6283.4
2158,376.0,6674.0,0.0,-6298.0
2159,142.0,6425.4,0.0,-6283.4
2160,203.0,6498.0,0.0,-6295.0
2161,57.0,6336.6,0.0,-6279.6
2162,57.0,6336.6,0.0,-6279.6
2163,57.0,6336.6,0.0,-6279.6
2164,57.0,6336.6,0.0,-6279.6
2165,38.0,6317.2,0.0,-6279.2
2166,189.0,6477.8,0.0,-6288.8
2167,412.0,6705.7,0.0,-6293.7
2168,465.0,6761.6,0.0,-6296.6
2169,48.0,6329.4,0.0,-6281.4
2170,46.0,6324.6,0.0,-6278.6
2171,46.0,6324.6,0.0,-6278.6
2172,46.0,6324.6,0.0,-6278.6
2173,278.0,6570.9,0.0,-6292.9
2174,450.0,6760.2,0.0,-6310.2
2175,723.0,7012.5,0.0,-6289.5
2176,489.0,6778.7,0.0,-6289.7
2177,777.0,7078.6,0.0,-6301.6
2178,1443.0,7754.9,0.0,-6311.9
2179,248.0,6544.2,0.0,-6296.2
2180,311.0,6607.5,0.0,-6296.5
2181,167.0,6459.9,0.0,-6292.9
2182,88.0,6372.2,0.0,-6284.2
2183,94.0,6379.6,0.0,-6285.6
2184,86.0,6370.4,0.0,-6284.4
2185,170.0,6462.3,0.0,-6292.3
2186,103.0,6389.6,0.0,-6286.6
2187,339.0,6635.0,0.0,-6296.0
2188,106.0,6391.8,0.0,-6285.8
2189,462.0,6762.5,0.0,-6300.5
2190,844.0,7142.1,0.0,-6298.1
2191,199.0,6486.8,0.0,-6287.8
2192,160.0,6448.9,0.0,-6288.9
2193,640.0,6946.9,0.0,-6306.9
2194,868.0,7166.0,0.0,-6298.0
2195,274.0,6565.4,0.0,-6291.4
2196,42.0,6322.2,0.0,-6280.2
2197,459.0,6764.5,0.0,-6305.5
2198,84.0,6367.8,0.0,-6283.8
2199,144.0,6434.1,0.0,-6290.1
2200,62.0,6344.8,0.0,-6282.8
2201,206.0,6502.2,0.0,-6296.2
2202,178.0,6469.2,0.0,-6291.2
2203,687.0,6992.2,0.0,-6305.2
2204,62.0,6344.8,0.0,-6282.8
2205,240.0,6543.3,0.0,-6303.3
2206,104.0,6390.7,0.0,-6286.7
2207,185.0,6472.3,0.0,-6287.3
2208,546.0,6854.7,0.0,-6308.7
2209,57.0,6340.0,0.0,-6283.0
2210,226.0,6517.9,0.0,-6291.9
2211,157.0,6441.3,0.0,-6284.3
2212,157.0,6441.3,0.0,-6284.3
2213,108.0,6396.6,0.0,-6288.6
2214,506.0,6809.6,0.0,-6303.6
2215,808.0,7114.2,0.0,-6306.2
2216,545.0,6853.7,0.0,-6308.7
2217,506.0,6804.4,0.0,-6298.4
2218,312.0,6580.9,0.0,-6268.9
2219,470.0,6768.4,0.0,-6298.4
2220,182.0,6477.2,0.0,-6295.2
2221,863.0,7176.5,0.0,-6313.5
2222,569.0,6863.9,0.0,-6294.9
2223,523.0,6825.4,0.0,-6302.4
2224,70.0,6350.1,0.0,-6280.1
2225,75.0,6356.5,0.0,-6281.5
2226,508.0,6812.9,0.0,-6304.9
2227,646.0,6937.6,0.0,-6291.6
2228,769.0,7072.7,0.0,-6303.7
2229,379.0,6678.3,0.0,-6299.3
2230,454.0,6749.9,0.0,-6295.9
2231,92.0,6372.7,0.0,-6280.7
2232,92.0,6372.7,0.0,-6280.7
2233,1245.0,7522.1,0.0,-6277.1
2234,185.0,6475.8,0.0,-6290.8
2235,585.0,6882.4,0.0,-6297.4
2236,351.0,6644.0,0.0,-6293.0
2237,394.0,6694.4,0.0,-6300.4
2238,503.0,6805.0,0.0,-6302.0
2239,1217.0,7529.2,0.0,-6312.2
2240,142.0,6425.2,0.0,-6283.2
2241,808.0,7114.1,0.0,-6306.1
2242,224.0,6513.9,0.0,-6289.9
2243,96.0,6380.0,0.0,-6284.0
2244,529.0,6826.7,0.0,-6297.7
2245,122.0,6404.0,0.0,-6282.0
2246,248.0,6539.6,0.0,-6291.6
2247,176.0,6463.6,0.0,-6287.6
2248,194.0,6487.0,0.0,-6293.0
2249,76.0,6357.8,0.0,-6281.8
2250,496.0,6796.2,0.0,-6300.2
2251,1373.0,7684.8,0.0,-6311.8
2252,465.0,6772.7,0.0,-6307.7
2253,449.0,6750.6,0.0,-6301.6
2254,570.0,6880.5,0.0,-6310.5
2255,285.0,6576.7,0.0,-6291.7
2256,190.0,6477.6,0.0,-6287.6
2257,279.0,6571.2,0.0,-6292.2
2258,519.0,6829.7,0.0,-6310.7
2259,94.0,6377.4,0.0,-6283.4
2260,251.0,6537.4,0.0,-6286.4
2261,96.0,6382.0,0.0,-6286.0
2262,35.0,6313.6,0.0,-6278.6
2263,224.0,6521.1,0.0,-6297.1
2264,724.0,7029.1,0.0,-6305.1
2265,259.0,6556.0,0.0,-6297.0
2266,226.0,6519.9,0.0,-6293.9
2267,115.0,6401.2,0.0,-6286.2
2268,40.0,6319.6,0.0,-6279.6
2269,826.0,7147.9,0.0,-6321.9
2270,1154.0,7476.6,0.0,-6322.6
2271,190.0,6481.0,0.0,-6291.0
2272,516.0,6799.3,0.0,-6283.3
2273,158.0,6449.4,0.0,-6291.4
2274,488.0,6788.4,0.0,-6300.4
2275,44.0,6324.6,0.0,-6280.6
2276,1525.0,7817.6,0.0,-6292.6
2277,278.0,6570.7,0.0,-6292.7
2278,97.0,6381.0,0.0,-6284.0
2279,311.0,6591.0,0.0,-6280.0
2280,96.0,6382.6,0.0,-6286.6
2281,262.0,6565.5,0.0,-6303.5
2282,185.0,6477.8,0.0,-6292.8
2283,328.0,6628.9,0.0,-6300.9
2284,864.0,7162.8,0.0,-6298.8
2285,942.0,7256.9,0.0,-6314.9
2286,194.0,6484.8,0.0,-6290.8
2287,456.0,6751.5,0.0,-6295.5
2288,189.0,6480.2,0.0,-6291.2
2289,235.0,6525.6,0.0,-6290.6
2290,107.0,6389.2,0.0,-6282.2
2291,164.0,6454.0,0.0,-6290.0
2292,108.0,6392.4,0.0,-6284.4
2293,531.0,6834.2,0.0,-6303.2
2294,38.0,6317.4,0.0,-6279.4
2295,47.0,6328.2,0.0,-6281.2
2296,245.0,6537.2,0.0,-6292.2
2297,163.0,6457.5,0.0,-6294.5
2298,63.0,6344.8,0.0,-6281.8
2299,63.0,6344.8,0.0,-6281.8
2300,490.0,6802.6,0.0,-6312.6
2301,63.0,6344.8,0.0,-6281.8
2302,121.0,6411.1,0.0,-6290.1
2303,103.0,6390.3,0.0,-6287.3
2304,351.0,6653.9,0.0,-6302.9
2305,108.0,6394.8,0.0,-6286.8
2306,161.0,6449.9,0.0,-6288.9
2307,57.0,6339.7,0.0,-6282.7
2308,272.0,6568.8,0.0,-6296.8
2309,167.0,6460.3,0.0,-6293.3
2310,441.0,6745.3,0.0,-6304.3
2311,1477.0,7773.2,0.0,-6296.2
2312,841.0,7140.4,0.0,-6299.4
2313,49.0,6330.6,0.0,-6281.6
2314,1370.0,7655.2,0.0,-6285.2
2315,1257.0,7552.0,0.0,-6295.0
2316,99.0,6381.6,0.0,-6282.6
2317,542.0,6842.8,0.0,-6300.8
2318,399.0,6702.2,0.0,-6303.2
2319,151.0,6438.9,0.0,-6287.9
2320,401.0,6700.3,0.0,-6299.3
2321,1206.0,7503.7,0.0,-6297.7
2322,35.0,6312.5,0.0,-6277.5
2323,35.0,6312.5,0.0,-6277.5
2324,175.0,6462.1,0.0,-6287.1
2325,224.0,6515.0,0.0,-6291.0
2326,339.0,6636.5,0.0,-6297.5
2327,269.0,6564.6,0.0,-6295.6
2328,56.0,6339.0,0.0,-6283.0
2329,639.0,6944.1,0.0,-6305.1
2330,648.0,6948.1,0.0,-6300.1
2331,29.0,6306.6,0.0,-6277.6
2332,754.0,7064.7,0.0,-6310.7
2333,102.0,6388.2,0.0,-6286.2
2334,110.0,6393.0,0.0,-6283.0
2335,110.0,6393.0,0.0,-6283.0
2336,394.0,6695.8,0.0,-6301.8
2337,360.0,6652.7,0.0,-6292.7
2338,715.0,7028.9,0.0,-6313.9
2339,2036.0,8357.6,0.0,-6321.6
2340,62.0,6346.2,0.0,-6284.2
2341,33.0,6311.4,0.0,-6278.4
2342,979.0,7280.3,0.0,-6301.3
2343,340.0,6636.4,0.0,-6296.4
2344,456.0,6746.5,0.0,-6290.5
2345,37.0,6316.2,0.0,-6279.2
2346,660.0,6968.1,0.0,-6308.1
2347,188.0,6478.9,0.0,-6290.9
2348,439.0,6735.0,0.0,-6296.0
2349,344.0,6648.8,0.0,-6304.8
2350,1052.0,7353.4,0.0,-6301.4
2351,379.0,6682.7,0.0,-6303.7
2352,140.0,6427.1,0.0,-6287.1
2353,48.0,6327.3,0.0,-6279.3
2354,626.0,6937.5,0.0,-6311.5
2355,48.0,6327.3,0.0,-6279.3
2356,99.0,6385.1,0.0,-6286.1
2357,218.0,6511.6,0.0,-6293.6
2358,48.0,6329.2,0.0,-6281.2
2359,84.0,6364.3,0.0,-6280.3
2360,178.0,6467.4,0.0,-6289.4
2361,32.0,6310.2,0.0,-6278.2
2362,97.0,6381.6,0.0,-6284.6
2363,97.0,6381.6,0.0,-6284.6
2364,53.0,6331.2,0.0,-6278.2
2365,53.0,6331.2,0.0,-6278.2
2366,53.0,6331.2,0.0,-6278.2
2367,53.0,6331.2,0.0,-6278.2
2368,101.0,6385.3,0.0,-6284.3
2369,878.0,7172.3,0.0,-6294.3
2370,191.0,6481.7,0.0,-6290.7
2371,406.0,6702.5,0.0,-6296.5
2372,154.0,6440.1,0.0,-6286.1
2373,140.0,6429.3,0.0,-6289.3
2374,251.0,6545.8,0.0,-6294.8
2375,519.0,6814.6,0.0,-6295.6
2376,88.0,6366.1,0.0,-6278.1
2377,88.0,6366.1,0.0,-6278.1
2378,98.0,6381.8,0.0,-6283.8
2379,148.0,6434.4,0.0,-6286.4
2380,329.0,6623.2,0.0,-6294.2
2381,42.0,6322.2,0.0,-6280.2
2382,718.0,7020.3,0.0,-6302.3
2383,38.0,6316.2,0.0,-6278.2
2384,38.0,6316.2,0.0,-6278.2
2385,79.0,6362.6,0.0,-6283.6
2386,552.0,6855.3,0.0,-6303.3
2387,398.0,6698.9,0.0,-6300.9
2388,234.0,6526.7,0.0,-6292.7
2389,49.0,6330.4,0.0,-6281.4
2390,295.0,6594.7,0.0,-6299.7
2391,100.0,6387.0,0.0,-6287.0
2392,35.0,6313.8,0.0,-6278.8
2393,144.0,6432.8,0.0,-6288.8
2394,70.0,6351.1,0.0,-6281.1
2395,261.0,6557.6,0.0,-6296.6
2396,95.0,6374.2,0.0,-6279.2
2397,95.0,6374.2,0.0,-6279.2
2398,302.0,6595.3,0.0,-6293.3
2399,158.0,6447.3,0.0,-6289.3
2400,956.0,7265.2,0.0,-6309.2
2401,28.0,6305.4,0.0,-6277.4
2402,258.0,6552.1,0.0,-6294.1
2403,65.0,6347.4,0.0,-6282.4
2404,249.0,6553.5,0.0,-6304.5
2405,479.0,6779.0,0.0,-6300.0
2406,648.0,6946.1,0.0,-6298.1
2407,550.0,6852.3,0.0,-6302.3
2408,212.0,6508.6,0.0,-6296.6
2409,65.0,6347.4,0.0,-6282.4
2410,65.0,6347.4,0.0,-6282.4
2411,202.0,6495.4,0.0,-6293.4
2412,107.0,6392.6,0.0,-6285.6
2413,432.0,6739.1,0.0,-6307.1
2414,47.0,6328.2,0.0,-6281.2
2415,183.0,6477.0,0.0,-6294.0
2416,802.0,7110.2,0.0,-6308.2
2417,704.0,7004.9,0.0,-6300.9
2418,166.0,6455.0,0.0,-6289.0
2419,486.0,6779.6,0.0,-6293.6
2420,1108.0,7402.8,0.0,-6294.8
2421,279.0,6575.0,0.0,-6296.0
2422,91.0,6374.8,0.0,-6283.8
2423,291.0,6595.9,0.0,-6304.9
2424,241.0,6542.1,0.0,-6301.1
2425,119.0,6406.0,0.0,-6287.0
2426,89.0,6371.1,0.0,-6282.1
2427,42.0,6321.6,0.0,-6279.6
2428,89.0,6371.1,0.0,-6282.1
2429,351.0,6654.5,0.0,-6303.5
2430,116.0,6405.0,0.0,-6289.0
2431,289.0,6577.1,0.0,-6288.1
2432,204.0,6489.5,0.0,-6285.5
2433,148.0,6439.2,0.0,-6291.2
2434,104.0,6389.4,0.0,-6285.4
2435,199.0,6492.1,0.0,-6293.1
2436,415.0,6714.8,0.0,-6299.8
2437,88.0,6373.0,0.0,-6285.0
2438,175.0,6463.4,0.0,-6288.4
2439,183.0,6479.3,0.0,-6296.3
2440,256.0,6556.1,0.0,-6300.1
2441,41.0,6321.0,0.0,-6280.0
2442,42.0,6322.2,0.0,-6280.2
2443,135.0,6423.1,0.0,-6288.1
2444,165.0,6456.8,0.0,-6291.8
2445,172.0,6459.3,0.0,-6287.3
2446,236.0,6521.3,0.0,-6285.3
2447,97.0,6379.5,0.0,-6282.5
2448,40.0,6319.8,0.0,-6279.8
2449,88.0,6372.7,0.0,-6284.7
2450,514.0,6815.1,0.0,-6301.1
2451,497.0,6808.1,0.0,-6311.1
2452,410.0,6717.1,0.0,-6307.1
2453,220.0,6510.0,0.0,-6290.0
2454,185.0,6473.8,0.0,-6288.8
2455,44.0,6324.6,0.0,-6280.6
2456,139.0,6429.2,0.0,-6290.2
2457,126.0,6412.1,0.0,-6286.1
2458,317.0,6617.4,0.0,-6300.4
2459,34.0,6312.6,0.0,-6278.6
2460,308.0,6599.3,0.0,-6291.3
2461,99.0,6383.8,0.0,-6284.8
2462,99.0,6383.8,0.0,-6284.8
2463,52.0,6334.2,0.0,-6282.2
2464,475.0,6774.4,0.0,-6299.4
2465,780.0,7080.3,0.0,-6300.3
2466,132.0,6419.6,0.0,-6287.6
2467,498.0,6803.9,0.0,-6305.9
2468,177.0,6471.1,0.0,-6294.1
2469,113.0,6394.0,0.0,-6281.0
2470,113.0,6394.0,0.0,-6281.0
2471,635.0,6943.6,0.0,-6308.6
2472,112.0,6400.8,0.0,-6288.8
2473,147.0,6438.4,0.0,-6291.4
2474,314.0,6619.6,0.0,-6305.6
2475,216.0,6507.3,0.0,-6291.3
2476,89.0,6373.3,0.0,-6284.3
2477,143.0,6428.4,0.0,-6285.4
2478,141.0,6430.1,0.0,-6289.1
2479,202.0,6495.0,0.0,-6293.0
2480,163.0,6457.5,0.0,-6294.5
2481,142.0,6425.0,0.0,-6283.0
2482,236.0,6522.5,0.0,-6286.5
2483,468.0,6771.3,0.0,-6303.3
2484,123.0,6407.9,0.0,-6284.9
2485,56.0,6339.0,0.0,-6283.0
2486,218.0,6507.3,0.0,-6289.3
2487,222.0,6519.9,0.0,-6297.9
2488,183.0,6478.8,0.0,-6295.8
2489,76.0,6362.7,0.0,-6286.7
2490,217.0,6512.1,0.0,-6295.1
2491,200.0,6495.2,0.0,-6295.2
2492,101.0,6385.9,0.0,-6284.9
2493,207.0,6500.5,0.0,-6293.5
2494,178.0,6465.8,0.0,-6287.8
2495,688.0,7005.0,0.0,-6317.0
2496,437.0,6741.1,0.0,-6304.1
2497,516.0,6823.3,0.0,-6307.3
2498,190.0,6487.0,0.0,-6297.0
2499,379.0,6686.4,0.0,-6307.4
2500,151.0,6442.6,0.0,-6291.6
2501,110.0,6394.0,0.0,-6284.0
2502,648.0,6957.8,0.0,-6309.8
2503,576.0,6879.7,0.0,-6303.7
2504,658.0,6937.8,0.0,-6279.8
2505,611.0,6890.4,0.0,-6279.4
2506,514.0,6792.1,0.0,-6278.1
2507,188.0,6481.0,0.0,-6293.0
2508,254.0,6536.4,0.0,-6282.4
2509,254.0,6536.4,0.0,-6282.4
2510,509.0,6802.2,0.0,-6293.2
2511,314.0,6617.0,0.0,-6303.0
2512,56.0,6335.4,0.0,-6279.4
2513,56.0,6335.4,0.0,-6279.4
2514,417.0,6714.7,0.0,-6297.7
2515,56.0,6335.4,0.0,-6279.4
2516,56.0,6335.4,0.0,-6279.4
2517,52.0,6334.2,0.0,-6282.2
2518,398.0,6704.3,0.0,-6306.3
2519,101.0,6386.4,0.0,-6285.4
2520,45.0,6325.6,0.0,-6280.6
2521,283.0,6571.8,0.0,-6288.8
2522,1238.0,7543.2,0.0,-6305.2
2523,1192.0,7514.7,0.0,-6322.7
2524,475.0,6780.3,0.0,-6305.3
2525,48.0,6329.4,0.0,-6281.4
2526,50.0,6329.4,0.0,-6279.4
2527,50.0,6329.4,0.0,-6279.4
2528,50.0,6329.4,0.0,-6279.4
2529,928.0,7240.8,0.0,-6312.8
2530,359.0,6662.1,0.0,-6303.1
2531,515.0,6811.5,0.0,-6296.5
2532,274.0,6572.5,0.0,-6298.5
2533,130.0,6417.4,0.0,-6287.4
2534,129.0,6416.2,0.0,-6287.2
2535,51.0,6332.8,0.0,-6281.8
2536,998.0,7299.4,0.0,-6301.4
2537,50.0,6331.7,0.0,-6281.7
2538,1120.0,7426.5,0.0,-6306.5
2539,351.0,6655.6,0.0,-6304.6
2540,162.0,6448.4,0.0,-6286.4
2541,376.0,6668.1,0.0,-6292.1
2542,355.0,6658.9,0.0,-6303.9
2543,50.0,6331.8,0.0,-6281.8
2544,93.0,6378.4,0.0,-6285.4
2545,37.0,6316.2,0.0,-6279.2
2546,47.0,6327.0,0.0,-6280.0
2547,47.0,6327.0,0.0,-6280.0
2548,41.0,6321.0,0.0,-6280.0
2549,41.0,6319.8,0.0,-6278.8
2550,41.0,6319.8,0.0,-6278.8
2551,129.0,6418.0,0.0,-6289.0
2552,134.0,6416.0,0.0,-6282.0
2553,101.0,6384.5,0.0,-6283.5
2554,288.0,6581.3,0.0,-6293.3
2555,83.0,6363.4,0.0,-6280.4
2556,1093.0,7391.4,0.0,-6298.4
2557,54.0,6332.8,0.0,-6278.8
2558,54.0,6332.8,0.0,-6278.8
2559,54.0,6332.8,0.0,-6278.8
2560,161.0,6450.6,0.0,-6289.6
2561,238.0,6537.6,0.0,-6299.6
2562,133.0,6422.1,0.0,-6289.1
2563,192.0,6484.6,0.0,-6292.6
2564,54.0,6332.8,0.0,-6278.8
2565,194.0,6490.2,0.0,-6296.2
2566,102.0,6389.2,0.0,-6287.2
2567,548.0,6852.1,0.0,-6304.1
2568,131.0,6417.6,0.0,-6286.6
2569,246.0,6534.5,0.0,-6288.5
2570,45.0,6325.8,0.0,-6280.8
2571,52.0,6334.2,0.0,-6282.2
2572,83.0,6366.2,0.0,-6283.2
2573,41.0,6321.0,0.0,-6280.0
2574,46.0,6326.8,0.0,-6280.8
2575,233.0,6525.0,0.0,-6292.0
2576,49.0,6330.6,0.0,-6281.6
2577,39.0,6316.1,0.0,-6277.1
2578,129.0,6417.7,0.0,-6288.7
2579,39.0,6316.1,0.0,-6277.1
2580,39.0,6316.1,0.0,-6277.1
2581,57.0,6340.2,0.0,-6283.2
2582,96.0,6381.7,0.0,-6285.7
2583,55.0,6337.6,0.0,-6282.6
2584,653.0,6957.4,0.0,-6304.4
2585,481.0,6790.9,0.0,-6309.9
2586,290.0,6588.1,0.0,-6298.1
2587,116.0,6401.6,0.0,-6285.6
2588,45.0,6325.8,0.0,-6280.8
2589,50.0,6330.4,0.0,-6280.4
2590,50.0,6330.4,0.0,-6280.4
2591,225.0,6522.9,0.0,-6297.9
2592,212.0,6504.0,0.0,-6292.0
2593,588.0,6903.2,0.0,-6315.2
2594,707.0,7021.7,0.0,-6314.7
2595,55.0,6337.8,0.0,-6282.8
2596,105.0,6392.4,0.0,-6287.4
2597,181.0,6476.3,0.0,-6295.3
2598,47.0,6328.2,0.0,-6281.2
2599,184.0,6475.9,0.0,-6291.9
2600,202.0,6495.1,0.0,-6293.1
2601,137.0,6419.5,0.0,-6282.5
2602,930.0,7246.9,0.0,-6316.9
2603,266.0,6562.6,0.0,-6296.6
2604,101.0,6388.4,0.0,-6287.4
2605,688.0,6996.1,0.0,-6308.1
2606,555.0,6865.7,0.0,-6310.7
2607,46.0,6326.8,0.0,-6280.8
2608,47.0,6325.8,0.0,-6278.8
2609,349.0,6650.2,0.0,-6301.2
2610,47.0,6325.8,0.0,-6278.8
2611,47.0,6325.8,0.0,-6278.8
2612,517.0,6815.9,0.0,-6298.9
2613,269.0,6531.7,0.0,-6262.7
2614,604.0,6907.5,0.0,-6303.5
2615,244.0,6535.7,0.0,-6291.7
2616,144.0,6434.1,0.0,-6290.1
2617,111.0,6400.6,0.0,-6289.6
2618,416.0,6721.4,0.0,-6305.4
2619,94.0,6379.0,0.0,-6285.0
2620,451.0,6751.6,0.0,-6300.6
2621,85.0,6367.0,0.0,-6282.0
2622,42.0,6321.6,0.0,-6279.6
2623,91.0,6371.5,0.0,-6280.5
2624,205.0,6500.9,0.0,-6295.9
2625,190.0,6479.3,0.0,-6289.3
2626,91.0,6371.5,0.0,-6280.5
2627,54.0,6335.4,0.0,-6281.4
2628,54.0,6335.4,0.0,-6281.4
2629,43.0,6323.4,0.0,-6280.4
2630,42.0,6322.2,0.0,-6280.2
2631,45.0,6325.8,0.0,-6280.8
2632,465.0,6774.1,0.0,-6309.1
2633,642.0,6954.6,0.0,-6312.6
2634,402.0,6711.6,0.0,-6309.6
2635,142.0,6429.0,0.0,-6287.0
2636,196.0,6487.7,0.0,-6291.7
2637,247.0,6543.7,0.0,-6296.7
2638,156.0,6441.8,0.0,-6285.8
2639,41.0,6321.0,0.0,-6280.0
2640,132.0,6417.0,0.0,-6285.0
2641,270.0,6562.0,0.0,-6292.0
2642,264.0,6561.0,0.0,-6297.0
2643,620.0,6922.6,0.0,-6302.6
2644,187.0,6479.7,0.0,-6292.7
2645,548.0,6848.7,0.0,-6300.7
2646,158.0,6450.6,0.0,-6292.6
2647,51.0,6333.0,0.0,-6282.0
2648,680.0,6975.3,0.0,-6295.3
2649,412.0,6699.0,0.0,-6287.0
2650,82.0,6362.7,0.0,-6280.7
2651,459.0,6754.3,0.0,-6295.3
2652,269.0,6555.2,0.0,-6286.2
2653,785.0,7087.5,0.0,-6302.5
2654,105.0,6392.7,0.0,-6287.7
2655,538.0,6840.1,0.0,-6302.1
2656,123.0,6406.9,0.0,-6283.9
2657,270.0,6564.1,0.0,-6294.1
2658,491.0,6794.1,0.0,-6303.1
2659,228.0,6518.7,0.0,-6290.7
2660,397.0,6699.3,0.0,-6302.3
2661,140.0,6430.9,0.0,-6290.9
2662,216.0,6505.4,0.0,-6289.4
2663,51.0,6333.0,0.0,-6282.0
2664,71.0,6357.0,0.0,-6286.0
2665,43.0,6323.2,0.0,-6280.2
2666,184.0,6477.0,0.0,-6293.0
2667,541.0,6847.4,0.0,-6306.4
2668,89.0,6372.8,0.0,-6283.8
2669,134.0,6421.3,0.0,-6287.3
2670,438.0,6741.4,0.0,-6303.4
2671,134.0,6421.3,0.0,-6287.3
2672,329.0,6626.4,0.0,-6297.4
2673,50.0,6331.8,0.0,-6281.8
2674,167.0,6458.0,0.0,-6291.0
2675,607.0,6910.3,0.0,-6303.3
2676,66.0,6351.0,0.0,-6285.0
2677,118.0,6401.4,0.0,-6283.4
2678,118.0,6401.4,0.0,-6283.4
2679,868.0,7168.2,0.0,-6300.2
2680,166.0,6455.1,0.0,-6289.1
2681,345.0,6638.9,0.0,-6293.9
2682,156.0,6447.4,0.0,-6291.4
2683,464.0,6765.5,0.0,-6301.5
2684,111.0,6398.2,0.0,-6287.2
2685,144.0,6434.2,0.0,-6290.2
2686,88.0,6372.8,0.0,-6284.8
2687,216.0,6508.7,0.0,-6292.7
2688,130.0,6416.8,0.0,-6286.8
2689,55.0,6337.8,0.0,-6282.8
2690,55.0,6337.8,0.0,-6282.8
2691,166.0,6454.6,0.0,-6288.6
2692,322.0,6613.4,0.0,-6291.4
2693,53.0,6335.4,0.0,-6282.4
2694,197.0,6488.1,0.0,-6291.1
2695,618.0,6928.4,0.0,-6310.4
2696,475.0,6767.6,0.0,-6292.6
2697,367.0,6654.0,0.0,-6287.0
2698,84.0,6366.0,0.0,-6282.0
2699,141.0,6427.1,0.0,-6286.1
2700,40.0,6319.6,0.0,-6279.6
2701,294.0,6588.3,0.0,-6294.3
2702,183.0,6473.0,0.0,-6290.0
2703,171.0,6459.0,0.0,-6288.0
2704,135.0,6420.4,0.0,-6285.4
2705,38.0,6317.4,0.0,-6279.4
2706,631.0,6943.1,0.0,-6312.1
2707,194.0,6488.5,0.0,-6294.5
2708,205.0,6498.0,0.0,-6293.0
2709,335.0,6637.2,0.0,-6302.2
2710,168.0,6461.1,0.0,-6293.1
2711,200.0,6487.8,0.0,-6287.8
2712,195.0,6493.9,0.0,-6298.9
2713,142.0,6431.8,0.0,-6289.8
2714,214.0,6500.2,0.0,-6286.2
2715,283.0,6573.3,0.0,-6290.3
2716,215.0,6505.1,0.0,-6290.1
2717,388.0,6688.7,0.0,-6300.7
2718,139.0,6426.1,0.0,-6287.1
2719,1040.0,7358.6,0.0,-6318.6
2720,42.0,6322.2,0.0,-6280.2
2721,278.0,6574.4,0.0,-6296.4
2722,144.0,6433.8,0.0,-6289.8
2723,54.0,6336.6,0.0,-6282.6
2724,157.0,6443.9,0.0,-6286.9
2725,263.0,6559.5,0.0,-6296.5
2726,55.0,6336.6,0.0,-6281.6
2727,55.0,6336.6,0.0,-6281.6
2728,29.0,6306.6,0.0,-6277.6
2729,43.0,6323.4,0.0,-6280.4
2730,283.0,6579.9,0.0,-6296.9
2731,52.0,6333.0,0.0,-6281.0
2732,52.0,6333.0,0.0,-6281.0
2733,87.0,6368.4,0.0,-6281.4
2734,309.0,6605.2,0.0,-6296.2
2735,261.0,6548.8,0.0,-6287.8
2736,31.0,6309.0,0.0,-6278.0
2737,91.0,6375.5,0.0,-6284.5
2738,1092.0,7390.8,0.0,-6298.8
2739,200.0,6487.2,0.0,-6287.2
2740,253.0,6552.4,0.0,-6299.4
2741,267.0,6560.8,0.0,-6293.8
2742,83.0,6362.2,0.0,-6279.2
2743,173.0,6462.3,0.0,-6289.3
2744,85.0,6369.1,0.0,-6284.1
2745,138.0,6426.4,0.0,-6288.4
2746,139.0,6431.6,0.0,-6292.6
2747,593.0,6902.3,0.0,-6309.3
2748,72.0,6357.7,0.0,-6285.7
2749,566.0,6873.8,0.0,-6307.8
2750,252.0,6549.0,0.0,-6297.0
2751,42.0,6322.0,0.0,-6280.0
2752,181.0,6472.4,0.0,-6291.4
2753,207.0,6493.5,0.0,-6286.5
2754,227.0,6518.6,0.0,-6291.6
2755,86.0,6367.9,0.0,-6281.9
2756,88.0,6372.6,0.0,-6284.6
2757,158.0,6445.6,0.0,-6287.6
2758,127.0,6412.6,0.0,-6285.6
2759,49.0,6330.6,0.0,-6281.6
2760,46.0,6327.0,0.0,-6281.0
2761,212.0,6497.6,0.0,-6285.6
2762,759.0,7072.7,0.0,-6313.7
2763,37.0,6316.0,0.0,-6279.0
2764,150.0,6434.1,0.0,-6284.1
2765,283.0,6578.1,0.0,-6295.1
2766,1558.0,7872.7,0.0,-6314.7
2767,144.0,6433.4,0.0,-6289.4
2768,547.0,6856.1,0.0,-6309.1
2769,155.0,6447.1,0.0,-6292.1
2770,159.0,6443.6,0.0,-6284.6
2771,89.0,6371.5,0.0,-6282.5
2772,89.0,6371.5,0.0,-6282.5
2773,191.0,6486.7,0.0,-6295.7
2774,96.0,6382.0,0.0,-6286.0
2775,337.0,6637.7,0.0,-6300.7
2776,123.0,6407.8,0.0,-6284.8
2777,122.0,6411.8,0.0,-6289.8
2778,144.0,6433.4,0.0,-6289.4
2779,44.0,6323.4,0.0,-6279.4
2780,44.0,6323.4,0.0,-6279.4
2781,48.0,6329.4,0.0,-6281.4
2782,294.0,6589.2,0.0,-6295.2
2783,97.0,6378.6,0.0,-6281.6
2784,161.0,6448.6,0.0,-6287.6
2785,1094.0,7399.9,0.0,-6305.9
2786,232.0,6521.0,0.0,-6289.0
2787,887.0,7194.3,0.0,-6307.3
2788,100.0,6385.8,0.0,-6285.8
2789,307.0,6601.0,0.0,-6294.0
2790,59.0,6342.4,0.0,-6283.4
2791,101.0,6384.8,0.0,-6283.8
2792,253.0,6548.6,0.0,-6295.6
2793,45.0,6325.8,0.0,-6280.8
2794,436.0,6732.9,0.0,-6296.9
2795,356.0,6654.6,0.0,-6298.6
2796,195.0,6483.2,0.0,-6288.2
2797,220.0,6513.7,0.0,-6293.7
2798,424.0,6726.6,0.0,-6302.6
2799,636.0,6960.0,0.0,-6324.0
2800,52.0,6334.2,0.0,-6282.2
2801,333.0,6632.8,0.0,-6299.8
2802,170.0,6469.3,0.0,-6299.3
2803,69.0,6354.4,0.0,-6285.4
2804,63.0,6347.2,0.0,-6284.2
2805,122.0,6412.8,0.0,-6290.8
2806,1209.0,7508.6,0.0,-6299.6
2807,86.0,6368.8,0.0,-6282.8
2808,149.0,6437.1,0.0,-6288.1
2809,54.0,6335.0,0.0,-6281.0
2810,254.0,6551.7,0.0,-6297.7
2811,336.0,6624.9,0.0,-6288.9
2812,106.0,6393.4,0.0,-6287.4
2813,54.0,6335.0,0.0,-6281.0
2814,329.0,6628.5,0.0,-6299.5
2815,421.0,6722.3,0.0,-6301.3
2816,32.0,6310.2,0.0,-6278.2
2817,128.0,6414.8,0.0,-6286.8
2818,113.0,6396.8,0.0,-6283.8
2819,79.0,6360.6,0.0,-6281.6
2820,249.0,6546.2,0.0,-6297.2
2821,566.0,6864.8,0.0,-6298.8
2822,1136.0,7442.7,0.0,-6306.7
2823,204.0,6491.5,0.0,-6287.5
2824,38.0,6317.2,0.0,-6279.2
2825,157.0,6446.9,0.0,-6289.9
2826,380.0,6667.0,0.0,-6287.0
2827,329.0,6612.5,0.0,-6283.5
2828,329.0,6612.5,0.0,-6283.5
2829,273.0,6572.2,0.0,-6299.2
2830,160.0,6450.7,0.0,-6290.7
2831,350.0,6645.4,0.0,-6295.4
2832,54.0,6336.4,0.0,-6282.4
2833,142.0,6430.6,0.0,-6288.6
2834,106.0,6391.2,0.0,-6285.2
2835,275.0,6572.2,0.0,-6297.2
2836,466.0,6767.8,0.0,-6301.8
2837,153.0,6437.8,0.0,-6284.8
2838,220.0,6513.7,0.0,-6293.7
2839,481.0,6789.9,0.0,-6308.9
2840,97.0,6382.5,0.0,-6285.5
2841,299.0,6590.2,0.0,-6291.2
2842,535.0,6844.3,0.0,-6309.3
2843,84.0,6365.7,0.0,-6281.7
2844,260.0,6549.1,0.0,-6289.1
2845,163.0,6449.3,0.0,-6286.3
2846,79.0,6361.6,0.0,-6282.6
2847,222.0,6510.9,0.0,-6288.9
2848,216.0,6499.6,0.0,-6283.6
2849,260.0,6544.1,0.0,-6284.1
2850,178.0,6466.5,0.0,-6288.5
2851,259.0,6544.8,0.0,-6285.8
2852,82.0,6363.6,0.0,-6281.6
2853,157.0,6448.4,0.0,-6291.4
2854,96.0,6378.5,0.0,-6282.5
2855,96.0,6378.5,0.0,-6282.5
2856,227.0,6520.3,0.0,-6293.3
2857,216.0,6513.0,0.0,-6297.0
2858,342.0,6642.1,0.0,-6300.1
2859,513.0,6817.2,0.0,-6304.2
2860,621.0,6923.7,0.0,-6302.7
2861,265.0,6560.1,0.0,-6295.1
2862,132.0,6416.3,0.0,-6284.3
2863,132.0,6416.3,0.0,-6284.3
2864,284.0,6573.3,0.0,-6289.3
2865,280.0,6563.0,0.0,-6283.0
2866,230.0,6483.6,0.0,-6253.6
2867,230.0,6483.6,0.0,-6253.6
2868,533.0,6827.5,0.0,-6294.5
2869,324.0,6616.6,0.0,-6292.6
2870,45.0,6325.8,0.0,-6280.8
2871,90.0,6374.3,0.0,-6284.3
2872,35.0,6313.8,0.0,-6278.8
2873,352.0,6647.8,0.0,-6295.8
2874,241.0,6530.2,0.0,-6289.2
2875,86.0,6368.3,0.0,-6282.3
2876,266.0,6552.1,0.0,-6286.1
2877,266.0,6552.1,0.0,-6286.1
2878,42.0,6322.2,0.0,-6280.2
2879,30.0,6307.8,0.0,-6277.8
2880,51.0,6333.0,0.0,-6282.0
2881,145.0,6437.0,0.0,-6292.0
2882,73.0,6354.6,0.0,-6281.6
2883,217.0,6513.1,0.0,-6296.1
2884,465.0,6777.8,0.0,-6312.8
2885,151.0,6440.5,0.0,-6289.5
2886,185.0,6478.8,0.0,-6293.8
2887,116.0,6401.8,0.0,-6285.8
2888,157.0,6446.5,0.0,-6289.5
2889,80.0,6362.8,0.0,-6282.8
2890,44.0,6324.4,0.0,-6280.4
2891,102.0,6384.6,0.0,-6282.6
2892,153.0,6441.2,0.0,-6288.2
2893,262.0,6550.0,0.0,-6288.0
2894,54.0,6333.8,0.0,-6279.8
2895,102.0,6388.7,0.0,-6286.7
2896,54.0,6333.8,0.0,-6279.8
2897,54.0,6333.8,0.0,-6279.8
2898,96.0,6382.6,0.0,-6286.6
2899,36.0,6315.0,0.0,-6279.0
2900,521.0,6822.6,0.0,-6301.6
2901,138.0,6424.8,0.0,-6286.8
2902,51.0,6331.6,0.0,-6280.6
2903,51.0,6331.6,0.0,-6280.6
2904,178.0,6463.5,0.0,-6285.5
2905,167.0,6459.4,0.0,-6292.4
2906,1133.0,7400.4,0.0,-6267.4
2907,961.0,7240.7,0.0,-6279.7
2908,44.0,6324.6,0.0,-6280.6
2909,406.0,6703.8,0.0,-6297.8
2910,63.0,6345.0,0.0,-6282.0
2911,63.0,6345.0,0.0,-6282.0
2912,63.0,6345.0,0.0,-6282.0
2913,80.0,6361.6,0.0,-6281.6
2914,131.0,6416.1,0.0,-6285.1
2915,56.0,6339.0,0.0,-6283.0
2916,107.0,6392.8,0.0,-6285.8
2917,374.0,6669.9,0.0,-6295.9
2918,104.0,6390.2,0.0,-6286.2
2919,190.0,6479.0,0.0,-6289.0
2920,56.0,6338.8,0.0,-6282.8
2921,168.0,6463.9,0.0,-6295.9
2922,535.0,6821.7,0.0,-6286.7
2923,251.0,6535.4,0.0,-6284.4
2924,111.0,6397.8,0.0,-6286.8
2925,160.0,6446.8,0.0,-6286.8
2926,195.0,6482.7,0.0,-6287.7
2927,136.0,6421.1,0.0,-6285.1
2928,98.0,6384.7,0.0,-6286.7
2929,156.0,6446.7,0.0,-6290.7
2930,163.0,6457.1,0.0,-6294.1
2931,269.0,6569.2,0.0,-6300.2
2932,561.0,6878.0,0.0,-6317.0
2933,401.0,6707.2,0.0,-6306.2
2934,226.0,6515.6,0.0,-6289.6
2935,414.0,6718.7,0.0,-6304.7
2936,147.0,6437.9,0.0,-6290.9
2937,243.0,6537.4,0.0,-6294.4
2938,297.0,6596.0,0.0,-6299.0
2939,124.0,6407.4,0.0,-6283.4
2940,89.0,6374.8,0.0,-6285.8
2941,618.0,6922.1,0.0,-6304.1
2942,240.0,6530.1,0.0,-6290.1
2943,226.0,6519.6,0.0,-6293.6
2944,169.0,6455.2,0.0,-6286.2
2945,68.0,6349.9,0.0,-6281.9
2946,84.0,6369.0,0.0,-6285.0
2947,321.0,6619.4,0.0,-6298.4
2948,334.0,6637.4,0.0,-6303.4
2949,95.0,6372.6,0.0,-6277.6
2950,95.0,6372.6,0.0,-6277.6
2951,95.0,6372.6,0.0,-6277.6
2952,372.0,6678.1,0.0,-6306.1
2953,42.0,6322.2,0.0,-6280.2
2954,304.0,6595.3,0.0,-6291.3
2955,181.0,6469.6,0.0,-6288.6
2956,40.0,6319.7,0.0,-6279.7
2957,39.0,6318.6,0.0,-6279.6
2958,46.0,6326.3,0.0,-6280.3
2959,91.0,6376.5,0.0,-6285.5
2960,100.0,6386.8,0.0,-6286.8
2961,340.0,6635.9,0.0,-6295.9
2962,49.0,6330.4,0.0,-6281.4
2963,60.0,6343.6,0.0,-6283.6
2964,44.0,6324.5,0.0,-6280.5
2965,253.0,6552.1,0.0,-6299.1
2966,256.0,6549.2,0.0,-6293.2
2967,104.0,6390.6,0.0,-6286.6
2968,183.0,6469.3,0.0,-6286.3
2969,75.0,6360.5,0.0,-6285.5
2970,75.0,6360.5,0.0,-6285.5
2971,145.0,6430.5,0.0,-6285.5
2972,191.0,6478.7,0.0,-6287.7
2973,446.0,6747.6,0.0,-6301.6
2974,189.0,6476.8,0.0,-6287.8
2975,42.0,6322.2,0.0,-6280.2
2976,205.0,6498.5,0.0,-6293.5
2977,194.0,6482.7,0.0,-6288.7
2978,48.0,6329.4,0.0,-6281.4
2979,103.0,6389.6,0.0,-6286.6
2980,100.0,6386.7,0.0,-6286.7
2981,217.0,6506.6,0.0,-6289.6
2982,49.0,6330.6,0.0,-6281.6
2983,141.0,6424.3,0.0,-6283.3
2984,99.0,6381.4,0.0,-6282.4
2985,555.0,6848.1,0.0,-6293.1
2986,481.0,6793.1,0.0,-6312.1
2987,698.0,7006.1,0.0,-6308.1
2988,45.0,6325.7,0.0,-6280.7
2989,252.0,6543.1,0.0,-6291.1
2990,96.0,6381.6,0.0,-6285.6
2991,210.0,6500.4,0.0,-6290.4
2992,172.0,6465.4,0.0,-6293.4
2993,316.0,6616.9,0.0,-6300.9
2994,1186.0,7485.3,0.0,-6299.3
2995,50.0,6331.6,0.0,-6281.6
2996,90.0,6374.1,0.0,-6284.1
2997,50.0,6330.3,0.0,-6280.3
2998,50.0,6330.3,0.0,-6280.3
2999,351.0,6647.6,0.0,-6296.6
3000,74.0,6355.2,0.0,-6281.2
3001,39.0,6318.2,0.0,-6279.2
3002,104.0,6391.2,0.0,-6287.2
3003,103.0,6389.8,0.0,-6286.8
3004,113.0,6402.3,0.0,-6289.3
3005,104.0,6391.3,0.0,-6287.3
3006,125.0,6416.7,0.0,-6291.7
3007,98.0,6383.9,0.0,-6285.9
3008,87.0,6367.6,0.0,-6280.6
3009,315.0,6609.9,0.0,-6294.9
3010,87.0,6367.6,0.0,-6280.6
3011,161.0,6448.4,0.0,-6287.4
3012,178.0,6467.7,0.0,-6289.7
3013,199.0,6493.7,0.0,-6294.7
3014,137.0,6419.5,0.0,-6282.5
3015,103.0,6385.4,0.0,-6282.4
3016,57.0,6339.9,0.0,-6282.9
3017,477.0,6774.7,0.0,-6297.7
3018,741.0,7050.5,0.0,-6309.5
3019,516.0,6806.0,0.0,-6290.0
3020,148.0,6435.5,0.0,-6287.5
3021,114.0,6402.4,0.0,-6288.4
3022,1434.0,7748.0,0.0,-6314.0
3023,185.0,6472.8,0.0,-6287.8
3024,619.0,6927.9,0.0,-6308.9
3025,48.0,6328.2,0.0,-6280.2
3026,48.0,6328.2,0.0,-6280.2
3027,189.0,6480.5,0.0,-6291.5
3028,53.0,6334.2,0.0,-6281.2
3029,53.0,6334.2,0.0,-6281.2
3030,249.0,6538.7,0.0,-6289.7
3031,38.0,6317.3,0.0,-6279.3
3032,122.0,6408.9,0.0,-6286.9
3033,95.0,6378.8,0.0,-6283.8
3034,105.0,6389.4,0.0,-6284.4
3035,53.0,6334.9,0.0,-6281.9
3036,105.0,6389.4,0.0,-6284.4
3037,183.0,6476.1,0.0,-6293.1
3038,601.0,6908.4,0.0,-6307.4
3039,43.0,6323.4,0.0,-6280.4
3040,130.0,6414.9,0.0,-6284.9
3041,247.0,6540.0,0.0,-6293.0
3042,259.0,6544.5,0.0,-6285.5
3043,380.0,6674.6,0.0,-6294.6
3044,48.0,6329.4,0.0,-6281.4
3045,204.0,6493.8,0.0,-6289.8
3046,149.0,6435.6,0.0,-6286.6
3047,255.0,6547.9,0.0,-6292.9
3048,35.0,6313.8,0.0,-6278.8
3049,27.0,6304.2,0.0,-6277.2
3050,103.0,6390.2,0.0,-6287.2
3051,55.0,6337.7,0.0,-6282.7
3052,56.0,6337.8,0.0,-6281.8
3053,56.0,6337.8,0.0,-6281.8
3054,261.0,6550.0,0.0,-6289.0
3055,38.0,6317.4,0.0,-6279.4
3056,44.0,6324.6,0.0,-6280.6
3057,141.0,6430.1,0.0,-6289.1
3058,155.0,6445.9,0.0,-6290.9
3059,55.0,6337.8,0.0,-6282.8
3060,43.0,6323.2,0.0,-6280.2
3061,236.0,6526.1,0.0,-6290.1
3062,206.0,6497.6,0.0,-6291.6
3063,261.0,6552.8,0.0,-6291.8
3064,74.0,6354.3,0.0,-6280.3
3065,243.0,6529.5,0.0,-6286.5
3066,90.0,6373.0,0.0,-6283.0
3067,171.0,6463.7,0.0,-6292.7
3068,562.0,6883.0,0.0,-6321.0
3069,222.0,6507.1,0.0,-6285.1
3070,118.0,6408.0,0.0,-6290.0
3071,34.0,6312.4,0.0,-6278.4
3072,85.0,6368.8,0.0,-6283.8
3073,51.0,6331.8,0.0,-6280.8
3074,51.0,6331.8,0.0,-6280.8
3075,35.0,6313.8,0.0,-6278.8
3076,167.0,6460.0,0.0,-6293.0
3077,115.0,6402.6,0.0,-6287.6
3078,203.0,6494.3,0.0,-6291.3
3079,40.0,6319.5,0.0,-6279.5
3080,37.0,6315.0,0.0,-6278.0
3081,37.0,6315.0,0.0,-6278.0
3082,159.0,6453.6,0.0,-6294.6
3083,321.0,6615.8,0.0,-6294.8
3084,45.0,6325.8,0.0,-6280.8
3085,526.0,6833.6,0.0,-6307.6
3086,38.0,6317.4,0.0,-6279.4
3087,197.0,6483.9,0.0,-6286.9
3088,148.0,6432.3,0.0,-6284.3
3089,60.0,6343.7,0.0,-6283.7
3090,364.0,6667.8,0.0,-6303.8
3091,109.0,6394.3,0.0,-6285.3
3092,1004.0,7294.2,0.0,-6290.2
3093,86.0,6370.8,0.0,-6284.8
3094,122.0,6411.0,0.0,-6289.0
3095,89.0,6373.6,0.0,-6284.6
3096,136.0,6422.7,0.0,-6286.7
3097,43.0,6323.4,0.0,-6280.4
3098,97.0,6380.6,0.0,-6283.6
3099,37.0,6316.2,0.0,-6279.2
3100,241.0,6535.0,0.0,-6294.0
3101,312.0,6602.9,0.0,-6290.9
3102,517.0,6821.8,0.0,-6304.8
3103,804.0,7111.3,0.0,-6307.3
3104,209.0,6501.9,0.0,-6292.9
3105,151.0,6444.6,0.0,-6293.6
3106,236.0,6526.5,0.0,-6290.5
3107,42.0,6322.2,0.0,-6280.2
3108,406.0,6703.7,0.0,-6297.7
3109,36.0,6315.0,0.0,-6279.0
3110,76.0,6355.1,0.0,-6279.1
3111,113.0,6394.7,0.0,-6281.7
3112,84.0,6368.0,0.0,-6284.0
3113,224.0,6516.7,0.0,-6292.7
3114,40.0,6319.2,0.0,-6279.2
3115,91.0,6374.9,0.0,-6283.9
3116,259.0,6554.4,0.0,-6295.4
3117,152.0,6443.2,0.0,-6291.2
3118,242.0,6537.2,0.0,-6295.2
3119,121.0,6405.7,0.0,-6284.7
3120,151.0,6442.8,0.0,-6291.8
3121,935.0,7231.8,0.0,-6296.8
3122,61.0,6345.0,0.0,-6284.0
3123,106.0,6393.8,0.0,-6287.8
3124,125.0,6411.0,0.0,-6286.0
3125,95.0,6379.4,0.0,-6284.4
3126,61.0,6344.4,0.0,-6283.4
3127,119.0,6405.8,0.0,-6286.8
3128,154.0,6444.6,0.0,-6290.6
3129,185.0,6479.5,0.0,-6294.5
3130,47.0,6328.1,0.0,-6281.1
3131,151.0,6443.1,0.0,-6292.1
3132,146.0,6433.6,0.0,-6287.6
3133,48.0,6329.1,0.0,-6281.1
3134,369.0,6671.7,0.0,-6302.7
3135,37.0,6316.2,0.0,-6279.2
3136,250.0,6547.2,0.0,-6297.2
3137,121.0,6409.9,0.0,-6288.9
3138,46.0,6327.0,0.0,-6281.0
3139,363.0,6663.0,0.0,-6300.0
3140,152.0,6435.9,0.0,-6283.9
3141,152.0,6435.9,0.0,-6283.9
3142,153.0,6442.0,0.0,-6289.0
3143,48.0,6329.4,0.0,-6281.4
3144,107.0,6394.7,0.0,-6287.7
3145,59.0,6342.4,0.0,-6283.4
3146,158.0,6450.3,0.0,-6292.3
3147,48.0,6329.4,0.0,-6281.4
3148,143.0,6433.9,0.0,-6290.9
3149,42.0,6321.0,0.0,-6279.0
3150,42.0,6321.0,0.0,-6279.0
3151,42.0,6322.1,0.0,-6280.1
3152,112.0,6397.2,0.0,-6285.2
3153,255.0,6547.0,0.0,-6292.0
3154,200.0,6487.7,0.0,-6287.7
3155,351.0,6657.9,0.0,-6306.9
3156,218.0,6516.1,0.0,-6298.1
3157,35.0,6313.8,0.0,-6278.8
3158,38.0,6316.8,0.0,-6278.8
3159,83.0,6366.7,0.0,-6283.7
3160,115.0,6405.8,0.0,-6290.8
3161,90.0,6375.0,0.0,-6285.0
3162,335.0,6629.7,0.0,-6294.7
3163,47.0,6328.2,0.0,-6281.2
3164,787.0,7083.5,0.0,-6296.5
3165,128.0,6415.7,0.0,-6287.7
3166,69.0,6350.4,0.0,-6281.4
3167,197.0,6487.4,0.0,-6290.4
3168,496.0,6791.0,0.0,-6295.0
3169,36.0,6315.0,0.0,-6279.0
3170,108.0,6389.8,0.0,-6281.8
3171,108.0,6389.8,0.0,-6281.8
3172,61.0,6344.4,0.0,-6283.4
3173,229.0,6527.7,0.0,-6298.7
3174,117.0,6406.8,0.0,-6289.8
3175,691.0,6993.0,0.0,-6302.0
3176,694.0,7008.1,0.0,-6314.1
3177,235.0,6533.8,0.0,-6298.8
3178,59.0,6342.4,0.0,-6283.4
3179,986.0,7296.2,0.0,-6310.2
3180,185.0,6478.5,0.0,-6293.5
3181,1284.0,7592.5,0.0,-6308.5
3182,30.0,6307.7,0.0,-6277.7
3183,38.0,6317.4,0.0,-6279.4
3184,121.0,6409.6,0.0,-6288.6
3185,207.0,6498.0,0.0,-6291.0
3186,218.0,6511.2,0.0,-6293.2
3187,299.0,6600.4,0.0,-6301.4
3188,41.0,6319.8,0.0,-6278.8
3189,41.0,6319.8,0.0,-6278.8
3190,48.0,6328.2,0.0,-6280.2
3191,48.0,6328.2,0.0,-6280.2
3192,103.0,6390.5,0.0,-6287.5
3193,206.0,6501.4,0.0,-6295.4
3194,151.0,6438.0,0.0,-6287.0
3195,68.0,6353.0,0.0,-6285.0
3196,116.0,6404.4,0.0,-6288.4
3197,103.0,6391.2,0.0,-6288.2
3198,462.0,6762.9,0.0,-6300.9
3199,87.0,6370.8,0.0,-6283.8
3200,112.0,6398.8,0.0,-6286.8
3201,308.0,6612.4,0.0,-6304.4
3202,208.0,6503.8,0.0,-6295.8
3203,47.0,6328.0,0.0,-6281.0
3204,103.0,6390.5,0.0,-6287.5
3205,64.0,6348.0,0.0,-6284.0
3206,46.0,6327.0,0.0,-6281.0
3207,108.0,6395.0,0.0,-6287.0
3208,57.0,6338.8,0.0,-6281.8
3209,57.0,6338.8,0.0,-6281.8
3210,417.0,6710.2,0.0,-6293.2
3211,40.0,6319.8,0.0,-6279.8
3212,138.0,6423.4,0.0,-6285.4
3213,70.0,6352.2,0.0,-6282.2
3214,139.0,6433.1,0.0,-6294.1
3215,148.0,6438.1,0.0,-6290.1
3216,178.0,6475.0,0.0,-6297.0
3217,86.0,6374.0,0.0,-6288.0
3218,139.0,6432.5,0.0,-6293.5
3219,211.0,6507.5,0.0,-6296.5
3220,35.0,6313.7,0.0,-6278.7
3221,222.0,6509.9,0.0,-6287.9
3222,316.0,6608.6,0.0,-6292.6
3223,50.0,6331.4,0.0,-6281.4
3224,104.0,6388.6,0.0,-6284.6
3225,88.0,6371.7,0.0,-6283.7
3226,151.0,6440.2,0.0,-6289.2
3227,48.0,6329.2,0.0,-6281.2
3228,77.0,6359.8,0.0,-6282.8
3229,92.0,6374.1,0.0,-6282.1
3230,40.0,6319.6,0.0,-6279.6
3231,827.0,7139.8,0.0,-6312.8
3232,141.0,6428.7,0.0,-6287.7
3233,144.0,6429.9,0.0,-6285.9
3234,45.0,6325.5,0.0,-6280.5
3235,90.0,6375.0,0.0,-6285.0
3236,59.0,6342.4,0.0,-6283.4
3237,323.0,6619.7,0.0,-6296.7
3238,294.0,6592.6,0.0,-6298.6
3239,247.0,6538.3,0.0,-6291.3
3240,158.0,6447.4,0.0,-6289.4
3241,134.0,6420.9,0.0,-6286.9
3242,132.0,6421.6,0.0,-6289.6
3243,104.0,6390.8,0.0,-6286.8
3244,52.0,6331.6,0.0,-6279.6
3245,165.0,6460.4,0.0,-6295.4
3246,95.0,6381.8,0.0,-6286.8
3247,52.0,6331.6,0.0,-6279.6
3248,52.0,6331.6,0.0,-6279.6
3249,76.0,6357.2,0.0,-6281.2
3250,54.0,6336.6,0.0,-6282.6
3251,400.0,6697.6,0.0,-6297.6
3252,94.0,6375.5,0.0,-6281.5
3253,42.0,6321.8,0.0,-6279.8
3254,94.0,6375.5,0.0,-6281.5
3255,289.0,6584.9,0.0,-6295.9
3256,166.0,6446.3,0.0,-6280.3
3257,166.0,6446.3,0.0,-6280.3
3258,166.0,6446.3,0.0,-6280.3
3259,139.0,6432.5,0.0,-6293.5
3260,110.0,6398.2,0.0,-6288.2
3261,102.0,6389.4,0.0,-6287.4
3262,50.0,6331.8,0.0,-6281.8
3263,151.0,6434.2,0.0,-6283.2
3264,195.0,6486.5,0.0,-6291.5
3265,165.0,6458.3,0.0,-6293.3
3266,295.0,6587.1,0.0,-6292.1
3267,653.0,6970.2,0.0,-6317.2
3268,56.0,6339.0,0.0,-6283.0
3269,149.0,6434.0,0.0,-6285.0
3270,50.0,6331.4,0.0,-6281.4
3271,106.0,6394.2,0.0,-6288.2
3272,101.0,6384.4,0.0,-6283.4
3273,108.0,6387.4,0.0,-6279.4
3274,108.0,6387.4,0.0,-6279.4
3275,146.0,6429.0,0.0,-6283.0
3276,214.0,6505.0,0.0,-6291.0
3277,74.0,6353.8,0.0,-6279.8
3278,175.0,6464.8,0.0,-6289.8
3279,48.0,6329.2,0.0,-6281.2
3280,555.0,6856.0,0.0,-6301.0
3281,110.0,6397.0,0.0,-6287.0
3282,97.0,6382.8,0.0,-6285.8
3283,187.0,6476.0,0.0,-6289.0
3284,66.0,6349.7,0.0,-6283.7
3285,66.0,6349.7,0.0,-6283.7
3286,99.0,6380.3,0.0,-6281.3
3287,328.0,6623.1,0.0,-6295.1
3288,453.0,6752.8,0.0,-6299.8
3289,137.0,6422.1,0.0,-6285.1
3290,120.0,6408.6,0.0,-6288.6
3291,56.0,6338.6,0.0,-6282.6
3292,109.0,6392.3,0.0,-6283.3
3293,58.0,6341.2,0.0,-6283.2
3294,144.0,6429.7,0.0,-6285.7
3295,57.0,6340.1,0.0,-6283.1
3296,342.0,6637.0,0.0,-6295.0
3297,252.0,6547.7,0.0,-6295.7
3298,227.0,6519.5,0.0,-6292.5
3299,173.0,6462.5,0.0,-6289.5
3300,62.0,6346.0,0.0,-6284.0
3301,92.0,6378.3,0.0,-6286.3
3302,123.0,6407.2,0.0,-6284.2
3303,82.0,6363.6,0.0,-6281.6
3304,316.0,6611.8,0.0,-6295.8
3305,122.0,6406.0,0.0,-6284.0
3306,40.0,6319.5,0.0,-6279.5
3307,827.0,7136.5,0.0,-6309.5
3308,525.0,6824.5,0.0,-6299.5
3309,203.0,6501.1,0.0,-6298.1
3310,80.0,6361.6,0.0,-6281.6
3311,37.0,6316.0,0.0,-6279.0
3312,359.0,6659.7,0.0,-6300.7
3313,515.0,6811.9,0.0,-6296.9
3314,419.0,6714.2,0.0,-6295.2
3315,105.0,6391.3,0.0,-6286.3
3316,100.0,6385.6,0.0,-6285.6
3317,104.0,6389.8,0.0,-6285.8
3318,225.0,6524.6,0.0,-6299.6
3319,119.0,6409.3,0.0,-6290.3
3320,39.0,6317.2,0.0,-6278.2
3321,196.0,6492.5,0.0,-6296.5
3322,39.0,6317.2,0.0,-6278.2
3323,39.0,6318.6,0.0,-6279.6
3324,182.0,6469.6,0.0,-6287.6
3325,200.0,6484.6,0.0,-6284.6
3326,200.0,6484.6,0.0,-6284.6
3327,236.0,6522.3,0.0,-6286.3
3328,97.0,6379.5,0.0,-6282.5
3329,49.0,6328.6,0.0,-6279.6
3330,101.0,6388.5,0.0,-6287.5
3331,49.0,6328.6,0.0,-6279.6
3332,412.0,6716.7,0.0,-6304.7
3333,178.0,6472.3,0.0,-6294.3
3334,373.0,6636.8,0.0,-6263.8
3335,373.0,6636.8,0.0,-6263.8
3336,407.0,6684.4,0.0,-6277.4
3337,465.0,6745.2,0.0,-6280.2
3338,373.0,6636.8,0.0,-6263.8
3339,374.0,6674.2,0.0,-6300.2
3340,60.0,6343.0,0.0,-6283.0
3341,114.0,6399.7,0.0,-6285.7
3342,119.0,6401.0,0.0,-6282.0
3343,198.0,6485.6,0.0,-6287.6
3344,53.0,6335.2,0.0,-6282.2
3345,194.0,6481.9,0.0,-6287.9
3346,49.0,6330.5,0.0,-6281.5
3347,193.0,6469.7,0.0,-6276.7
3348,193.0,6469.7,0.0,-6276.7
3349,160.0,6452.2,0.0,-6292.2
3350,208.0,6503.6,0.0,-6295.6
3351,45.0,6323.4,0.0,-6278.4
3352,45.0,6323.4,0.0,-6278.4
3353,125.0,6411.0,0.0,-6286.0
3354,45.0,6323.4,0.0,-6278.4
3355,52.0,6333.6,0.0,-6281.6
3356,104.0,6391.0,0.0,-6287.0
3357,97.0,6382.5,0.0,-6285.5
3358,412.0,6720.4,0.0,-6308.4
3359,105.0,6392.3,0.0,-6287.3
3360,694.0,7003.9,0.0,-6309.9
3361,33.0,6311.3,0.0,-6278.3
3362,288.0,6586.4,0.0,-6298.4
3363,42.0,6322.0,0.0,-6280.0
3364,82.0,6364.4,0.0,-6282.4
3365,184.0,6476.1,0.0,-6292.1
3366,363.0,6666.6,0.0,-6303.6
3367,108.0,6385.1,0.0,-6277.1
3368,108.0,6385.1,0.0,-6277.1
3369,108.0,6385.1,0.0,-6277.1
3370,108.0,6385.1,0.0,-6277.1
3371,256.0,6553.8,0.0,-6297.8
3372,33.0,6311.4,0.0,-6278.4
3373,59.0,6342.6,0.0,-6283.6
3374,145.0,6432.9,0.0,-6287.9
3375,98.0,6381.9,0.0,-6283.9
3376,223.0,6522.3,0.0,-6299.3
3377,56.0,6334.2,0.0,-6278.2
3378,246.0,6538.5,0.0,-6292.5
3379,148.0,6433.2,0.0,-6285.2
3380,148.0,6433.2,0.0,-6285.2
3381,55.0,6337.8,0.0,-6282.8
3382,126.0,6414.4,0.0,-6288.4
3383,64.0,6345.8,0.0,-6281.8
3384,64.0,6345.8,0.0,-6281.8
3385,64.0,6345.8,0.0,-6281.8
3386,326.0,6625.3,0.0,-6299.3
3387,36.0,6315.0,0.0,-6279.0
3388,588.0,6891.4,0.0,-6303.4
3389,146.0,6438.1,0.0,-6292.1
3390,115.0,6405.2,0.0,-6290.2
3391,76.0,6358.0,0.0,-6282.0
3392,85.0,6366.6,0.0,-6281.6
3393,141.0,6425.6,0.0,-6284.6
3394,45.0,6324.6,0.0,-6279.6
3395,45.0,6324.6,0.0,-6279.6
3396,650.0,6951.9,0.0,-6301.9
3397,93.0,6373.7,0.0,-6280.7
3398,93.0,6373.7,0.0,-6280.7
3399,162.0,6456.0,0.0,-6294.0
3400,57.0,6339.9,0.0,-6282.9
3401,75.0,6355.2,0.0,-6280.2
3402,61.0,6344.6,0.0,-6283.6
3403,106.0,6392.2,0.0,-6286.2
3404,165.0,6457.8,0.0,-6292.8
3405,90.0,6376.4,0.0,-6286.4
3406,35.0,6313.8,0.0,-6278.8
3407,208.0,6491.2,0.0,-6283.2
3408,102.0,6387.6,0.0,-6285.6
3409,41.0,6320.8,0.0,-6279.8
3410,581.0,6880.0,0.0,-6299.0
3411,45.0,6325.8,0.0,-6280.8
3412,312.0,6612.6,0.0,-6300.6
3413,115.0,6400.0,0.0,-6285.0
3414,95.0,6377.4,0.0,-6282.4
3415,95.0,6377.4,0.0,-6282.4
3416,92.0,6377.0,0.0,-6285.0
3417,41.0,6320.4,0.0,-6279.4
3418,610.0,6907.3,0.0,-6297.3
3419,49.0,6330.6,0.0,-6281.6
3420,44.0,6324.4,0.0,-6280.4
3421,107.0,6394.2,0.0,-6287.2
3422,42.0,6322.2,0.0,-6280.2
3423,287.0,6587.0,0.0,-6300.0
3424,299.0,6595.1,0.0,-6296.1
3425,43.0,6323.4,0.0,-6280.4
3426,214.0,6510.9,0.0,-6296.9
3427,79.0,6362.6,0.0,-6283.6
3428,53.0,6335.1,0.0,-6282.1
3429,40.0,6319.6,0.0,-6279.6
3430,104.0,6390.9,0.0,-6286.9
3431,85.0,6369.6,0.0,-6284.6
3432,52.0,6334.2,0.0,-6282.2
3433,34.0,6312.6,0.0,-6278.6
3434,45.0,6325.8,0.0,-6280.8
3435,146.0,6435.1,0.0,-6289.1
3436,51.0,6332.2,0.0,-6281.2
3437,300.0,6607.5,0.0,-6307.5
3438,110.0,6397.0,0.0,-6287.0
3439,246.0,6534.7,0.0,-6288.7
3440,92.0,6374.3,0.0,-6282.3
3441,139.0,6426.5,0.0,-6287.5
3442,128.0,6419.3,0.0,-6291.3
3443,317.0,6622.9,0.0,-6305.9
3444,488.0,6802.5,0.0,-6314.5
3445,506.0,6808.4,0.0,-6302.4
3446,47.0,6327.8,0.0,-6280.8
3447,166.0,6452.9,0.0,-6286.9
3448,113.0,6401.8,0.0,-6288.8
3449,95.0,6379.8,0.0,-6284.8
3450,51.0,6333.0,0.0,-6282.0
3451,154.0,6445.8,0.0,-6291.8
3452,43.0,6323.4,0.0,-6280.4
3453,234.0,6521.7,0.0,-6287.7
3454,45.0,6325.8,0.0,-6280.8
3455,49.0,6330.4,0.0,-6281.4
3456,113.0,6401.5,0.0,-6288.5
3457,37.0,6315.0,0.0,-6278.0
3458,37.0,6315.0,0.0,-6278.0
3459,89.0,6372.8,0.0,-6283.8
3460,161.0,6454.1,0.0,-6293.1
3461,49.0,6330.5,0.0,-6281.5
3462,41.0,6321.0,0.0,-6280.0
3463,390.0,6689.2,0.0,-6299.2
3464,77.0,6360.1,0.0,-6283.1
3465,186.0,6475.3,0.0,-6289.3
3466,297.0,6593.4,0.0,-6296.4
3467,42.0,6322.2,0.0,-6280.2
3468,87.0,6371.2,0.0,-6284.2
3469,207.0,6503.0,0.0,-6296.0
3470,244.0,6539.8,0.0,-6295.8
3471,81.0,6363.0,0.0,-6282.0
3472,103.0,6388.6,0.0,-6285.6
3473,477.0,6780.6,0.0,-6303.6
3474,41.0,6321.0,0.0,-6280.0
3475,64.0,6348.3,0.0,-6284.3
3476,50.0,6331.8,0.0,-6281.8
3477,66.0,6348.1,0.0,-6282.1
3478,66.0,6348.1,0.0,-6282.1
3479,66.0,6348.1,0.0,-6282.1
3480,47.0,6328.2,0.0,-6281.2
3481,86.0,6367.2,0.0,-6281.2
3482,46.0,6327.0,0.0,-6281.0
3483,250.0,6541.7,0.0,-6291.7
3484,269.0,6567.1,0.0,-6298.1
3485,50.0,6331.5,0.0,-6281.5
3486,542.0,6839.9,0.0,-6297.9
3487,227.0,6520.7,0.0,-6293.7
3488,109.0,6396.8,0.0,-6287.8
3489,89.0,6372.8,0.0,-6283.8
3490,98.0,6384.6,0.0,-6286.6
3491,42.0,6321.8,0.0,-6279.8
3492,94.0,6377.6,0.0,-6283.6
3493,94.0,6377.6,0.0,-6283.6
3494,43.0,6323.4,0.0,-6280.4
3495,132.0,6419.0,0.0,-6287.0
3496,48.0,6329.2,0.0,-6281.2
3497,156.0,6447.0,0.0,-6291.0
3498,114.0,6398.3,0.0,-6284.3
3499,160.0,6452.5,0.0,-6292.5
3500,33.0,6310.2,0.0,-6277.2
3501,33.0,6310.2,0.0,-6277.2
3502,48.0,6329.4,0.0,-6281.4
3503,34.0,6311.4,0.0,-6277.4
3504,34.0,6311.4,0.0,-6277.4
3505,405.0,6707.1,0.0,-6302.1
3506,51.0,6331.5,0.0,-6280.5
3507,118.0,6407.7,0.0,-6289.7
3508,51.0,6331.5,0.0,-6280.5
3509,37.0,6316.2,0.0,-6279.2
3510,328.0,6635.3,0.0,-6307.3
3511,351.0,6645.4,0.0,-6294.4
3512,154.0,6444.2,0.0,-6290.2
3513,185.0,6474.6,0.0,-6289.6
3514,216.0,6504.4,0.0,-6288.4
3515,188.0,6476.9,0.0,-6288.9
3516,211.0,6509.7,0.0,-6298.7
3517,48.0,6329.3,0.0,-6281.3
3518,324.0,6621.4,0.0,-6297.4
3519,87.0,6365.7,0.0,-6278.7
3520,87.0,6365.7,0.0,-6278.7
3521,49.0,6330.5,0.0,-6281.5
3522,383.0,6681.8,0.0,-6298.8
3523,197.0,6488.6,0.0,-6291.6
3524,20.0,6295.8,0.0,-6275.8
3525,136.0,6420.6,0.0,-6284.6
3526,135.0,6423.4,0.0,-6288.4
3527,81.0,6364.6,0.0,-6283.6
3528,128.0,6410.8,0.0,-6282.8
3529,128.0,6410.8,0.0,-6282.8
3530,211.0,6507.5,0.0,-6296.5
3531,41.0,6319.8,0.0,-6278.8
3532,41.0,6319.8,0.0,-6278.8
3533,188.0,6479.8,0.0,-6291.8
3534,48.0,6329.4,0.0,-6281.4
3535,351.0,6649.0,0.0,-6298.0
3536,100.0,6384.8,0.0,-6284.8
3537,114.0,6399.1,0.0,-6285.1
3538,114.0,6399.1,0.0,-6285.1
3539,113.0,6398.9,0.0,-6285.9
3540,113.0,6398.9,0.0,-6285.9
3541,58.0,6341.4,0.0,-6283.4
3542,112.0,6394.9,0.0,-6282.9
3543,202.0,6493.6,0.0,-6291.6
3544,171.0,6459.1,0.0,-6288.1
3545,96.0,6382.6,0.0,-6286.6
3546,245.0,6540.3,0.0,-6295.3
3547,158.0,6451.3,0.0,-6293.3
3548,129.0,6412.1,0.0,-6283.1
3549,55.0,6337.3,0.0,-6282.3
3550,279.0,6566.2,0.0,-6287.2
3551,164.0,6441.0,0.0,-6277.0
3552,164.0,6441.0,0.0,-6277.0
3553,262.0,6560.0,0.0,-6298.0
3554,169.0,6459.3,0.0,-6290.3
3555,374.0,6677.5,0.0,-6303.5
3556,173.0,6466.4,0.0,-6293.4
3557,103.0,6385.2,0.0,-6282.2
3558,52.0,6334.0,0.0,-6282.0
3559,93.0,6379.1,0.0,-6286.1
3560,58.0,6341.4,0.0,-6283.4
3561,46.0,6327.0,0.0,-6281.0
3562,177.0,6466.7,0.0,-6289.7
3563,88.0,6371.4,0.0,-6283.4
3564,127.0,6411.6,0.0,-6284.6
3565,141.0,6431.1,0.0,-6290.1
3566,44.0,6323.2,0.0,-6279.2
3567,44.0,6323.2,0.0,-6279.2
3568,49.0,6329.2,0.0,-6280.2
3569,49.0,6329.2,0.0,-6280.2
3570,99.0,6385.1,0.0,-6286.1
3571,287.0,6582.0,0.0,-6295.0
3572,64.0,6347.0,0.0,-6283.0
3573,64.0,6347.0,0.0,-6283.0
3574,46.0,6325.8,0.0,-6279.8
3575,46.0,6325.8,0.0,-6279.8
3576,287.0,6592.2,0.0,-6305.2
3577,243.0,6539.2,0.0,-6296.2
3578,404.0,6698.9,0.0,-6294.9
3579,251.0,6546.6,0.0,-6295.6
3580,103.0,6384.8,0.0,-6281.8
3581,98.0,6385.8,0.0,-6287.8
3582,161.0,6454.5,0.0,-6293.5
3583,60.0,6343.4,0.0,-6283.4
3584,48.0,6329.4,0.0,-6281.4
3585,106.0,6393.7,0.0,-6287.7
3586,138.0,6421.7,0.0,-6283.7
3587,40.0,6319.8,0.0,-6279.8
3588,246.0,6536.1,0.0,-6290.1
3589,643.0,6960.3,0.0,-6317.3
3590,43.0,6322.1,0.0,-6279.1
3591,43.0,6322.1,0.0,-6279.1
3592,103.0,6388.8,0.0,-6285.8
3593,25.0,6301.8,0.0,-6276.8
3594,97.0,6375.2,0.0,-6278.2
3595,97.0,6375.2,0.0,-6278.2
3596,97.0,6375.2,0.0,-6278.2
3597,57.0,6339.6,0.0,-6282.6
3598,266.0,6557.7,0.0,-6291.7
3599,163.0,6456.5,0.0,-6293.5
3600,101.0,6388.5,0.0,-6287.5
3601,272.0,6564.1,0.0,-6292.1
3602,49.0,6330.6,0.0,-6281.6
3603,415.0,6709.0,0.0,-6294.0
3604,299.0,6589.6,0.0,-6290.6
3605,354.0,6653.7,0.0,-6299.7
3606,126.0,6406.0,0.0,-6280.0
3607,126.0,6406.0,0.0,-6280.0
3608,302.0,6596.8,0.0,-6294.8
3609,126.0,6406.0,0.0,-6280.0
3610,87.0,6369.6,0.0,-6282.6
3611,327.0,6624.4,0.0,-6297.4
3612,304.0,6601.0,0.0,-6297.0
3613,220.0,6517.0,0.0,-6297.0
3614,167.0,6456.8,0.0,-6289.8
3615,163.0,6457.5,0.0,-6294.5
3616,107.0,6394.0,0.0,-6287.0
3617,197.0,6489.9,0.0,-6292.9
3618,132.0,6419.0,0.0,-6287.0
3619,191.0,6485.1,0.0,-6294.1
3620,93.0,6378.3,0.0,-6285.3
3621,122.0,6412.2,0.0,-6290.2
3622,124.0,6415.8,0.0,-6291.8
3623,126.0,6415.9,0.0,-6289.9
3624,36.0,6315.0,0.0,-6279.0
3625,146.0,6433.6,0.0,-6287.6
3626,91.0,6373.1,0.0,-6282.1
3627,46.0,6327.0,0.0,-6281.0
3628,96.0,6378.8,0.0,-6282.8
3629,41.0,6320.9,0.0,-6279.9
3630,90.0,6374.8,0.0,-6284.8
3631,45.0,6325.7,0.0,-6280.7
3632,255.0,6554.3,0.0,-6299.3
3633,160.0,6451.3,0.0,-6291.3
3634,82.0,6365.3,0.0,-6283.3
3635,205.0,6496.9,0.0,-6291.9
3636,102.0,6386.0,0.0,-6284.0
3637,158.0,6448.1,0.0,-6290.1
3638,41.0,6321.0,0.0,-6280.0
3639,44.0,6324.6,0.0,-6280.6
3640,41.0,6321.0,0.0,-6280.0
3641,175.0,6453.8,0.0,-6278.8
3642,175.0,6453.8,0.0,-6278.8
3643,402.0,6696.6,0.0,-6294.6
3644,236.0,6523.4,0.0,-6287.4
3645,252.0,6548.4,0.0,-6296.4
3646,92.0,6377.3,0.0,-6285.3
3647,55.0,6337.8,0.0,-6282.8
3648,94.0,6380.2,0.0,-6286.2
3649,50.0,6331.6,0.0,-6281.6
3650,79.0,6360.1,0.0,-6281.1
3651,79.0,6360.1,0.0,-6281.1
3652,267.0,6568.0,0.0,-6301.0
3653,114.0,6402.0,0.0,-6288.0
3654,63.0,6347.2,0.0,-6284.2
3655,408.0,6706.7,0.0,-6298.7
3656,49.0,6330.6,0.0,-6281.6
3657,240.0,6534.5,0.0,-6294.5
3658,54.0,6335.4,0.0,-6281.4
3659,156.0,6446.8,0.0,-6290.8
3660,305.0,6595.5,0.0,-6290.5
3661,54.0,6335.4,0.0,-6281.4
3662,45.0,6325.7,0.0,-6280.7
3663,168.0,6457.9,0.0,-6289.9
3664,213.0,6505.6,0.0,-6292.6
3665,435.0,6730.6,0.0,-6295.6
3666,460.0,6755.0,0.0,-6295.0
3667,131.0,6419.5,0.0,-6288.5
3668,65.0,6349.6,0.0,-6284.6
3669,47.0,6327.0,0.0,-6280.0
3670,47.0,6327.0,0.0,-6280.0
3671,143.0,6429.3,0.0,-6286.3
3672,35.0,6313.6,0.0,-6278.6
3673,128.0,6415.0,0.0,-6287.0
3674,73.0,6354.7,0.0,-6281.7
3675,40.0,6319.4,0.0,-6279.4
3676,146.0,6436.6,0.0,-6290.6
3677,55.0,6337.8,0.0,-6282.8
3678,355.0,6655.0,0.0,-6300.0
3679,39.0,6318.6,0.0,-6279.6
3680,116.0,6399.1,0.0,-6283.1
3681,152.0,6437.4,0.0,-6285.4
3682,268.0,6560.9,0.0,-6292.9
3683,162.0,6448.6,0.0,-6286.6
3684,172.0,6463.3,0.0,-6291.3
3685,172.0,6463.8,0.0,-6291.8
3686,111.0,6398.0,0.0,-6287.0
3687,54.0,6336.6,0.0,-6282.6
3688,41.0,6320.8,0.0,-6279.8
3689,244.0,6530.2,0.0,-6286.2
3690,103.0,6385.5,0.0,-6282.5
3691,56.0,6338.6,0.0,-6282.6
3692,96.0,6378.6,0.0,-6282.6
3693,47.0,6328.0,0.0,-6281.0
3694,130.0,6416.2,0.0,-6286.2
3695,103.0,6391.9,0.0,-6288.9
3696,163.0,6449.9,0.0,-6286.9
3697,51.0,6333.0,0.0,-6282.0
3698,48.0,6327.4,0.0,-6279.4
3699,48.0,6327.4,0.0,-6279.4
3700,81.0,6364.8,0.0,-6283.8
3701,52.0,6332.8,0.0,-6280.8
3702,52.0,6332.8,0.0,-6280.8
3703,73.0,6359.2,0.0,-6286.2
3704,129.0,6420.0,0.0,-6291.0
3705,88.0,6373.8,0.0,-6285.8
3706,170.0,6457.5,0.0,-6287.5
3707,42.0,6322.1,0.0,-6280.1
3708,47.0,6328.2,0.0,-6281.2
3709,197.0,6491.4,0.0,-6294.4
3710,141.0,6428.3,0.0,-6287.3
3711,134.0,6415.5,0.0,-6281.5
3712,107.0,6390.8,0.0,-6283.8
3713,106.0,6393.2,0.0,-6287.2
3714,256.0,6549.4,0.0,-6293.4
3715,133.0,6416.0,0.0,-6283.0
3716,49.0,6329.0,0.0,-6280.0
3717,49.0,6329.0,0.0,-6280.0
3718,452.0,6766.0,0.0,-6314.0
3719,189.0,6483.1,0.0,-6294.1
3720,83.0,6366.1,0.0,-6283.1
3721,92.0,6374.1,0.0,-6282.1
3722,244.0,6537.4,0.0,-6293.4
3723,465.0,6768.1,0.0,-6303.1
3724,104.0,6389.7,0.0,-6285.7
3725,162.0,6454.5,0.0,-6292.5
3726,251.0,6544.4,0.0,-6293.4
3727,104.0,6389.7,0.0,-6285.7
3728,54.0,6336.2,0.0,-6282.2
3729,143.0,6436.9,0.0,-6293.9
3730,42.0,6322.2,0.0,-6280.2
3731,230.0,6524.4,0.0,-6294.4
3732,270.0,6562.7,0.0,-6292.7
3733,79.0,6362.0,0.0,-6283.0
3734,148.0,6439.6,0.0,-6291.6
3735,268.0,6555.5,0.0,-6287.5
3736,295.0,6591.8,0.0,-6296.8
3737,164.0,6451.3,0.0,-6287.3
3738,108.0,6393.4,0.0,-6285.4
3739,58.0,6341.4,0.0,-6283.4
3740,319.0,6618.8,0.0,-6299.8
3741,113.0,6400.5,0.0,-6287.5
3742,37.0,6315.9,0.0,-6278.9
3743,125.0,6407.4,0.0,-6282.4
3744,125.0,6407.4,0.0,-6282.4
3745,125.0,6407.4,0.0,-6282.4
3746,125.0,6407.4,0.0,-6282.4
3747,305.0,6603.6,0.0,-6298.6
3748,64.0,6345.0,0.0,-6281.0
3749,147.0,6434.2,0.0,-6287.2
3750,32.0,6310.0,0.0,-6278.0
3751,38.0,6317.4,0.0,-6279.4
3752,451.0,6746.8,0.0,-6295.8
3753,41.0,6321.0,0.0,-6280.0
3754,92.0,6375.5,0.0,-6283.5
3755,45.0,6325.5,0.0,-6280.5
3756,48.0,6329.2,0.0,-6281.2
3757,90.0,6375.0,0.0,-6285.0
3758,92.0,6375.4,0.0,-6283.4
3759,44.0,6324.4,0.0,-6280.4
3760,38.0,6317.4,0.0,-6279.4
3761,40.0,6319.8,0.0,-6279.8
3762,85.0,6368.4,0.0,-6283.4
3763,215.0,6507.2,0.0,-6292.2
3764,141.0,6430.6,0.0,-6289.6
3765,311.0,6607.0,0.0,-6296.0
3766,274.0,6573.7,0.0,-6299.7
3767,56.0,6339.0,0.0,-6283.0
3768,52.0,6334.2,0.0,-6282.2
3769,82.0,6366.4,0.0,-6284.4
3770,89.0,6373.7,0.0,-6284.7
3771,104.0,6388.8,0.0,-6284.8
3772,66.0,6350.8,0.0,-6284.8
3773,112.0,6400.0,0.0,-6288.0
3774,159.0,6451.5,0.0,-6292.5
3775,539.0,6846.7,0.0,-6307.7
3776,181.0,6474.2,0.0,-6293.2
3777,215.0,6514.6,0.0,-6299.6
3778,41.0,6321.0,0.0,-6280.0
3779,84.0,6367.9,0.0,-6283.9
3780,141.0,6425.9,0.0,-6284.9
3781,50.0,6331.6,0.0,-6281.6
3782,132.0,6420.2,0.0,-6288.2
3783,42.0,6321.8,0.0,-6279.8
3784,192.0,6476.6,0.0,-6284.6
3785,90.0,6369.5,0.0,-6279.5
3786,90.0,6369.5,0.0,-6279.5
3787,162.0,6451.8,0.0,-6289.8
3788,118.0,6407.8,0.0,-6289.8
3789,213.0,6507.9,0.0,-6294.9
3790,45.0,6325.7,0.0,-6280.7
3791,92.0,6375.5,0.0,-6283.5
3792,84.0,6367.9,0.0,-6283.9
3793,49.0,6327.2,0.0,-6278.2
3794,49.0,6327.2,0.0,-6278.2
3795,49.0,6327.2,0.0,-6278.2
3796,114.0,6396.6,0.0,-6282.6
3797,147.0,6442.6,0.0,-6295.6
3798,50.0,6330.6,0.0,-6280.6
3799,50.0,6330.6,0.0,-6280.6
3800,60.0,6342.1,0.0,-6282.1
3801,60.0,6342.1,0.0,-6282.1
3802,103.0,6390.6,0.0,-6287.6
3803,110.0,6393.4,0.0,-6283.4
3804,127.0,6413.3,0.0,-6286.3
3805,63.0,6347.4,0.0,-6284.4
3806,107.0,6394.6,0.0,-6287.6
3807,52.0,6334.2,0.0,-6282.2
3808,58.0,6340.2,0.0,-6282.2
3809,58.0,6340.2,0.0,-6282.2
3810,54.0,6334.0,0.0,-6280.0
3811,208.0,6502.3,0.0,-6294.3
3812,54.0,6334.0,0.0,-6280.0
3813,108.0,6394.6,0.0,-6286.6
3814,54.0,6334.0,0.0,-6280.0
3815,337.0,6636.6,0.0,-6299.6
3816,115.0,6402.5,0.0,-6287.5
3817,41.0,6321.0,0.0,-6280.0
3818,82.0,6364.9,0.0,-6282.9
3819,89.0,6372.7,0.0,-6283.7
3820,41.0,6320.4,0.0,-6279.4
3821,145.0,6433.2,0.0,-6288.2
3822,50.0,6328.2,0.0,-6278.2
3823,50.0,6328.2,0.0,-6278.2
3824,50.0,6328.2,0.0,-6278.2
3825,50.0,6328.2,0.0,-6278.2
3826,46.0,6324.6,0.0,-6278.6
3827,46.0,6324.6,0.0,-6278.6
3828,46.0,6324.6,0.0,-6278.6
3829,44.0,6324.6,0.0,-6280.6
3830,96.0,6382.4,0.0,-6286.4
3831,47.0,6328.0,0.0,-6281.0
3832,41.0,6321.0,0.0,-6280.0
3833,47.0,6328.0,0.0,-6281.0
3834,98.0,6383.9,0.0,-6285.9
3835,48.0,6329.2,0.0,-6281.2
3836,132.0,6420.8,0.0,-6288.8
3837,150.0,6440.6,0.0,-6290.6
3838,136.0,6421.8,0.0,-6285.8
3839,38.0,6317.2,0.0,-6279.2
3840,271.0,6562.0,0.0,-6291.0
3841,77.0,6359.8,0.0,-6282.8
3842,52.0,6334.2,0.0,-6282.2
3843,218.0,6506.3,0.0,-6288.3
3844,164.0,6446.1,0.0,-6282.1
3845,413.0,6706.6,0.0,-6293.6
3846,66.0,6350.7,0.0,-6284.7
3847,52.0,6333.0,0.0,-6281.0
3848,52.0,6333.0,0.0,-6281.0
3849,36.0,6314.5,0.0,-6278.5
3850,82.0,6365.2,0.0,-6283.2
3851,57.0,6339.7,0.0,-6282.7
3852,101.0,6387.1,0.0,-6286.1
3853,73.0,6350.4,0.0,-6277.4
3854,73.0,6350.4,0.0,-6277.4
3855,88.0,6372.1,0.0,-6284.1
3856,99.0,6384.5,0.0,-6285.5
3857,302.0,6596.8,0.0,-6294.8
3858,118.0,6404.2,0.0,-6286.2
3859,37.0,6316.2,0.0,-6279.2
3860,141.0,6429.0,0.0,-6288.0
3861,201.0,6491.4,0.0,-6290.4
3862,29.0,6306.5,0.0,-6277.5
3863,82.0,6361.6,0.0,-6279.6
3864,82.0,6361.6,0.0,-6279.6
3865,44.0,6324.2,0.0,-6280.2
3866,88.0,6372.6,0.0,-6284.6
3867,118.0,6408.4,0.0,-6290.4
3868,501.0,6808.6,0.0,-6307.6
3869,88.0,6372.4,0.0,-6284.4
3870,203.0,6483.5,0.0,-6280.5
3871,203.0,6483.5,0.0,-6280.5
3872,40.0,6319.4,0.0,-6279.4
3873,243.0,6527.1,0.0,-6284.1
3874,89.0,6371.7,0.0,-6282.7
3875,102.0,6387.3,0.0,-6285.3
3876,154.0,6437.1,0.0,-6283.1
3877,62.0,6345.3,0.0,-6283.3
3878,130.0,6423.4,0.0,-6293.4
3879,101.0,6386.9,0.0,-6285.9
3880,44.0,6324.3,0.0,-6280.3
3881,103.0,6389.1,0.0,-6286.1
3882,173.0,6452.2,0.0,-6279.2
3883,120.0,6402.5,0.0,-6282.5
3884,186.0,6478.7,0.0,-6292.7
3885,173.0,6452.2,0.0,-6279.2
3886,173.0,6452.2,0.0,-6279.2
3887,223.0,6522.8,0.0,-6299.8
3888,163.0,6454.3,0.0,-6291.3
3889,95.0,6380.8,0.0,-6285.8
3890,85.0,6368.9,0.0,-6283.9
3891,195.0,6481.5,0.0,-6286.5
3892,131.0,6412.8,0.0,-6281.8
3893,131.0,6412.8,0.0,-6281.8
3894,54.0,6336.3,0.0,-6282.3
3895,106.0,6394.9,0.0,-6288.9
3896,108.0,6395.2,0.0,-6287.2
3897,48.0,6329.3,0.0,-6281.3
3898,276.0,6575.2,0.0,-6299.2
3899,158.0,6448.1,0.0,-6290.1
3900,273.0,6566.1,0.0,-6293.1
3901,50.0,6330.6,0.0,-6280.6
3902,50.0,6330.6,0.0,-6280.6
3903,122.0,6402.7,0.0,-6280.7
3904,122.0,6402.7,0.0,-6280.7
3905,273.0,6562.1,0.0,-6289.1
3906,47.0,6328.2,0.0,-6281.2
3907,48.0,6329.4,0.0,-6281.4
3908,105.0,6390.8,0.0,-6285.8
3909,139.0,6428.2,0.0,-6289.2
3910,156.0,6447.5,0.0,-6291.5
3911,295.0,6593.8,0.0,-6298.8
3912,99.0,6385.6,0.0,-6286.6
3913,110.0,6394.4,0.0,-6284.4
3914,209.0,6499.8,0.0,-6290.8
3915,411.0,6712.9,0.0,-6301.9
3916,164.0,6455.5,0.0,-6291.5
3917,64.0,6343.8,0.0,-6279.8
3918,221.0,6520.2,0.0,-6299.2
3919,64.0,6343.8,0.0,-6279.8
3920,64.0,6343.8,0.0,-6279.8
3921,64.0,6343.8,0.0,-6279.8
3922,64.0,6343.8,0.0,-6279.8
3923,49.0,6330.6,0.0,-6281.6
3924,42.0,6322.1,0.0,-6280.1
3925,119.0,6404.7,0.0,-6285.7
3926,34.0,6312.5,0.0,-6278.5
3927,259.0,6554.6,0.0,-6295.6
3928,42.0,6321.7,0.0,-6279.7
3929,96.0,6377.6,0.0,-6281.6
3930,96.0,6377.6,0.0,-6281.6
3931,90.0,6373.4,0.0,-6283.4
3932,44.0,6324.5,0.0,-6280.5
3933,155.0,6447.5,0.0,-6292.5
3934,263.0,6562.0,0.0,-6299.0
3935,99.0,6385.1,0.0,-6286.1
3936,98.0,6384.5,0.0,-6286.5
3937,50.0,6331.8,0.0,-6281.8
3938,139.0,6427.3,0.0,-6288.3
3939,209.0,6504.7,0.0,-6295.7
3940,103.0,6391.0,0.0,-6288.0
3941,200.0,6493.5,0.0,-6293.5
3942,141.0,6426.2,0.0,-6285.2
3943,216.0,6506.7,0.0,-6290.7
3944,123.0,6409.1,0.0,-6286.1
3945,51.0,6332.7,0.0,-6281.7
3946,87.0,6370.8,0.0,-6283.8
3947,38.0,6317.4,0.0,-6279.4
3948,264.0,6558.1,0.0,-6294.1
3949,96.0,6382.0,0.0,-6286.0
3950,269.0,6564.3,0.0,-6295.3
3951,104.0,6391.8,0.0,-6287.8
3952,91.0,6373.7,0.0,-6282.7
3953,38.0,6317.1,0.0,-6279.1
3954,78.0,6360.2,0.0,-6282.2
3955,54.0,6336.6,0.0,-6282.6
3956,64.0,6348.6,0.0,-6284.6
3957,44.0,6324.5,0.0,-6280.5
3958,100.0,6387.2,0.0,-6287.2
3959,184.0,6473.6,0.0,-6289.6
3960,104.0,6392.4,0.0,-6288.4
3961,67.0,6352.2,0.0,-6285.2
3962,45.0,6325.8,0.0,-6280.8
3963,53.0,6335.4,0.0,-6282.4
3964,47.0,6328.2,0.0,-6281.2
3965,52.0,6333.6,0.0,-6281.6
3966,107.0,6387.0,0.0,-6280.0
3967,107.0,6387.0,0.0,-6280.0
3968,107.0,6387.0,0.0,-6280.0
3969,200.0,6489.6,0.0,-6289.6
3970,104.0,6390.4,0.0,-6286.4
3971,276.0,6570.4,0.0,-6294.4
3972,173.0,6463.2,0.0,-6290.2
3973,111.0,6396.3,0.0,-6285.3
3974,54.0,6336.2,0.0,-6282.2
3975,104.0,6391.2,0.0,-6287.2
3976,83.0,6364.6,0.0,-6281.6
3977,46.0,6326.8,0.0,-6280.8
3978,342.0,6634.9,0.0,-6292.9
3979,201.0,6488.8,0.0,-6287.8
3980,248.0,6540.5,0.0,-6292.5
3981,585.0,6888.9,0.0,-6303.9
3982,153.0,6449.2,0.0,-6296.2
3983,110.0,6396.6,0.0,-6286.6
3984,93.0,6377.8,0.0,-6284.8
3985,76.0,6358.6,0.0,-6282.6
3986,52.0,6334.2,0.0,-6282.2
3987,375.0,6675.2,0.0,-6300.2
3988,77.0,6358.4,0.0,-6281.4
3989,48.0,6328.9,0.0,-6280.9
3990,88.0,6372.2,0.0,-6284.2
3991,39.0,6318.6,0.0,-6279.6
3992,129.0,6418.0,0.0,-6289.0
3993,86.0,6370.4,0.0,-6284.4
3994,45.0,6325.7,0.0,-6280.7
3995,154.0,6439.3,0.0,-6285.3
3996,196.0,6482.9,0.0,-6286.9
3997,148.0,6439.0,0.0,-6291.0
3998,43.0,6323.0,0.0,-6280.0
3999,85.0,6368.6,0.0,-6283.6
4000,48.0,6329.3,0.0,-6281.3
4001,46.0,6325.4,0.0,-6279.4
4002,248.0,6535.0,0.0,-6287.0
4003,97.0,6381.5,0.0,-6284.5
4004,48.0,6329.4,0.0,-6281.4
4005,49.0,6330.6,0.0,-6281.6
4006,172.0,6457.2,0.0,-6285.2
4007,46.0,6327.0,0.0,-6281.0
4008,86.0,6370.0,0.0,-6284.0
4009,85.0,6369.3,0.0,-6284.3
4010,91.0,6374.4,0.0,-6283.4
4011,116.0,6403.2,0.0,-6287.2
4012,58.0,6341.2,0.0,-6283.2
4013,89.0,6374.3,0.0,-6285.3
4014,124.0,6408.8,0.0,-6284.8
4015,79.0,6359.8,0.0,-6280.8
4016,48.0,6329.4,0.0,-6281.4
4017,131.0,6418.8,0.0,-6287.8
4018,35.0,6313.8,0.0,-6278.8
4019,177.0,6470.5,0.0,-6293.5
4020,40.0,6319.2,0.0,-6279.2
4021,153.0,6440.9,0.0,-6287.9
4022,96.0,6376.9,0.0,-6280.9
4023,90.0,6374.9,0.0,-6284.9
4024,57.0,6339.0,0.0,-6282.0
4025,57.0,6339.0,0.0,-6282.0
4026,45.0,6325.8,0.0,-6280.8
4027,50.0,6330.6,0.0,-6280.6
4028,223.0,6514.8,0.0,-6291.8
4029,137.0,6424.4,0.0,-6287.4
4030,50.0,6330.6,0.0,-6280.6
4031,57.0,6340.2,0.0,-6283.2
4032,249.0,6554.1,0.0,-6305.1
4033,32.0,6310.2,0.0,-6278.2
4034,95.0,6381.0,0.0,-6286.0
4035,138.0,6422.3,0.0,-6284.3
4036,72.0,6356.5,0.0,-6284.5
4037,72.0,6356.5,0.0,-6284.5
4038,155.0,6445.1,0.0,-6290.1
4039,49.0,6329.4,0.0,-6280.4
4040,49.0,6329.4,0.0,-6280.4
4041,57.0,6340.2,0.0,-6283.2
4042,39.0,6318.0,0.0,-6279.0
4043,53.0,6334.2,0.0,-6281.2
4044,53.0,6334.2,0.0,-6281.2
4045,96.0,6381.6,0.0,-6285.6
4046,114.0,6401.6,0.0,-6287.6
4047,91.0,6376.0,0.0,-6285.0
4048,70.0,6350.4,0.0,-6280.4
4049,80.0,6361.4,0.0,-6281.4
4050,270.0,6569.4,0.0,-6299.4
4051,106.0,6395.4,0.0,-6289.4
4052,42.0,6321.0,0.0,-6279.0
4053,42.0,6321.0,0.0,-6279.0
4054,42.0,6322.2,0.0,-6280.2
4055,89.0,6372.0,0.0,-6283.0
4056,134.0,6422.2,0.0,-6288.2
4057,43.0,6323.4,0.0,-6280.4
4058,45.0,6325.6,0.0,-6280.6
4059,98.0,6382.0,0.0,-6284.0
4060,65.0,6344.3,0.0,-6279.3
4061,65.0,6344.3,0.0,-6279.3
4062,113.0,6402.0,0.0,-6289.0
4063,131.0,6422.2,0.0,-6291.2
4064,65.0,6344.3,0.0,-6279.3
4065,65.0,6344.3,0.0,-6279.3
4066,65.0,6344.3,0.0,-6279.3
4067,89.0,6373.0,0.0,-6284.0
4068,51.0,6333.0,0.0,-6282.0
4069,40.0,6318.6,0.0,-6278.6
4070,40.0,6318.6,0.0,-6278.6
4071,43.0,6323.4,0.0,-6280.4
4072,34.0,6312.4,0.0,-6278.4
4073,54.0,6336.6,0.0,-6282.6
4074,259.0,6564.2,0.0,-6305.2
4075,89.0,6369.2,0.0,-6280.2
4076,143.0,6429.2,0.0,-6286.2
4077,50.0,6328.9,0.0,-6278.9
4078,50.0,6328.9,0.0,-6278.9
4079,50.0,6328.9,0.0,-6278.9
4080,41.0,6321.0,0.0,-6280.0
4081,52.0,6334.2,0.0,-6282.2
4082,49.0,6329.0,0.0,-6280.0
4083,49.0,6329.0,0.0,-6280.0
4084,74.0,6356.4,0.0,-6282.4
4085,124.0,6410.4,0.0,-6286.4
4086,124.0,6410.4,0.0,-6286.4
4087,81.0,6367.4,0.0,-6286.4
4088,81.0,6367.4,0.0,-6286.4
4089,38.0,6317.1,0.0,-6279.1
4090,104.0,6390.7,0.0,-6286.7
4091,161.0,6454.3,0.0,-6293.3
4092,172.0,6462.8,0.0,-6290.8
4093,46.0,6327.0,0.0,-6281.0
4094,175.0,6468.5,0.0,-6293.5
4095,267.0,6566.3,0.0,-6299.3
4096,51.0,6333.0,0.0,-6282.0
4097,73.0,6358.4,0.0,-6285.4
4098,81.0,6369.0,0.0,-6288.0
4099,194.0,6493.5,0.0,-6299.5
4100,60.0,6342.4,0.0,-6282.4
4101,60.0,6342.4,0.0,-6282.4
4102,86.0,6370.2,0.0,-6284.2
4103,142.0,6428.0,0.0,-6286.0
4104,88.0,6368.5,0.0,-6280.5
4105,158.0,6446.2,0.0,-6288.2
4106,38.0,6317.4,0.0,-6279.4
4107,233.0,6523.2,0.0,-6290.2
4108,108.0,6394.0,0.0,-6286.0
4109,40.0,6319.8,0.0,-6279.8
4110,46.0,6326.8,0.0,-6280.8
4111,104.0,6391.8,0.0,-6287.8
4112,47.0,6327.9,0.0,-6280.9
4113,99.0,6384.8,0.0,-6285.8
4114,158.0,6451.3,0.0,-6293.3
4115,117.0,6406.4,0.0,-6289.4
4116,58.0,6341.0,0.0,-6283.0
4117,138.0,6426.0,0.0,-6288.0
4118,48.0,6329.4,0.0,-6281.4
4119,46.0,6326.9,0.0,-6280.9
4120,53.0,6334.0,0.0,-6281.0
4121,53.0,6334.0,0.0,-6281.0
4122,95.0,6380.2,0.0,-6285.2
4123,100.0,6384.2,0.0,-6284.2
4124,41.0,6320.6,0.0,-6279.6
4125,273.0,6573.1,0.0,-6300.1
4126,60.0,6343.4,0.0,-6283.4
4127,348.0,6638.6,0.0,-6290.6
4128,251.0,6538.0,0.0,-6287.0
4129,95.0,6374.3,0.0,-6279.3
4130,154.0,6441.5,0.0,-6287.5
4131,82.0,6364.8,0.0,-6282.8
4132,100.0,6386.6,0.0,-6286.6
4133,89.0,6373.5,0.0,-6284.5
4134,228.0,6520.5,0.0,-6292.5
4135,51.0,6333.0,0.0,-6282.0
4136,51.0,6333.0,0.0,-6282.0
4137,108.0,6395.1,0.0,-6287.1
4138,53.0,6333.9,0.0,-6280.9
4139,53.0,6333.9,0.0,-6280.9
4140,126.0,6407.2,0.0,-6281.2
4141,118.0,6405.0,0.0,-6287.0
4142,48.0,6329.4,0.0,-6281.4
4143,97.0,6382.2,0.0,-6285.2
4144,43.0,6323.2,0.0,-6280.2
4145,157.0,6443.1,0.0,-6286.1
4146,44.0,6324.6,0.0,-6280.6
4147,101.0,6387.0,0.0,-6286.0
4148,84.0,6369.2,0.0,-6285.2
4149,95.0,6382.1,0.0,-6287.1
4150,52.0,6333.9,0.0,-6281.9
4151,100.0,6384.8,0.0,-6284.8
4152,54.0,6336.4,0.0,-6282.4
4153,71.0,6357.0,0.0,-6286.0
4154,117.0,6406.0,0.0,-6289.0
4155,50.0,6331.4,0.0,-6281.4
4156,222.0,6520.9,0.0,-6298.9
4157,41.0,6321.0,0.0,-6280.0
4158,92.0,6377.0,0.0,-6285.0
4159,102.0,6385.1,0.0,-6283.1
4160,49.0,6330.4,0.0,-6281.4
4161,96.0,6381.6,0.0,-6285.6
4162,42.0,6322.2,0.0,-6280.2
4163,51.0,6332.8,0.0,-6281.8
4164,70.0,6350.8,0.0,-6280.8
4165,45.0,6325.2,0.0,-6280.2
4166,95.0,6379.0,0.0,-6284.0
4167,177.0,6470.4,0.0,-6293.4
4168,161.0,6450.3,0.0,-6289.3
4169,139.0,6425.4,0.0,-6286.4
4170,43.0,6323.3,0.0,-6280.3
4171,148.0,6443.1,0.0,-6295.1
4172,49.0,6330.6,0.0,-6281.6
4173,87.0,6369.6,0.0,-6282.6
4174,45.0,6325.8,0.0,-6280.8
4175,199.0,6490.7,0.0,-6291.7
4176,66.0,6349.8,0.0,-6283.8
4177,66.0,6349.8,0.0,-6283.8
4178,53.0,6334.2,0.0,-6281.2
4179,53.0,6334.2,0.0,-6281.2
4180,99.0,6386.2,0.0,-6287.2
4181,60.0,6343.5,0.0,-6283.5
4182,99.0,6386.1,0.0,-6287.1
4183,84.0,6365.8,0.0,-6281.8
4184,142.0,6429.7,0.0,-6287.7
4185,46.0,6326.7,0.0,-6280.7
4186,190.0,6478.9,0.0,-6288.9
4187,49.0,6330.2,0.0,-6281.2
4188,42.0,6322.2,0.0,-6280.2
4189,87.0,6370.1,0.0,-6283.1
4190,55.0,6336.8,0.0,-6281.8
4191,210.0,6507.6,0.0,-6297.6
4192,140.0,6425.8,0.0,-6285.8
4193,52.0,6334.2,0.0,-6282.2
4194,36.0,6315.0,0.0,-6279.0
4195,90.0,6375.0,0.0,-6285.0
4196,45.0,6324.6,0.0,-6279.6
4197,45.0,6324.6,0.0,-6279.6
4198,110.0,6397.2,0.0,-6287.2
4199,46.0,6326.3,0.0,-6280.3
4200,87.0,6371.9,0.0,-6284.9
4201,35.0,6313.6,0.0,-6278.6
4202,36.0,6315.0,0.0,-6279.0
4203,43.0,6323.4,0.0,-6280.4
4204,101.0,6385.1,0.0,-6284.1
4205,144.0,6435.3,0.0,-6291.3
4206,114.0,6399.2,0.0,-6285.2
4207,84.0,6367.7,0.0,-6283.7
4208,46.0,6325.8,0.0,-6279.8
4209,46.0,6325.8,0.0,-6279.8
4210,60.0,6343.8,0.0,-6283.8
4211,88.0,6371.4,0.0,-6283.4
4212,341.0,6642.6,0.0,-6301.6
4213,107.0,6392.8,0.0,-6285.8
4214,124.0,6407.9,0.0,-6283.9
4215,36.0,6314.9,0.0,-6278.9
4216,90.0,6374.2,0.0,-6284.2
4217,93.0,6376.9,0.0,-6283.9
4218,137.0,6422.1,0.0,-6285.1
4219,137.0,6422.1,0.0,-6285.1
4220,51.0,6332.7,0.0,-6281.7
4221,42.0,6321.0,0.0,-6279.0
4222,42.0,6321.0,0.0,-6279.0
4223,36.0,6315.0,0.0,-6279.0
4224,43.0,6323.1,0.0,-6280.1
4225,52.0,6334.2,0.0,-6282.2
4226,107.0,6393.4,0.0,-6286.4
4227,93.0,6377.9,0.0,-6284.9
4228,291.0,6594.0,0.0,-6303.0
4229,158.0,6446.4,0.0,-6288.4
4230,49.0,6330.6,0.0,-6281.6
4231,241.0,6536.4,0.0,-6295.4
4232,38.0,6316.2,0.0,-6278.2
4233,38.0,6316.2,0.0,-6278.2
4234,39.0,6318.6,0.0,-6279.6
4235,43.0,6319.4,0.0,-6276.4
4236,43.0,6319.4,0.0,-6276.4
4237,43.0,6319.4,0.0,-6276.4
4238,43.0,6319.4,0.0,-6276.4
4239,127.0,6412.9,0.0,-6285.9
4240,41.0,6321.0,0.0,-6280.0
4241,186.0,6473.7,0.0,-6287.7
4242,162.0,6452.4,0.0,-6290.4
4243,48.0,6328.2,0.0,-6280.2
4244,387.0,6688.5,0.0,-6301.5
4245,48.0,6328.2,0.0,-6280.2
4246,105.0,6393.4,0.0,-6288.4
4247,56.0,6336.6,0.0,-6280.6
4248,56.0,6336.6,0.0,-6280.6
4249,56.0,6336.6,0.0,-6280.6
4250,158.0,6450.6,0.0,-6292.6
4251,309.0,6585.2,0.0,-6276.2
4252,264.0,6541.8,0.0,-6277.8
4253,58.0,6340.9,0.0,-6282.9
4254,105.0,6390.1,0.0,-6285.1
4255,38.0,6317.2,0.0,-6279.2
4256,79.0,6361.9,0.0,-6282.9
4257,52.0,6333.7,0.0,-6281.7
4258,83.0,6366.8,0.0,-6283.8
4259,36.0,6315.0,0.0,-6279.0
4260,59.0,6340.2,0.0,-6281.2
4261,59.0,6340.2,0.0,-6281.2
4262,59.0,6340.2,0.0,-6281.2
4263,36.0,6313.8,0.0,-6277.8
4264,36.0,6313.8,0.0,-6277.8
4265,34.0,6312.6,0.0,-6278.6
4266,69.0,6354.1,0.0,-6285.1
4267,112.0,6401.2,0.0,-6289.2
4268,117.0,6401.9,0.0,-6284.9
4269,105.0,6391.4,0.0,-6286.4
4270,47.0,6328.2,0.0,-6281.2
4271,90.0,6374.6,0.0,-6284.6
4272,43.0,6323.4,0.0,-6280.4
4273,141.0,6435.7,0.0,-6294.7
4274,147.0,6440.3,0.0,-6293.3
4275,128.0,6418.5,0.0,-6290.5
4276,48.0,6328.0,0.0,-6280.0
4277,48.0,6328.0,0.0,-6280.0
4278,148.0,6438.0,0.0,-6290.0
4279,42.0,6322.2,0.0,-6280.2
4280,52.0,6334.2,0.0,-6282.2
4281,152.0,6442.3,0.0,-6290.3
4282,93.0,6375.9,0.0,-6282.9
4283,79.0,6360.5,0.0,-6281.5
4284,44.0,6324.6,0.0,-6280.6
4285,153.0,6443.9,0.0,-6290.9
4286,108.0,6396.3,0.0,-6288.3
4287,106.0,6394.3,0.0,-6288.3
4288,213.0,6509.8,0.0,-6296.8
4289,53.0,6335.1,0.0,-6282.1
4290,112.0,6400.6,0.0,-6288.6
4291,207.0,6503.1,0.0,-6296.1
4292,44.0,6324.6,0.0,-6280.6
4293,145.0,6437.1,0.0,-6292.1
4294,94.0,6380.2,0.0,-6286.2
4295,145.0,6433.7,0.0,-6288.7
4296,40.0,6319.7,0.0,-6279.7
4297,49.0,6330.6,0.0,-6281.6
4298,101.0,6384.7,0.0,-6283.7
4299,96.0,6382.1,0.0,-6286.1
4300,110.0,6399.6,0.0,-6289.6
4301,52.0,6334.2,0.0,-6282.2
4302,44.0,6324.6,0.0,-6280.6
4303,375.0,6674.7,0.0,-6299.7
4304,241.0,6522.9,0.0,-6281.9
4305,157.0,6434.8,0.0,-6277.8
4306,188.0,6464.7,0.0,-6276.7
4307,264.0,6553.8,0.0,-6289.8
4308,265.0,6567.4,0.0,-6302.4
4309,223.0,6511.1,0.0,-6288.1
4310,107.0,6393.0,0.0,-6286.0
4311,55.0,6337.6,0.0,-6282.6
4312,45.0,6325.8,0.0,-6280.8
4313,51.0,6333.0,0.0,-6282.0
4314,103.0,6389.2,0.0,-6286.2
4315,109.0,6393.3,0.0,-6284.3
4316,109.0,6397.9,0.0,-6288.9
4317,36.0,6313.8,0.0,-6277.8
4318,36.0,6313.8,0.0,-6277.8
4319,43.0,6322.0,0.0,-6279.0
4320,43.0,6322.0,0.0,-6279.0
4321,58.0,6341.4,0.0,-6283.4
4322,33.0,6311.4,0.0,-6278.4
4323,43.0,6321.0,0.0,-6278.0
4324,43.0,6321.0,0.0,-6278.0
4325,43.0,6321.0,0.0,-6278.0
4326,76.0,6357.8,0.0,-6281.8
4327,41.0,6320.9,0.0,-6279.9
4328,41.0,6319.8,0.0,-6278.8
4329,41.0,6319.8,0.0,-6278.8
4330,198.0,6490.5,0.0,-6292.5
4331,37.0,6313.8,0.0,-6276.8
4332,37.0,6313.8,0.0,-6276.8
4333,37.0,6313.8,0.0,-6276.8
4334,42.0,6322.2,0.0,-6280.2
4335,90.0,6372.7,0.0,-6282.7
4336,173.0,6468.2,0.0,-6295.2
4337,42.0,6322.2,0.0,-6280.2
4338,31.0,6309.0,0.0,-6278.0
4339,42.0,6319.7,0.0,-6277.7
4340,42.0,6319.7,0.0,-6277.7
4341,42.0,6319.7,0.0,-6277.7
4342,117.0,6401.1,0.0,-6284.1
4343,123.0,6403.8,0.0,-6280.8
4344,62.0,6343.8,0.0,-6281.8
4345,62.0,6343.8,0.0,-6281.8
4346,62.0,6343.8,0.0,-6281.8
4347,41.0,6320.7,0.0,-6279.7
4348,63.0,6347.4,0.0,-6284.4
4349,77.0,6363.9,0.0,-6286.9
4350,32.0,6309.0,0.0,-6277.0
4351,32.0,6309.0,0.0,-6277.0
4352,40.0,6319.8,0.0,-6279.8
4353,58.0,6341.4,0.0,-6283.4
4354,87.0,6369.2,0.0,-6282.2
4355,85.0,6369.6,0.0,-6284.6
4356,341.0,6629.2,0.0,-6288.2
4357,136.0,6421.2,0.0,-6285.2
4358,84.0,6366.6,0.0,-6282.6
4359,56.0,6337.8,0.0,-6281.8
4360,56.0,6337.8,0.0,-6281.8
4361,40.0,6319.8,0.0,-6279.8
4362,114.0,6399.1,0.0,-6285.1
4363,261.0,6553.0,0.0,-6292.0
4364,163.0,6447.7,0.0,-6284.7
4365,127.0,6410.5,0.0,-6283.5
4366,39.0,6318.6,0.0,-6279.6
4367,49.0,6330.4,0.0,-6281.4
4368,41.0,6321.0,0.0,-6280.0
4369,55.0,6334.2,0.0,-6279.2
4370,55.0,6334.2,0.0,-6279.2
4371,55.0,6334.2,0.0,-6279.2
4372,55.0,6334.2,0.0,-6279.2
4373,120.0,6406.3,0.0,-6286.3
4374,139.0,6429.0,0.0,-6290.0
4375,92.0,6376.2,0.0,-6284.2
4376,41.0,6319.7,0.0,-6278.7
4377,85.0,6368.6,0.0,-6283.6
4378,204.0,6489.7,0.0,-6285.7
4379,243.0,6536.2,0.0,-6293.2
4380,96.0,6377.2,0.0,-6281.2
4381,49.0,6330.4,0.0,-6281.4
4382,88.0,6373.0,0.0,-6285.0
4383,102.0,6388.4,0.0,-6286.4
4384,321.0,6619.2,0.0,-6298.2
4385,137.0,6424.0,0.0,-6287.0
4386,155.0,6445.3,0.0,-6290.3
4387,78.0,6361.8,0.0,-6283.8
4388,166.0,6456.1,0.0,-6290.1
4389,44.0,6324.3,0.0,-6280.3
4390,87.0,6371.0,0.0,-6284.0
4391,136.0,6429.9,0.0,-6293.9
4392,148.0,6435.1,0.0,-6287.1
4393,113.0,6397.6,0.0,-6284.6
4394,71.0,6355.4,0.0,-6284.4
4395,71.0,6355.4,0.0,-6284.4
4396,145.0,6436.3,0.0,-6291.3
4397,135.0,6426.9,0.0,-6291.9
4398,112.0,6400.7,0.0,-6288.7
4399,70.0,6355.8,0.0,-6285.8
4400,43.0,6323.4,0.0,-6280.4
4401,104.0,6387.5,0.0,-6283.5
4402,159.0,6448.2,0.0,-6289.2
4403,36.0,6315.0,0.0,-6279.0
4404,30.0,6307.8,0.0,-6277.8
4405,166.0,6460.6,0.0,-6294.6
4406,113.0,6394.4,0.0,-6281.4
4407,115.0,6398.4,0.0,-6283.4
4408,107.0,6395.8,0.0,-6288.8
4409,68.0,6351.9,0.0,-6283.9
4410,215.0,6514.2,0.0,-6299.2
4411,68.0,6351.9,0.0,-6283.9
4412,54.0,6336.3,0.0,-6282.3
4413,57.0,6338.6,0.0,-6281.6
4414,57.0,6338.6,0.0,-6281.6
4415,200.0,6484.2,0.0,-6284.2
4416,200.0,6484.2,0.0,-6284.2
4417,53.0,6334.6,0.0,-6281.6
4418,121.0,6410.1,0.0,-6289.1
4419,48.0,6329.3,0.0,-6281.3
4420,46.0,6327.0,0.0,-6281.0
4421,41.0,6321.0,0.0,-6280.0
4422,53.0,6335.4,0.0,-6282.4
4423,53.0,6334.2,0.0,-6281.2
4424,53.0,6334.2,0.0,-6281.2
4425,74.0,6360.3,0.0,-6286.3
4426,130.0,6421.5,0.0,-6291.5
4427,40.0,6319.6,0.0,-6279.6
4428,85.0,6367.8,0.0,-6282.8
4429,35.0,6313.8,0.0,-6278.8
4430,48.0,6329.4,0.0,-6281.4
4431,44.0,6323.1,0.0,-6279.1
4432,196.0,6489.0,0.0,-6293.0
4433,44.0,6323.1,0.0,-6279.1
4434,52.0,6333.6,0.0,-6281.6
4435,145.0,6432.0,0.0,-6287.0
4436,48.0,6323.5,0.0,-6275.5
4437,48.0,6323.5,0.0,-6275.5
4438,77.0,6364.1,0.0,-6287.1
4439,101.0,6388.9,0.0,-6287.9
4440,148.0,6439.6,0.0,-6291.6
4441,57.0,6339.7,0.0,-6282.7
4442,100.0,6386.3,0.0,-6286.3
4443,54.0,6336.4,0.0,-6282.4
4444,42.0,6319.6,0.0,-6277.6
4445,42.0,6319.6,0.0,-6277.6
4446,42.0,6319.6,0.0,-6277.6
4447,357.0,6655.6,0.0,-6298.6
4448,180.0,6470.5,0.0,-6290.5
4449,41.0,6319.5,0.0,-6278.5
4450,41.0,6319.5,0.0,-6278.5
4451,53.0,6335.2,0.0,-6282.2
4452,94.0,6378.6,0.0,-6284.6
4453,131.0,6416.6,0.0,-6285.6
4454,142.0,6428.8,0.0,-6286.8
4455,51.0,6331.7,0.0,-6280.7
4456,51.0,6331.7,0.0,-6280.7
4457,95.0,6378.7,0.0,-6283.7
4458,50.0,6331.6,0.0,-6281.6
4459,88.0,6370.2,0.0,-6282.2
4460,88.0,6370.2,0.0,-6282.2
4461,119.0,6403.6,0.0,-6284.6
4462,94.0,6379.2,0.0,-6285.2
4463,49.0,6326.8,0.0,-6277.8
4464,49.0,6326.8,0.0,-6277.8
4465,107.0,6394.8,0.0,-6287.8
4466,49.0,6326.8,0.0,-6277.8
4467,49.0,6326.8,0.0,-6277.8
4468,195.0,6487.5,0.0,-6292.5
4469,57.0,6339.0,0.0,-6282.0
4470,57.0,6339.0,0.0,-6282.0
4471,58.0,6339.0,0.0,-6281.0
4472,58.0,6339.0,0.0,-6281.0
4473,58.0,6339.0,0.0,-6281.0
4474,33.0,6311.3,0.0,-6278.3
4475,43.0,6323.0,0.0,-6280.0
4476,86.0,6370.0,0.0,-6284.0
4477,55.0,6336.0,0.0,-6281.0
4478,99.0,6385.4,0.0,-6286.4
4479,55.0,6336.0,0.0,-6281.0
4480,214.0,6490.1,0.0,-6276.1
4481,214.0,6490.1,0.0,-6276.1
4482,258.0,6539.4,0.0,-6281.4
4483,42.0,6322.2,0.0,-6280.2
4484,81.0,6363.5,0.0,-6282.5
4485,348.0,6647.7,0.0,-6299.7
4486,47.0,6328.2,0.0,-6281.2
4487,53.0,6333.0,0.0,-6280.0
4488,53.0,6333.0,0.0,-6280.0
4489,53.0,6333.0,0.0,-6280.0
4490,51.0,6332.8,0.0,-6281.8
4491,91.0,6375.4,0.0,-6284.4
4492,47.0,6327.0,0.0,-6280.0
4493,47.0,6327.0,0.0,-6280.0
4494,121.0,6407.8,0.0,-6286.8
4495,45.0,6325.6,0.0,-6280.6
4496,125.0,6414.7,0.0,-6289.7
4497,259.0,6551.9,0.0,-6292.9
4498,52.0,6333.0,0.0,-6281.0
4499,52.0,6333.0,0.0,-6281.0
4500,118.0,6406.4,0.0,-6288.4
4501,61.0,6343.3,0.0,-6282.3
4502,61.0,6343.3,0.0,-6282.3
4503,45.0,6325.6,0.0,-6280.6
4504,57.0,6339.0,0.0,-6282.0
4505,57.0,6339.0,0.0,-6282.0
4506,153.0,6441.6,0.0,-6288.6
4507,56.0,6337.8,0.0,-6281.8
4508,56.0,6337.8,0.0,-6281.8
4509,149.0,6440.5,0.0,-6291.5
4510,172.0,6462.0,0.0,-6290.0
4511,111.0,6396.8,0.0,-6285.8
4512,92.0,6377.4,0.0,-6285.4
4513,42.0,6322.0,0.0,-6280.0
4514,59.0,6342.6,0.0,-6283.6
4515,42.0,6322.2,0.0,-6280.2
4516,159.0,6448.4,0.0,-6289.4
4517,103.0,6391.0,0.0,-6288.0
4518,37.0,6315.0,0.0,-6278.0
4519,37.0,6315.0,0.0,-6278.0
4520,55.0,6336.4,0.0,-6281.4
4521,55.0,6336.4,0.0,-6281.4
4522,89.0,6370.4,0.0,-6281.4
4523,61.0,6343.8,0.0,-6282.8
4524,61.0,6343.8,0.0,-6282.8
4525,95.0,6378.8,0.0,-6283.8
4526,53.0,6335.4,0.0,-6282.4
4527,164.0,6453.7,0.0,-6289.7
4528,53.0,6335.3,0.0,-6282.3
4529,41.0,6318.6,0.0,-6277.6
4530,41.0,6318.6,0.0,-6277.6
4531,41.0,6318.6,0.0,-6277.6
4532,57.0,6338.4,0.0,-6281.4
4533,57.0,6338.4,0.0,-6281.4
4534,134.0,6426.7,0.0,-6292.7
4535,157.0,6448.0,0.0,-6291.0
4536,113.0,6400.0,0.0,-6287.0
4537,126.0,6417.5,0.0,-6291.5
4538,55.0,6337.8,0.0,-6282.8
4539,46.0,6327.0,0.0,-6281.0
4540,60.0,6340.0,0.0,-6280.0
4541,60.0,6340.0,0.0,-6280.0
4542,60.0,6340.0,0.0,-6280.0
4543,60.0,6340.0,0.0,-6280.0
4544,38.0,6317.4,0.0,-6279.4
4545,53.0,6335.4,0.0,-6282.4
4546,134.0,6417.8,0.0,-6283.8
4547,34.0,6312.1,0.0,-6278.1
4548,45.0,6325.8,0.0,-6280.8
4549,35.0,6313.6,0.0,-6278.6
4550,183.0,6473.0,0.0,-6290.0
4551,86.0,6370.0,0.0,-6284.0
4552,37.0,6316.1,0.0,-6279.1
4553,32.0,6310.2,0.0,-6278.2
4554,35.0,6312.6,0.0,-6277.6
4555,35.0,6312.6,0.0,-6277.6
4556,46.0,6327.0,0.0,-6281.0
4557,107.0,6393.2,0.0,-6286.2
4558,41.0,6321.0,0.0,-6280.0
4559,38.0,6309.0,0.0,-6271.0
4560,38.0,6309.0,0.0,-6271.0
4561,38.0,6309.0,0.0,-6271.0
4562,38.0,6309.0,0.0,-6271.0
4563,38.0,6309.0,0.0,-6271.0
4564,38.0,6309.0,0.0,-6271.0
4565,38.0,6309.0,0.0,-6271.0
4566,38.0,6309.0,0.0,-6271.0
4567,51.0,6333.0,0.0,-6282.0
4568,47.0,6328.0,0.0,-6281.0
4569,52.0,6333.0,0.0,-6281.0
4570,52.0,6333.0,0.0,-6281.0
4571,43.0,6323.4,0.0,-6280.4
4572,102.0,6389.8,0.0,-6287.8
4573,56.0,6338.8,0.0,-6282.8
4574,97.0,6383.2,0.0,-6286.2
4575,93.0,6377.1,0.0,-6284.1
4576,26.0,6302.6,0.0,-6276.6
4577,47.0,6328.2,0.0,-6281.2
4578,147.0,6432.1,0.0,-6285.1
4579,147.0,6432.1,0.0,-6285.1
4580,77.0,6363.4,0.0,-6286.4
4581,192.0,6484.9,0.0,-6292.9
4582,45.0,6325.8,0.0,-6280.8
4583,39.0,6318.6,0.0,-6279.6
4584,91.0,6374.1,0.0,-6283.1
4585,93.0,6375.6,0.0,-6282.6
4586,105.0,6392.6,0.0,-6287.6
4587,52.0,6334.2,0.0,-6282.2
4588,81.0,6364.8,0.0,-6283.8
4589,50.0,6331.8,0.0,-6281.8
4590,114.0,6398.8,0.0,-6284.8
4591,39.0,6318.4,0.0,-6279.4
4592,70.0,6355.5,0.0,-6285.5
4593,54.0,6336.6,0.0,-6282.6
4594,93.0,6377.5,0.0,-6284.5
4595,165.0,6451.4,0.0,-6286.4
4596,97.0,6383.2,0.0,-6286.2
4597,47.0,6328.0,0.0,-6281.0
4598,60.0,6340.2,0.0,-6280.2
4599,60.0,6340.2,0.0,-6280.2
4600,60.0,6340.2,0.0,-6280.2
4601,60.0,6340.2,0.0,-6280.2
4602,136.0,6424.9,0.0,-6288.9
4603,91.0,6375.0,0.0,-6284.0
4604,177.0,6467.7,0.0,-6290.7
4605,50.0,6331.4,0.0,-6281.4
4606,40.0,6319.8,0.0,-6279.8
4607,55.0,6333.9,0.0,-6278.9
4608,100.0,6387.0,0.0,-6287.0
4609,42.0,6322.2,0.0,-6280.2
4610,41.0,6320.8,0.0,-6279.8
4611,56.0,6339.0,0.0,-6283.0
4612,129.0,6418.0,0.0,-6289.0
4613,187.0,6485.4,0.0,-6298.4
4614,125.0,6414.8,0.0,-6289.8
4615,74.0,6359.0,0.0,-6285.0
4616,74.0,6359.0,0.0,-6285.0
4617,90.0,6374.6,0.0,-6284.6
4618,67.0,6346.8,0.0,-6279.8
4619,92.0,6377.0,0.0,-6285.0
4620,235.0,6531.1,0.0,-6296.1
4621,127.0,6410.1,0.0,-6283.1
4622,235.0,6533.1,0.0,-6298.1
4623,171.0,6461.6,0.0,-6290.6
4624,119.0,6408.9,0.0,-6289.9
4625,100.0,6385.8,0.0,-6285.8
4626,144.0,6434.8,0.0,-6290.8
4627,50.0,6331.6,0.0,-6281.6
4628,45.0,6325.7,0.0,-6280.7
4629,158.0,6449.7,0.0,-6291.7
4630,46.0,6326.8,0.0,-6280.8
4631,129.0,6421.0,0.0,-6292.0
4632,90.0,6375.3,0.0,-6285.3
4633,107.0,6393.5,0.0,-6286.5
4634,74.0,6357.9,0.0,-6283.9
4635,96.0,6381.8,0.0,-6285.8
4636,88.0,6371.6,0.0,-6283.6
4637,176.0,6467.6,0.0,-6291.6
4638,170.0,6462.4,0.0,-6292.4
4639,62.0,6344.6,0.0,-6282.6
4640,122.0,6412.3,0.0,-6290.3
4641,62.0,6344.6,0.0,-6282.6
4642,47.0,6328.2,0.0,-6281.2
4643,36.0,6315.0,0.0,-6279.0
4644,96.0,6382.3,0.0,-6286.3
4645,40.0,6318.4,0.0,-6278.4
4646,40.0,6318.4,0.0,-6278.4
4647,172.0,6466.3,0.0,-6294.3
4648,144.0,6433.9,0.0,-6289.9
4649,90.0,6373.6,0.0,-6283.6
4650,34.0,6312.4,0.0,-6278.4
4651,58.0,6341.4,0.0,-6283.4
4652,57.0,6340.2,0.0,-6283.2
4653,37.0,6316.0,0.0,-6279.0
4654,41.0,6321.0,0.0,-6280.0
4655,50.0,6330.4,0.0,-6280.4
4656,50.0,6330.4,0.0,-6280.4
4657,51.0,6333.0,0.0,-6282.0
4658,38.0,6317.4,0.0,-6279.4
4659,86.0,6369.9,0.0,-6283.9
4660,45.0,6325.6,0.0,-6280.6
4661,50.0,6330.5,0.0,-6280.5
4662,50.0,6330.5,0.0,-6280.5
4663,56.0,6339.0,0.0,-6283.0
4664,41.0,6321.0,0.0,-6280.0
4665,95.0,6380.0,0.0,-6285.0
4666,51.0,6332.8,0.0,-6281.8
4667,18.0,6293.2,0.0,-6275.2
4668,162.0,6452.4,0.0,-6290.4
4669,52.0,6334.0,0.0,-6282.0
4670,123.0,6409.2,0.0,-6286.2
4671,45.0,6325.3,0.0,-6280.3
4672,220.0,6514.3,0.0,-6294.3
4673,70.0,6355.8,0.0,-6285.8
4674,197.0,6487.4,0.0,-6290.4
4675,39.0,6318.6,0.0,-6279.6
4676,35.0,6313.8,0.0,-6278.8
4677,197.0,6493.8,0.0,-6296.8
4678,58.0,6340.2,0.0,-6282.2
4679,58.0,6340.2,0.0,-6282.2
4680,108.0,6396.2,0.0,-6288.2
4681,71.0,6352.0,0.0,-6281.0
4682,117.0,6401.0,0.0,-6284.0
4683,43.0,6322.0,0.0,-6279.0
4684,43.0,6322.0,0.0,-6279.0
4685,71.0,6352.7,0.0,-6281.7
4686,42.0,6322.2,0.0,-6280.2
4687,48.0,6329.4,0.0,-6281.4
4688,125.0,6411.1,0.0,-6286.1
4689,103.0,6389.7,0.0,-6286.7
4690,32.0,6310.2,0.0,-6278.2
4691,87.0,6369.5,0.0,-6282.5
4692,87.0,6369.5,0.0,-6282.5
4693,44.0,6324.1,0.0,-6280.1
4694,110.0,6395.6,0.0,-6285.6
4695,38.0,6317.4,0.0,-6279.4
4696,41.0,6321.0,0.0,-6280.0
4697,115.0,6405.6,0.0,-6290.6
4698,62.0,6345.8,0.0,-6283.8
4699,24.0,6300.6,0.0,-6276.6
4700,41.0,6321.0,0.0,-6280.0
4701,48.0,6328.9,0.0,-6280.9
4702,41.0,6321.0,0.0,-6280.0
4703,44.0,6324.6,0.0,-6280.6
4704,204.0,6497.6,0.0,-6293.6
4705,57.0,6338.6,0.0,-6281.6
4706,128.0,6419.8,0.0,-6291.8
4707,57.0,6338.6,0.0,-6281.6
4708,114.0,6403.0,0.0,-6289.0
4709,51.0,6333.0,0.0,-6282.0
4710,38.0,6317.4,0.0,-6279.4
4711,105.0,6393.2,0.0,-6288.2
4712,62.0,6346.0,0.0,-6284.0
4713,54.0,6336.6,0.0,-6282.6
4714,54.0,6336.6,0.0,-6282.6
4715,84.0,6369.2,0.0,-6285.2
4716,41.0,6321.0,0.0,-6280.0
4717,44.0,6324.6,0.0,-6280.6
4718,46.0,6327.0,0.0,-6281.0
4719,34.0,6312.6,0.0,-6278.6
4720,69.0,6354.6,0.0,-6285.6
4721,57.0,6340.2,0.0,-6283.2
4722,86.0,6370.0,0.0,-6284.0
4723,47.0,6328.1,0.0,-6281.1
4724,59.0,6342.4,0.0,-6283.4
4725,60.0,6343.3,0.0,-6283.3
4726,45.0,6325.8,0.0,-6280.8
4727,47.0,6328.1,0.0,-6281.1
4728,43.0,6323.2,0.0,-6280.2
4729,68.0,6352.7,0.0,-6284.7
4730,88.0,6370.8,0.0,-6282.8
4731,141.0,6428.8,0.0,-6287.8
4732,142.0,6430.2,0.0,-6288.2
4733,57.0,6338.8,0.0,-6281.8
4734,57.0,6338.8,0.0,-6281.8
4735,119.0,6409.8,0.0,-6290.8
4736,46.0,6327.0,0.0,-6281.0
4737,47.0,6328.1,0.0,-6281.1
4738,181.0,6477.0,0.0,-6296.0
4739,139.0,6431.2,0.0,-6292.2
4740,40.0,6319.8,0.0,-6279.8
4741,123.0,6407.6,0.0,-6284.6
4742,63.0,6346.2,0.0,-6283.2
4743,63.0,6346.2,0.0,-6283.2
4744,41.0,6320.9,0.0,-6279.9
4745,33.0,6311.2,0.0,-6278.2
4746,49.0,6329.4,0.0,-6280.4
4747,49.0,6329.4,0.0,-6280.4
4748,45.0,6325.8,0.0,-6280.8
4749,176.0,6461.7,0.0,-6285.7
4750,176.0,6461.7,0.0,-6285.7
4751,71.0,6355.6,0.0,-6284.6
4752,71.0,6355.6,0.0,-6284.6
4753,176.0,6461.7,0.0,-6285.7
4754,76.0,6358.6,0.0,-6282.6
4755,96.0,6381.4,0.0,-6285.4
4756,41.0,6321.0,0.0,-6280.0
4757,125.0,6412.8,0.0,-6287.8
4758,137.0,6419.6,0.0,-6282.6
4759,137.0,6419.6,0.0,-6282.6
4760,153.0,6443.3,0.0,-6290.3
4761,105.0,6391.6,0.0,-6286.6
4762,100.0,6385.9,0.0,-6285.9
4763,57.0,6339.0,0.0,-6282.0
4764,39.0,6316.2,0.0,-6277.2
4765,39.0,6316.2,0.0,-6277.2
4766,39.0,6316.2,0.0,-6277.2
4767,36.0,6314.6,0.0,-6278.6
4768,47.0,6326.8,0.0,-6279.8
4769,47.0,6326.8,0.0,-6279.8
4770,30.0,6291.3,0.0,-6261.3
4771,30.0,6291.3,0.0,-6261.3
4772,30.0,6291.3,0.0,-6261.3
4773,30.0,6291.3,0.0,-6261.3
4774,30.0,6291.3,0.0,-6261.3
4775,30.0,6291.3,0.0,-6261.3
4776,67.0,6347.5,0.0,-6280.5
4777,27.0,6304.2,0.0,-6277.2
4778,94.0,6379.0,0.0,-6285.0
4779,69.0,6354.6,0.0,-6285.6
4780,47.0,6327.9,0.0,-6280.9
4781,39.0,6317.4,0.0,-6278.4
4782,39.0,6317.4,0.0,-6278.4
4783,56.0,6338.8,0.0,-6282.8
4784,35.0,6313.8,0.0,-6278.8
4785,52.0,6329.3,0.0,-6277.3
4786,52.0,6329.3,0.0,-6277.3
4787,52.0,6329.3,0.0,-6277.3
4788,52.0,6329.3,0.0,-6277.3
4789,52.0,6329.3,0.0,-6277.3
4790,82.0,6365.5,0.0,-6283.5
4791,131.0,6419.3,0.0,-6288.3
4792,66.0,6350.8,0.0,-6284.8
4793,35.0,6313.8,0.0,-6278.8
4794,44.0,6323.2,0.0,-6279.2
4795,44.0,6323.2,0.0,-6279.2
4796,50.0,6331.8,0.0,-6281.8
4797,40.0,6318.5,0.0,-6278.5
4798,40.0,6318.5,0.0,-6278.5
4799,106.0,6392.7,0.0,-6286.7
4800,348.0,6652.1,0.0,-6304.1
4801,43.0,6323.3,0.0,-6280.3
4802,40.0,6319.7,0.0,-6279.7
4803,84.0,6368.4,0.0,-6284.4
4804,190.0,6481.8,0.0,-6291.8
4805,54.0,6336.0,0.0,-6282.0
4806,34.0,6310.0,0.0,-6276.0
4807,34.0,6310.0,0.0,-6276.0
4808,34.0,6310.0,0.0,-6276.0
4809,40.0,6319.8,0.0,-6279.8
4810,63.0,6346.9,0.0,-6283.9
4811,49.0,6330.6,0.0,-6281.6
4812,38.0,6317.4,0.0,-6279.4
4813,63.0,6342.2,0.0,-6279.2
4814,58.0,6341.4,0.0,-6283.4
4815,46.0,6327.0,0.0,-6281.0
4816,48.0,6327.0,0.0,-6279.0
4817,48.0,6327.0,0.0,-6279.0
4818,48.0,6327.0,0.0,-6279.0
4819,56.0,6338.9,0.0,-6282.9
4820,63.0,6347.2,0.0,-6284.2
4821,195.0,6489.9,0.0,-6294.9
4822,70.0,6355.3,0.0,-6285.3
4823,75.0,6360.6,0.0,-6285.6
4824,75.0,6360.6,0.0,-6285.6
4825,39.0,6318.6,0.0,-6279.6
4826,51.0,6331.8,0.0,-6280.8
4827,51.0,6331.8,0.0,-6280.8
4828,106.0,6390.6,0.0,-6284.6
4829,54.0,6335.4,0.0,-6281.4
4830,54.0,6335.4,0.0,-6281.4
4831,126.0,6411.8,0.0,-6285.8
4832,53.0,6335.2,0.0,-6282.2
4833,188.0,6485.9,0.0,-6297.9
4834,180.0,6477.1,0.0,-6297.1
4835,63.0,6347.4,0.0,-6284.4
4836,224.0,6521.3,0.0,-6297.3
4837,46.0,6326.6,0.0,-6280.6
4838,45.0,6325.7,0.0,-6280.7
4839,63.0,6347.4,0.0,-6284.4
4840,49.0,6330.5,0.0,-6281.5
4841,120.0,6398.0,0.0,-6278.0
4842,120.0,6398.0,0.0,-6278.0
4843,120.0,6398.0,0.0,-6278.0
4844,120.0,6398.0,0.0,-6278.0
4845,47.0,6328.1,0.0,-6281.1
4846,48.0,6329.4,0.0,-6281.4
4847,72.0,6358.2,0.0,-6286.2
4848,173.0,6466.4,0.0,-6293.4
4849,101.0,6385.5,0.0,-6284.5
4850,86.0,6370.6,0.0,-6284.6
4851,98.0,6382.8,0.0,-6284.8
4852,50.0,6331.7,0.0,-6281.7
4853,137.0,6426.7,0.0,-6289.7
4854,39.0,6318.6,0.0,-6279.6
4855,50.0,6331.6,0.0,-6281.6
4856,85.0,6367.2,0.0,-6282.2
4857,48.0,6329.4,0.0,-6281.4
4858,86.0,6369.6,0.0,-6283.6
4859,95.0,6380.0,0.0,-6285.0
4860,49.0,6330.6,0.0,-6281.6
4861,41.0,6321.0,0.0,-6280.0
4862,46.0,6325.6,0.0,-6279.6
4863,46.0,6325.6,0.0,-6279.6
4864,43.0,6323.4,0.0,-6280.4
4865,52.0,6334.1,0.0,-6282.1
4866,45.0,6325.6,0.0,-6280.6
4867,68.0,6353.3,0.0,-6285.3
4868,191.0,6488.5,0.0,-6297.5
4869,58.0,6339.0,0.0,-6281.0
4870,58.0,6339.0,0.0,-6281.0
4871,58.0,6339.0,0.0,-6281.0
4872,147.0,6432.8,0.0,-6285.8
4873,147.0,6432.8,0.0,-6285.8
4874,83.0,6370.8,0.0,-6287.8
4875,375.0,6678.2,0.0,-6303.2
4876,38.0,6317.2,0.0,-6279.2
4877,55.0,6334.9,0.0,-6279.9
4878,55.0,6334.9,0.0,-6279.9
4879,55.0,6334.9,0.0,-6279.9
4880,46.0,6324.4,0.0,-6278.4
4881,46.0,6324.4,0.0,-6278.4
4882,46.0,6324.4,0.0,-6278.4
4883,45.0,6325.5,0.0,-6280.5
4884,57.0,6340.1,0.0,-6283.1
4885,124.0,6412.3,0.0,-6288.3
4886,53.0,6334.2,0.0,-6281.2
4887,86.0,6367.6,0.0,-6281.6
4888,86.0,6367.6,0.0,-6281.6
4889,42.0,6322.2,0.0,-6280.2
4890,121.0,6412.6,0.0,-6291.6
4891,49.0,6330.6,0.0,-6281.6
4892,62.0,6346.2,0.0,-6284.2
4893,52.0,6334.2,0.0,-6282.2
4894,42.0,6321.0,0.0,-6279.0
4895,42.0,6321.0,0.0,-6279.0
4896,46.0,6327.0,0.0,-6281.0
4897,43.0,6323.4,0.0,-6280.4
4898,59.0,6341.2,0.0,-6282.2
4899,59.0,6341.2,0.0,-6282.2
4900,97.0,6382.8,0.0,-6285.8
4901,99.0,6384.2,0.0,-6285.2
4902,50.0,6331.8,0.0,-6281.8
4903,46.0,6325.8,0.0,-6279.8
4904,46.0,6325.8,0.0,-6279.8
4905,93.0,6378.0,0.0,-6285.0
4906,43.0,6323.4,0.0,-6280.4
4907,56.0,6339.0,0.0,-6283.0
4908,38.0,6316.2,0.0,-6278.2
4909,38.0,6316.2,0.0,-6278.2
4910,56.0,6338.8,0.0,-6282.8
4911,58.0,6339.8,0.0,-6281.8
4912,38.0,6317.4,0.0,-6279.4
4913,96.0,6375.3,0.0,-6279.3
4914,96.0,6375.3,0.0,-6279.3
4915,165.0,6453.4,0.0,-6288.4
4916,139.0,6430.0,0.0,-6291.0
4917,60.0,6343.4,0.0,-6283.4
4918,38.0,6317.4,0.0,-6279.4
4919,38.0,6317.4,0.0,-6279.4
4920,48.0,6329.4,0.0,-6281.4
4921,106.0,6392.5,0.0,-6286.5
4922,58.0,6341.0,0.0,-6283.0
4923,45.0,6325.8,0.0,-6280.8
4924,53.0,6335.2,0.0,-6282.2
4925,37.0,6316.2,0.0,-6279.2
4926,48.0,6328.6,0.0,-6280.6
4927,50.0,6331.7,0.0,-6281.7
4928,44.0,6324.6,0.0,-6280.6
4929,56.0,6338.7,0.0,-6282.7
4930,44.0,6323.4,0.0,-6279.4
4931,44.0,6323.4,0.0,-6279.4
4932,39.0,6317.2,0.0,-6278.2
4933,39.0,6317.2,0.0,-6278.2
4934,41.0,6320.8,0.0,-6279.8
4935,150.0,6434.3,0.0,-6284.3
4936,57.0,6339.0,0.0,-6282.0
4937,57.0,6339.0,0.0,-6282.0
4938,45.0,6325.8,0.0,-6280.8
4939,47.0,6327.8,0.0,-6280.8
4940,127.0,6405.9,0.0,-6278.9
4941,127.0,6405.9,0.0,-6278.9
4942,127.0,6405.9,0.0,-6278.9
4943,42.0,6321.8,0.0,-6279.8
4944,88.0,6372.4,0.0,-6284.4
4945,56.0,6338.8,0.0,-6282.8
4946,104.0,6391.4,0.0,-6287.4
4947,54.0,6336.5,0.0,-6282.5
4948,47.0,6328.2,0.0,-6281.2
4949,60.0,6343.8,0.0,-6283.8
4950,44.0,6324.6,0.0,-6280.6
4951,40.0,6319.8,0.0,-6279.8
4952,54.0,6336.5,0.0,-6282.5
4953,48.0,6329.4,0.0,-6281.4
4954,75.0,6356.8,0.0,-6281.8
4955,60.0,6343.6,0.0,-6283.6
4956,111.0,6398.0,0.0,-6287.0
4957,28.0,6305.0,0.0,-6277.0
4958,99.0,6378.4,0.0,-6279.4
4959,99.0,6378.4,0.0,-6279.4
4960,36.0,6315.0,0.0,-6279.0
4961,94.0,6377.6,0.0,-6283.6
4962,45.0,6325.8,0.0,-6280.8
4963,47.0,6328.1,0.0,-6281.1
4964,50.0,6331.8,0.0,-6281.8
4965,108.0,6396.6,0.0,-6288.6
4966,69.0,6354.4,0.0,-6285.4
4967,50.0,6331.8,0.0,-6281.8
4968,150.0,6435.6,0.0,-6285.6
4969,126.0,6412.8,0.0,-6286.8
4970,52.0,6333.6,0.0,-6281.6
4971,100.0,6386.4,0.0,-6286.4
4972,97.0,6378.3,0.0,-6281.3
4973,97.0,6378.3,0.0,-6281.3
4974,47.0,6327.9,0.0,-6280.9
4975,52.0,6334.2,0.0,-6282.2
4976,50.0,6331.8,0.0,-6281.8
4977,60.0,6336.8,0.0,-6276.8
4978,60.0,6336.8,0.0,-6276.8
4979,60.0,6336.8,0.0,-6276.8
4980,60.0,6336.8,0.0,-6276.8
4981,105.0,6387.1,0.0,-6282.1
4982,60.0,6336.8,0.0,-6276.8
4983,105.0,6387.1,0.0,-6282.1
4984,60.0,6336.8,0.0,-6276.8
4985,50.0,6329.9,0.0,-6279.9
4986,50.0,6329.9,0.0,-6279.9
4987,31.0,6309.0,0.0,-6278.0
4988,45.0,6325.6,0.0,-6280.6
4989,40.0,6319.8,0.0,-6279.8
4990,47.0,6328.2,0.0,-6281.2
4991,46.0,6325.3,0.0,-6279.3
4992,46.0,6325.3,0.0,-6279.3
4993,49.0,6330.6,0.0,-6281.6
4994,42.0,6322.2,0.0,-6280.2
4995,44.0,6324.6,0.0,-6280.6
4996,63.0,6347.4,0.0,-6284.4
4997,38.0,6317.0,0.0,-6279.0
4998,134.0,6426.4,0.0,-6292.4
4999,62.0,6344.6,0.0,-6282.6
5000,62.0,6344.6,0.0,-6282.6
5001,46.0,6326.8,0.0,-6280.8
5002,48.0,6329.4,0.0,-6281.4
5003,54.0,6336.4,0.0,-6282.4
5004,86.0,6369.6,0.0,-6283.6
5005,57.0,6340.2,0.0,-6283.2
5006,110.0,6391.0,0.0,-6281.0
5007,110.0,6391.0,0.0,-6281.0
5008,110.0,6391.0,0.0,-6281.0
5009,110.0,6391.0,0.0,-6281.0
5010,33.0,6311.4,0.0,-6278.4
5011,52.0,6334.0,0.0,-6282.0
5012,52.0,6334.2,0.0,-6282.2
5013,49.0,6329.4,0.0,-6280.4
5014,49.0,6329.4,0.0,-6280.4
5015,47.0,6326.7,0.0,-6279.7
5016,47.0,6326.7,0.0,-6279.7
5017,34.0,6312.6,0.0,-6278.6
5018,43.0,6323.2,0.0,-6280.2
5019,59.0,6342.4,0.0,-6283.4
5020,64.0,6346.5,0.0,-6282.5
5021,64.0,6346.5,0.0,-6282.5
5022,39.0,6318.6,0.0,-6279.6
5023,34.0,6312.6,0.0,-6278.6
5024,48.0,6326.9,0.0,-6278.9
5025,48.0,6326.9,0.0,-6278.9
5026,48.0,6326.9,0.0,-6278.9
5027,59.0,6342.4,0.0,-6283.4
5028,42.0,6322.2,0.0,-6280.2
5029,46.0,6326.9,0.0,-6280.9
5030,36.0,6314.8,0.0,-6278.8
5031,47.0,6326.8,0.0,-6279.8
5032,47.0,6326.8,0.0,-6279.8
5033,71.0,6357.0,0.0,-6286.0
5034,48.0,6329.4,0.0,-6281.4
5035,44.0,6323.4,0.0,-6279.4
5036,44.0,6323.4,0.0,-6279.4
5037,56.0,6338.8,0.0,-6282.8
5038,100.0,6384.9,0.0,-6284.9
5039,58.0,6341.0,0.0,-6283.0
5040,115.0,6405.0,0.0,-6290.0
5041,49.0,6329.4,0.0,-6280.4
5042,49.0,6329.4,0.0,-6280.4
5043,47.0,6326.9,0.0,-6279.9
5044,47.0,6326.9,0.0,-6279.9
5045,36.0,6315.0,0.0,-6279.0
5046,132.0,6424.4,0.0,-6292.4
5047,30.0,6307.7,0.0,-6277.7
5048,60.0,6343.8,0.0,-6283.8
5049,45.0,6324.3,0.0,-6279.3
5050,45.0,6324.3,0.0,-6279.3
5051,83.0,6370.9,0.0,-6287.9
5052,54.0,6336.4,0.0,-6282.4
5053,39.0,6317.2,0.0,-6278.2
5054,39.0,6317.2,0.0,-6278.2
5055,43.0,6323.4,0.0,-6280.4
5056,59.0,6342.5,0.0,-6283.5
5057,65.0,6347.4,0.0,-6282.4
5058,65.0,6347.4,0.0,-6282.4
5059,65.0,6347.4,0.0,-6282.4
5060,97.0,6377.1,0.0,-6280.1
5061,37.0,6316.2,0.0,-6279.2
5062,57.0,6339.8,0.0,-6282.8
5063,123.0,6412.4,0.0,-6289.4
5064,60.0,6343.8,0.0,-6283.8
5065,58.0,6340.0,0.0,-6282.0
5066,58.0,6340.0,0.0,-6282.0
5067,48.0,6329.4,0.0,-6281.4
5068,58.0,6337.5,0.0,-6279.5
5069,58.0,6337.5,0.0,-6279.5
5070,58.0,6337.5,0.0,-6279.5
5071,58.0,6337.5,0.0,-6279.5
5072,46.0,6327.0,0.0,-6281.0
5073,47.0,6327.0,0.0,-6280.0
5074,47.0,6327.0,0.0,-6280.0
5075,44.0,6321.7,0.0,-6277.7
5076,44.0,6321.7,0.0,-6277.7
5077,44.0,6321.7,0.0,-6277.7
5078,96.0,6380.4,0.0,-6284.4
5079,112.0,6400.0,0.0,-6288.0
5080,47.0,6327.0,0.0,-6280.0
5081,47.0,6327.0,0.0,-6280.0
5082,39.0,6318.6,0.0,-6279.6
5083,50.0,6330.7,0.0,-6280.7
5084,42.0,6322.0,0.0,-6280.0
5085,53.0,6335.4,0.0,-6282.4
5086,74.0,6359.2,0.0,-6285.2
5087,74.0,6359.2,0.0,-6285.2
5088,45.0,6325.8,0.0,-6280.8
5089,47.0,6327.8,0.0,-6280.8
5090,48.0,6329.4,0.0,-6281.4
5091,109.0,6396.7,0.0,-6287.7
5092,106.0,6391.4,0.0,-6285.4
5093,45.0,6325.8,0.0,-6280.8
5094,43.0,6323.4,0.0,-6280.4
5095,105.0,6392.0,0.0,-6287.0
5096,46.0,6326.7,0.0,-6280.7
5097,43.0,6323.4,0.0,-6280.4
5098,72.0,6358.1,0.0,-6286.1
5099,49.0,6330.6,0.0,-6281.6
5100,154.0,6440.6,0.0,-6286.6
5101,91.0,6370.2,0.0,-6279.2
5102,91.0,6370.2,0.0,-6279.2
5103,54.0,6336.5,0.0,-6282.5
5104,75.0,6357.6,0.0,-6282.6
5105,44.0,6324.6,0.0,-6280.6
5106,69.0,6354.0,0.0,-6285.0
5107,143.0,6436.8,0.0,-6293.8
5108,116.0,6404.3,0.0,-6288.3
5109,51.0,6332.8,0.0,-6281.8
5110,50.0,6330.2,0.0,-6280.2
5111,50.0,6330.2,0.0,-6280.2
5112,48.0,6329.4,0.0,-6281.4
5113,37.0,6316.2,0.0,-6279.2
5114,86.0,6368.2,0.0,-6282.2
5115,63.0,6347.4,0.0,-6284.4
5116,127.0,6419.2,0.0,-6292.2
5117,53.0,6334.8,0.0,-6281.8
5118,58.0,6341.4,0.0,-6283.4
5119,50.0,6331.3,0.0,-6281.3
5120,109.0,6396.1,0.0,-6287.1
5121,64.0,6347.1,0.0,-6283.1
5122,42.0,6322.2,0.0,-6280.2
5123,52.0,6332.6,0.0,-6280.6
5124,52.0,6332.6,0.0,-6280.6
5125,54.0,6335.3,0.0,-6281.3
5126,54.0,6335.3,0.0,-6281.3
5127,41.0,6320.9,0.0,-6279.9
5128,58.0,6340.2,0.0,-6282.2
5129,58.0,6340.2,0.0,-6282.2
5130,90.0,6372.8,0.0,-6282.8
5131,26.0,6302.8,0.0,-6276.8
5132,99.0,6384.6,0.0,-6285.6
5133,51.0,6331.7,0.0,-6280.7
5134,51.0,6331.7,0.0,-6280.7
5135,42.0,6322.2,0.0,-6280.2
5136,44.0,6324.2,0.0,-6280.2
5137,83.0,6366.2,0.0,-6283.2
5138,38.0,6317.4,0.0,-6279.4
5139,44.0,6324.4,0.0,-6280.4
5140,90.0,6372.9,0.0,-6282.9
5141,103.0,6389.4,0.0,-6286.4
5142,60.0,6342.4,0.0,-6282.4
5143,60.0,6342.4,0.0,-6282.4
5144,45.0,6320.4,0.0,-6275.4
5145,45.0,6320.4,0.0,-6275.4
5146,45.0,6320.4,0.0,-6275.4
5147,45.0,6320.4,0.0,-6275.4
5148,45.0,6320.4,0.0,-6275.4
5149,95.0,6380.5,0.0,-6285.5
5150,107.0,6393.0,0.0,-6286.0
5151,57.0,6339.8,0.0,-6282.8
5152,80.0,6363.4,0.0,-6283.4
5153,54.0,6336.6,0.0,-6282.6
5154,88.0,6372.1,0.0,-6284.1
5155,76.0,6362.6,0.0,-6286.6
5156,44.0,6322.2,0.0,-6278.2
5157,44.0,6322.2,0.0,-6278.2
5158,44.0,6322.2,0.0,-6278.2
5159,93.0,6374.6,0.0,-6281.6
5160,47.0,6328.2,0.0,-6281.2
5161,82.0,6363.2,0.0,-6281.2
5162,40.0,6318.3,0.0,-6278.3
5163,40.0,6318.3,0.0,-6278.3
5164,45.0,6325.8,0.0,-6280.8
5165,45.0,6325.8,0.0,-6280.8
5166,53.0,6335.4,0.0,-6282.4
5167,33.0,6311.4,0.0,-6278.4
5168,43.0,6322.0,0.0,-6279.0
5169,43.0,6322.0,0.0,-6279.0
5170,37.0,6316.2,0.0,-6279.2
5171,50.0,6331.8,0.0,-6281.8
5172,105.0,6393.4,0.0,-6288.4
5173,47.0,6328.2,0.0,-6281.2
5174,36.0,6315.0,0.0,-6279.0
5175,57.0,6339.9,0.0,-6282.9
5176,53.0,6335.4,0.0,-6282.4
5177,46.0,6327.0,0.0,-6281.0
5178,36.0,6315.0,0.0,-6279.0
5179,91.0,6370.6,0.0,-6279.6
5180,91.0,6370.6,0.0,-6279.6
5181,91.0,6370.6,0.0,-6279.6
5182,49.0,6328.6,0.0,-6279.6
5183,49.0,6328.6,0.0,-6279.6
5184,54.0,6336.6,0.0,-6282.6
5185,45.0,6325.6,0.0,-6280.6
5186,84.0,6367.7,0.0,-6283.7
5187,42.0,6322.2,0.0,-6280.2
5188,42.0,6322.2,0.0,-6280.2
5189,53.0,6333.8,0.0,-6280.8
5190,53.0,6333.8,0.0,-6280.8
5191,51.0,6332.6,0.0,-6281.6
5192,88.0,6372.7,0.0,-6284.7
5193,53.0,6333.7,0.0,-6280.7
5194,41.0,6321.0,0.0,-6280.0
5195,42.0,6322.2,0.0,-6280.2
5196,63.0,6347.4,0.0,-6284.4
5197,55.0,6337.5,0.0,-6282.5
5198,57.0,6339.8,0.0,-6282.8
5199,112.0,6400.4,0.0,-6288.4
5200,50.0,6331.6,0.0,-6281.6
5201,66.0,6349.2,0.0,-6283.2
5202,66.0,6349.2,0.0,-6283.2
5203,92.0,6375.8,0.0,-6283.8
5204,58.0,6341.3,0.0,-6283.3
5205,42.0,6322.2,0.0,-6280.2
5206,43.0,6323.3,0.0,-6280.3
5207,121.0,6411.7,0.0,-6290.7
5208,56.0,6337.5,0.0,-6281.5
5209,56.0,6337.5,0.0,-6281.5
5210,36.0,6315.0,0.0,-6279.0
5211,60.0,6343.4,0.0,-6283.4
5212,66.0,6351.0,0.0,-6285.0
5213,70.0,6355.6,0.0,-6285.6
5214,50.0,6331.1,0.0,-6281.1
5215,56.0,6338.8,0.0,-6282.8
5216,30.0,6307.8,0.0,-6277.8
5217,51.0,6332.6,0.0,-6281.6
5218,46.0,6326.7,0.0,-6280.7
5219,45.0,6325.8,0.0,-6280.8
5220,37.0,6316.2,0.0,-6279.2
5221,55.0,6337.6,0.0,-6282.6
5222,47.0,6328.2,0.0,-6281.2
5223,60.0,6342.6,0.0,-6282.6
5224,60.0,6342.6,0.0,-6282.6
5225,48.0,6329.2,0.0,-6281.2
5226,116.0,6404.0,0.0,-6288.0
5227,28.0,6305.0,0.0,-6277.0
5228,69.0,6346.4,0.0,-6277.4
5229,69.0,6346.4,0.0,-6277.4
5230,55.0,6337.6,0.0,-6282.6
5231,43.0,6323.4,0.0,-6280.4
5232,53.0,6335.3,0.0,-6282.3
5233,45.0,6325.8,0.0,-6280.8
5234,40.0,6319.8,0.0,-6279.8
5235,33.0,6311.4,0.0,-6278.4
5236,51.0,6332.8,0.0,-6281.8
5237,48.0,6327.8,0.0,-6279.8
5238,108.0,6394.7,0.0,-6286.7
5239,48.0,6327.8,0.0,-6279.8
5240,48.0,6329.4,0.0,-6281.4
5241,53.0,6333.0,0.0,-6280.0
5242,53.0,6333.0,0.0,-6280.0
5243,53.0,6333.0,0.0,-6280.0
5244,43.0,6323.4,0.0,-6280.4
5245,39.0,6318.6,0.0,-6279.6
5246,45.0,6325.5,0.0,-6280.5
5247,81.0,6368.7,0.0,-6287.7
5248,52.0,6334.2,0.0,-6282.2
5249,50.0,6330.6,0.0,-6280.6
5250,50.0,6330.6,0.0,-6280.6
5251,40.0,6319.8,0.0,-6279.8
5252,46.0,6327.0,0.0,-6281.0
5253,45.0,6325.8,0.0,-6280.8
5254,60.0,6343.7,0.0,-6283.7
5255,48.0,6328.0,0.0,-6280.0
5256,48.0,6328.0,0.0,-6280.0
5257,42.0,6320.0,0.0,-6278.0
5258,42.0,6320.0,0.0,-6278.0
5259,38.0,6317.0,0.0,-6279.0
5260,53.0,6335.0,0.0,-6282.0
5261,70.0,6354.4,0.0,-6284.4
5262,114.0,6403.6,0.0,-6289.6
5263,70.0,6354.4,0.0,-6284.4
5264,81.0,6367.6,0.0,-6286.6
5265,81.0,6367.6,0.0,-6286.6
5266,40.0,6319.8,0.0,-6279.8
5267,75.0,6361.6,0.0,-6286.6
5268,62.0,6346.2,0.0,-6284.2
5269,33.0,6311.2,0.0,-6278.2
5270,53.0,6335.4,0.0,-6282.4
5271,54.0,6334.0,0.0,-6280.0
5272,54.0,6334.0,0.0,-6280.0
5273,54.0,6334.0,0.0,-6280.0
5274,53.0,6332.9,0.0,-6279.9
5275,53.0,6332.9,0.0,-6279.9
5276,53.0,6332.9,0.0,-6279.9
5277,41.0,6321.0,0.0,-6280.0
5278,39.0,6318.4,0.0,-6279.4
5279,110.0,6396.0,0.0,-6286.0
5280,61.0,6345.0,0.0,-6284.0
5281,47.0,6328.2,0.0,-6281.2
5282,40.0,6319.5,0.0,-6279.5
5283,43.0,6322.2,0.0,-6279.2
5284,43.0,6322.2,0.0,-6279.2
5285,59.0,6342.6,0.0,-6283.6
5286,56.0,6338.8,0.0,-6282.8
5287,59.0,6340.2,0.0,-6281.2
5288,59.0,6340.2,0.0,-6281.2
5289,59.0,6340.2,0.0,-6281.2
5290,60.0,6343.8,0.0,-6283.8
5291,45.0,6325.8,0.0,-6280.8
5292,52.0,6334.2,0.0,-6282.2
5293,21.0,6297.0,0.0,-6276.0
5294,55.0,6337.8,0.0,-6282.8
5295,41.0,6318.9,0.0,-6277.9
5296,41.0,6318.9,0.0,-6277.9
5297,53.0,6335.4,0.0,-6282.4
5298,63.0,6347.3,0.0,-6284.3
5299,60.0,6343.7,0.0,-6283.7
5300,41.0,6321.0,0.0,-6280.0
5301,37.0,6316.2,0.0,-6279.2
5302,53.0,6335.2,0.0,-6282.2
5303,85.0,6368.8,0.0,-6283.8
5304,44.0,6324.5,0.0,-6280.5
5305,53.0,6335.4,0.0,-6282.4
5306,37.0,6316.2,0.0,-6279.2
5307,47.0,6328.2,0.0,-6281.2
5308,46.0,6327.0,0.0,-6281.0
5309,40.0,6319.6,0.0,-6279.6
5310,46.0,6323.4,0.0,-6277.4
5311,46.0,6323.4,0.0,-6277.4
5312,46.0,6323.4,0.0,-6277.4
5313,46.0,6323.4,0.0,-6277.4
5314,39.0,6318.5,0.0,-6279.5
5315,50.0,6331.8,0.0,-6281.8
5316,52.0,6334.2,0.0,-6282.2
5317,51.0,6331.5,0.0,-6280.5
5318,51.0,6331.5,0.0,-6280.5
5319,32.0,6310.2,0.0,-6278.2
5320,50.0,6330.6,0.0,-6280.6
5321,50.0,6330.6,0.0,-6280.6
5322,37.0,6316.1,0.0,-6279.1
5323,48.0,6328.2,0.0,-6280.2
5324,48.0,6328.2,0.0,-6280.2
5325,40.0,6319.8,0.0,-6279.8
5326,40.0,6319.4,0.0,-6279.4
5327,51.0,6333.0,0.0,-6282.0
5328,42.0,6322.1,0.0,-6280.1
5329,65.0,6348.4,0.0,-6283.4
5330,65.0,6348.4,0.0,-6283.4
5331,43.0,6323.4,0.0,-6280.4
5332,44.0,6324.6,0.0,-6280.6
5333,62.0,6346.2,0.0,-6284.2
5334,41.0,6320.8,0.0,-6279.8
5335,40.0,6318.6,0.0,-6278.6
5336,40.0,6318.6,0.0,-6278.6
5337,46.0,6327.0,0.0,-6281.0
5338,80.0,6365.3,0.0,-6285.3
5339,80.0,6365.3,0.0,-6285.3
5340,52.0,6334.2,0.0,-6282.2
5341,47.0,6328.2,0.0,-6281.2
5342,43.0,6322.2,0.0,-6279.2
5343,43.0,6322.2,0.0,-6279.2
5344,38.0,6316.9,0.0,-6278.9
5345,58.0,6341.3,0.0,-6283.3
5346,80.0,6367.8,0.0,-6287.8
5347,54.0,6336.6,0.0,-6282.6
5348,40.0,6319.8,0.0,-6279.8
5349,42.0,6322.2,0.0,-6280.2
5350,41.0,6321.0,0.0,-6280.0
5351,42.0,6321.0,0.0,-6279.0
5352,42.0,6321.0,0.0,-6279.0
5353,36.0,6315.0,0.0,-6279.0
5354,56.0,6339.0,0.0,-6283.0
5355,55.0,6337.3,0.0,-6282.3
5356,43.0,6323.4,0.0,-6280.4
5357,39.0,6318.6,0.0,-6279.6
5358,38.0,6317.4,0.0,-6279.4
5359,66.0,6350.8,0.0,-6284.8
5360,36.0,6314.7,0.0,-6278.7
5361,43.0,6323.4,0.0,-6280.4
5362,53.0,6335.4,0.0,-6282.4
5363,35.0,6313.8,0.0,-6278.8
5364,41.0,6321.0,0.0,-6280.0
5365,54.0,6335.4,0.0,-6281.4
5366,54.0,6335.4,0.0,-6281.4
5367,45.0,6325.7,0.0,-6280.7
5368,47.0,6328.0,0.0,-6281.0
5369,74.0,6360.0,0.0,-6286.0
5370,50.0,6331.8,0.0,-6281.8
5371,56.0,6339.0,0.0,-6283.0
5372,46.0,6327.0,0.0,-6281.0
5373,48.0,6329.4,0.0,-6281.4
5374,57.0,6340.2,0.0,-6283.2
5375,52.0,6334.0,0.0,-6282.0
5376,35.0,6313.8,0.0,-6278.8
5377,40.0,6319.8,0.0,-6279.8
5378,35.0,6313.6,0.0,-6278.6
5379,67.0,6352.2,0.0,-6285.2
5380,28.0,6305.4,0.0,-6277.4
5381,103.0,6391.4,0.0,-6288.4
5382,58.0,6340.4,0.0,-6282.4
5383,66.0,6348.9,0.0,-6282.9
5384,66.0,6348.9,0.0,-6282.9
5385,35.0,6313.6,0.0,-6278.6
5386,44.0,6324.4,0.0,-6280.4
5387,45.0,6325.8,0.0,-6280.8
5388,41.0,6321.0,0.0,-6280.0
5389,55.0,6335.9,0.0,-6280.9
5390,55.0,6335.9,0.0,-6280.9
5391,45.0,6322.0,0.0,-6277.0
5392,45.0,6322.0,0.0,-6277.0
5393,45.0,6322.0,0.0,-6277.0
5394,45.0,6322.0,0.0,-6277.0
5395,31.0,6307.8,0.0,-6276.8
5396,31.0,6307.8,0.0,-6276.8
5397,44.0,6323.4,0.0,-6279.4
5398,44.0,6323.4,0.0,-6279.4
5399,41.0,6321.0,0.0,-6280.0
5400,61.0,6345.0,0.0,-6284.0
5401,51.0,6330.2,0.0,-6279.2
5402,51.0,6330.2,0.0,-6279.2
5403,51.0,6330.2,0.0,-6279.2
5404,36.0,6314.8,0.0,-6278.8
5405,47.0,6328.2,0.0,-6281.2
5406,42.0,6322.2,0.0,-6280.2
5407,44.0,6324.6,0.0,-6280.6
5408,68.0,6353.4,0.0,-6285.4
5409,47.0,6325.8,0.0,-6278.8
5410,47.0,6325.8,0.0,-6278.8
5411,47.0,6325.8,0.0,-6278.8
5412,62.0,6345.0,0.0,-6283.0
5413,69.0,6347.8,0.0,-6278.8
5414,56.0,6339.0,0.0,-6283.0
5415,51.0,6333.0,0.0,-6282.0
5416,50.0,6331.6,0.0,-6281.6
5417,66.0,6350.6,0.0,-6284.6
5418,33.0,6311.4,0.0,-6278.4
5419,67.0,6345.8,0.0,-6278.8
5420,67.0,6345.8,0.0,-6278.8
5421,67.0,6345.8,0.0,-6278.8
5422,67.0,6345.8,0.0,-6278.8
5423,67.0,6345.8,0.0,-6278.8
5424,38.0,6315.6,0.0,-6277.6
5425,38.0,6315.6,0.0,-6277.6
5426,45.0,6325.0,0.0,-6280.0
5427,47.0,6327.7,0.0,-6280.7
5428,60.0,6342.5,0.0,-6282.5
5429,60.0,6342.5,0.0,-6282.5
5430,43.0,6323.4,0.0,-6280.4
5431,39.0,6318.6,0.0,-6279.6
5432,43.0,6323.4,0.0,-6280.4
5433,32.0,6310.2,0.0,-6278.2
5434,41.0,6320.7,0.0,-6279.7
5435,54.0,6336.6,0.0,-6282.6
5436,55.0,6336.6,0.0,-6281.6
5437,55.0,6336.6,0.0,-6281.6
5438,53.0,6335.4,0.0,-6282.4
5439,49.0,6330.5,0.0,-6281.5
5440,69.0,6354.6,0.0,-6285.6
